Unity Editor version:    2022.3.53f1c1 (f16e16b78e06)
Branch:                  2022.3/china_unity/release
Build type:              Release
Batch mode:              YES
macOS version:           Version 15.1 (Build 24B83)
Darwin version:          24.1.0
Architecture:            arm64
Running under Rosetta:   NO
Available memory:        8192 MB
Using pre-set license
Pro License: YES

COMMAND LINE ARGUMENTS:
/Applications/Unity/Hub/Editor/2022.3.53f1c1/Unity.app/Contents/MacOS/Unity
-adb2
-batchMode
-noUpm
-name
AssetImportWorker1
-projectPath
/Users/rancui/Documents/GitHub/Tile3rd/Tile3rd
-logFile
Logs/AssetImportWorker1.log
-srvPort
60935
Successfully changed project path to: /Users/rancui/Documents/GitHub/Tile3rd/Tile3rd
/Users/rancui/Documents/GitHub/Tile3rd/Tile3rd
[UnityMemory] Configuration Parameters - Can be set up in boot.config
    "memorysetup-bucket-allocator-granularity=16"
    "memorysetup-bucket-allocator-bucket-count=8"
    "memorysetup-bucket-allocator-block-size=33554432"
    "memorysetup-bucket-allocator-block-count=8"
    "memorysetup-main-allocator-block-size=16777216"
    "memorysetup-thread-allocator-block-size=16777216"
    "memorysetup-gfx-main-allocator-block-size=16777216"
    "memorysetup-gfx-thread-allocator-block-size=16777216"
    "memorysetup-cache-allocator-block-size=4194304"
    "memorysetup-typetree-allocator-block-size=2097152"
    "memorysetup-profiler-bucket-allocator-granularity=16"
    "memorysetup-profiler-bucket-allocator-bucket-count=8"
    "memorysetup-profiler-bucket-allocator-block-size=33554432"
    "memorysetup-profiler-bucket-allocator-block-count=8"
    "memorysetup-profiler-allocator-block-size=16777216"
    "memorysetup-profiler-editor-allocator-block-size=1048576"
    "memorysetup-temp-allocator-size-main=16777216"
    "memorysetup-job-temp-allocator-block-size=2097152"
    "memorysetup-job-temp-allocator-block-size-background=1048576"
    "memorysetup-job-temp-allocator-reduction-small-platforms=262144"
    "memorysetup-allocator-temp-initial-block-size-main=262144"
    "memorysetup-allocator-temp-initial-block-size-worker=262144"
    "memorysetup-temp-allocator-size-background-worker=32768"
    "memorysetup-temp-allocator-size-job-worker=262144"
    "memorysetup-temp-allocator-size-preload-manager=33554432"
    "memorysetup-temp-allocator-size-nav-mesh-worker=65536"
    "memorysetup-temp-allocator-size-audio-worker=65536"
    "memorysetup-temp-allocator-size-cloud-worker=32768"
    "memorysetup-temp-allocator-size-gi-baking-worker=262144"
    "memorysetup-temp-allocator-size-gfx=262144"
Player connection [8246671424]  Target information:

Player connection [8246671424]  * "[IP] 192.168.2.213 [Port] 0 [Flags] 2 [Guid] 946489025 [EditorId] 946489025 [Version] 1048832 [Id] OSXEditor(0,RandeMacBook-Air-2.local) [Debug] 1 [PackageName] OSXEditor [ProjectName] Editor" 

Player connection [8246671424] Host joined multi-casting on [225.0.0.222:54997]...
Player connection [8246671424] Host joined alternative multi-casting on [225.0.0.222:34997]...
[PhysX] Initialized MultithreadedTaskDispatcher with 8 workers.
Refreshing native plugins compatible for Editor in 77.37 ms, found 3 plugins.
Preloading 0 native plugins for Editor in 0.00 ms.
Initialize engine version: 2022.3.53f1c1 (f16e16b78e06)
[Subsystems] Discovering subsystems at path /Applications/Unity/Hub/Editor/2022.3.53f1c1/Unity.app/Contents/Resources/UnitySubsystems
[Subsystems] Discovering subsystems at path /Users/rancui/Documents/GitHub/Tile3rd/Tile3rd/Assets
GfxDevice: creating device client; threaded=0; jobified=0
 preferred device: Apple M1 (high power)
Metal devices available: 1
0: Apple M1 (high power)
Using device Apple M1 (high power)
Initializing Metal device caps: Apple M1
Initialize mono
Mono path[0] = '/Applications/Unity/Hub/Editor/2022.3.53f1c1/Unity.app/Contents/Managed'
Mono path[1] = '/Applications/Unity/Hub/Editor/2022.3.53f1c1/Unity.app/Contents/MonoBleedingEdge/lib/mono/unityjit-macos'
Mono config path = '/Applications/Unity/Hub/Editor/2022.3.53f1c1/Unity.app/Contents/MonoBleedingEdge/etc'
Using monoOptions --debugger-agent=transport=dt_socket,embedding=1,server=y,suspend=n,address=127.0.0.1:56923
Begin MonoManager ReloadAssembly
Registering precompiled unity dll's ...
Register platform support module: /Applications/Unity/Hub/Editor/2022.3.53f1c1/PlaybackEngines/WebGLSupport/UnityEditor.WebGL.Extensions.dll
Register platform support module: /Applications/Unity/Hub/Editor/2022.3.53f1c1/Unity.app/Contents/PlaybackEngines/MacStandaloneSupport/UnityEditor.OSXStandalone.Extensions.dll
Register platform support module: /Applications/Unity/Hub/Editor/2022.3.53f1c1/PlaybackEngines/AndroidPlayer/UnityEditor.Android.Extensions.dll
Registered in 0.004595 seconds.
- Loaded All Assemblies, in  0.276 seconds
Native extension for Android target not found
Android Extension - Scanning For ADB Devices 352 ms
Native extension for OSXStandalone target not found
Native extension for WebGL target not found
Mono: successfully reloaded assembly
- Finished resetting the current domain, in  0.524 seconds
Domain Reload Profiling: 801ms
	BeginReloadAssembly (106ms)
		ExecutionOrderSort (0ms)
		DisableScriptedObjects (0ms)
		BackupInstance (0ms)
		ReleaseScriptingObjects (0ms)
		CreateAndSetChildDomain (1ms)
	RebuildCommonClasses (23ms)
	RebuildNativeTypeToScriptingClass (7ms)
	initialDomainReloadingComplete (38ms)
	LoadAllAssembliesAndSetupDomain (103ms)
		LoadAssemblies (107ms)
		RebuildTransferFunctionScriptingTraits (0ms)
		AnalyzeDomain (100ms)
			TypeCache.Refresh (99ms)
				TypeCache.ScanAssembly (88ms)
			ScanForSourceGeneratedMonoScriptInfo (0ms)
			ResolveRequiredComponents (0ms)
	FinalizeReload (524ms)
		ReleaseScriptCaches (0ms)
		RebuildScriptCaches (0ms)
		SetupLoadedEditorAssemblies (497ms)
			LogAssemblyErrors (0ms)
			InitializePlatformSupportModulesInManaged (407ms)
			SetLoadedEditorAssemblies (2ms)
			RefreshPlugins (0ms)
			BeforeProcessingInitializeOnLoad (1ms)
			ProcessInitializeOnLoadAttributes (61ms)
			ProcessInitializeOnLoadMethodAttributes (25ms)
			AfterProcessingInitializeOnLoad (0ms)
			EditorAssembliesLoaded (0ms)
		ExecutionOrderSort2 (0ms)
		AwakeInstancesAfterBackupRestoration (0ms)
========================================================================
Worker process is ready to serve import requests
Caller must complete domain reload
Begin MonoManager ReloadAssembly
Symbol file LoadedFromMemory is not a mono symbol file
- Loaded All Assemblies, in  0.726 seconds
Native extension for Android target not found
Native extension for OSXStandalone target not found
Native extension for WebGL target not found
Package Manager log level set to [2]
[Package Manager] Server::EnsureServerProcessIsRunning -- launch failed, reason: Unity was launched with the -noUpm command-line argument
[Package Manager] UpmClient::Send -- Unable to send message (not connected to UPM process).
[Package Manager] Cannot connect to Unity Package Manager local server
[Package Manager] Server::EnsureServerProcessIsRunning -- launch failed, reason: Unity was launched with the -noUpm command-line argument
[Package Manager] UpmClient::Send -- Unable to send message (not connected to UPM process).
[Package Manager] Cannot connect to Unity Package Manager local server
Mono: successfully reloaded assembly
- Finished resetting the current domain, in  0.687 seconds
Domain Reload Profiling: 1415ms
	BeginReloadAssembly (92ms)
		ExecutionOrderSort (0ms)
		DisableScriptedObjects (3ms)
		BackupInstance (0ms)
		ReleaseScriptingObjects (0ms)
		CreateAndSetChildDomain (18ms)
	RebuildCommonClasses (20ms)
	RebuildNativeTypeToScriptingClass (8ms)
	initialDomainReloadingComplete (27ms)
	LoadAllAssembliesAndSetupDomain (579ms)
		LoadAssemblies (425ms)
		RebuildTransferFunctionScriptingTraits (0ms)
		AnalyzeDomain (186ms)
			TypeCache.Refresh (162ms)
				TypeCache.ScanAssembly (136ms)
			ScanForSourceGeneratedMonoScriptInfo (16ms)
			ResolveRequiredComponents (7ms)
	FinalizeReload (688ms)
		ReleaseScriptCaches (0ms)
		RebuildScriptCaches (0ms)
		SetupLoadedEditorAssemblies (579ms)
			LogAssemblyErrors (0ms)
			InitializePlatformSupportModulesInManaged (8ms)
			SetLoadedEditorAssemblies (2ms)
			RefreshPlugins (0ms)
			BeforeProcessingInitializeOnLoad (45ms)
			ProcessInitializeOnLoadAttributes (481ms)
			ProcessInitializeOnLoadMethodAttributes (41ms)
			AfterProcessingInitializeOnLoad (1ms)
			EditorAssembliesLoaded (0ms)
		ExecutionOrderSort2 (0ms)
		AwakeInstancesAfterBackupRestoration (2ms)
Shader 'TextMeshPro/Distance Field (UIHsvModifier)': fallback shader 'TextMeshPro/Mobile/Distance Field (UIHsv)' not found
Shader 'TextMeshPro/Distance Field (UIHsvModifier)': fallback shader 'TextMeshPro/Mobile/Distance Field (UIHsv)' not found
Launching external process: /Applications/Unity/Hub/Editor/2022.3.53f1c1/Unity.app/Contents/Tools/UnityShaderCompiler
Launched and connected shader compiler UnityShaderCompiler after 0.08 seconds
Refreshing native plugins compatible for Editor in 28.10 ms, found 3 plugins.
Preloading 0 native plugins for Editor in 0.00 ms.
Unloading 6742 Unused Serialized files (Serialized files now loaded: 0)
Unloading 83 unused Assets / (1.9 MB). Loaded Objects now: 7187.
Memory consumption went from 242.0 MB to 240.1 MB.
Total: 9.922958 ms (FindLiveObjects: 0.763375 ms CreateObjectMapping: 0.099625 ms MarkObjects: 8.138291 ms  DeleteObjects: 0.920875 ms)

AssetImportParameters requested are different than current active one (requested -> active):
  custom:container-demuxer-ogg: 62fdf1f143b41e24485cea50d1cbac27 -> 
  custom:container-muxer-webm: aa71ff27fc2769a1b78a27578f13a17b -> 
  custom:video-decoder-webm-vp8: 9c59270c3fd7afecdb556c50c9e8de78 -> 
  custom:SearchIndexIgnoredProperties: e643bd26f0fe6173181afceb89e7c659 -> 
  custom:AudioImporter_EditorPlatform: 3918e3fc78b5a79bad01e8451be0beb8 -> 
  custom:audio-decoder-ogg-vorbis: bf7c407c2cedff20999df2af8eb42d56 -> 
  custom:audio-encoder-webm-vorbis: bf7c407c2cedff20999df2af8eb42d56 -> 
  custom:video-decoder-ogg-theora: a1e56fd34408186e4bbccfd4996cb3dc -> 
  custom:CustomObjectIndexerAttribute: 9a22284fe3817be447336de3de66b15e -> 
  custom:container-demuxer-webm: 4f35f7cbe854078d1ac9338744f61a02 -> 
  custom:framework-osx-AVFoundation: e770b220cccbd017edd2c1fefb359320 -> 
  custom:video-encoder-webm-vp8: eb34c28f22e8b96e1ab97ce403110664 -> 
========================================================================
Received Import Request.
  Time since last request: 224078.994663 seconds.
  path: Assets/ExtraResources/Prefab/UI/Game/UI_Game.prefab
  artifactKey: Guid(74b9636fa063f47ec8ba348c0830c0dd) Importer(815301076,1909f56bfc062723c751e8b465ee728b)
Start importing Assets/ExtraResources/Prefab/UI/Game/UI_Game.prefab using Guid(74b9636fa063f47ec8ba348c0830c0dd) Importer(815301076,1909f56bfc062723c751e8b465ee728b) [PhysX] Initialized MultithreadedTaskDispatcher with 8 workers.
 -> (artifact id: '51f2730c38d25b1f298c38a75430c75b') in 0.038964 seconds
Number of updated asset objects reloaded before import = 0
Number of asset objects unloaded after import = 464
========================================================================
Received Prepare
Shader 'TextMeshPro/Distance Field (UIHsvModifier)': fallback shader 'TextMeshPro/Mobile/Distance Field (UIHsv)' not found
Shader 'TextMeshPro/Distance Field (UIHsvModifier)': fallback shader 'TextMeshPro/Mobile/Distance Field (UIHsv)' not found
Refreshing native plugins compatible for Editor in 9.09 ms, found 3 plugins.
Preloading 0 native plugins for Editor in 0.00 ms.
Unloading 31 Unused Serialized files (Serialized files now loaded: 0)
Unloading 33 unused Assets / (1.8 MB). Loaded Objects now: 7190.
Memory consumption went from 119.8 MB to 118.0 MB.
Total: 28.237833 ms (FindLiveObjects: 0.323083 ms CreateObjectMapping: 0.091625 ms MarkObjects: 27.073750 ms  DeleteObjects: 0.748750 ms)

Prepare: number of updated asset objects reloaded= 0
AssetImportParameters requested are different than current active one (requested -> active):
  custom:container-demuxer-ogg: 62fdf1f143b41e24485cea50d1cbac27 -> 
  custom:container-muxer-webm: aa71ff27fc2769a1b78a27578f13a17b -> 
  custom:video-decoder-webm-vp8: 9c59270c3fd7afecdb556c50c9e8de78 -> 
  custom:SearchIndexIgnoredProperties: e643bd26f0fe6173181afceb89e7c659 -> 
  custom:AudioImporter_EditorPlatform: 3918e3fc78b5a79bad01e8451be0beb8 -> 
  custom:audio-decoder-ogg-vorbis: bf7c407c2cedff20999df2af8eb42d56 -> 
  custom:audio-encoder-webm-vorbis: bf7c407c2cedff20999df2af8eb42d56 -> 
  custom:video-decoder-ogg-theora: a1e56fd34408186e4bbccfd4996cb3dc -> 
  custom:CustomObjectIndexerAttribute: 9a22284fe3817be447336de3de66b15e -> 
  custom:container-demuxer-webm: 4f35f7cbe854078d1ac9338744f61a02 -> 
  custom:framework-osx-AVFoundation: e770b220cccbd017edd2c1fefb359320 -> 
  custom:video-encoder-webm-vp8: eb34c28f22e8b96e1ab97ce403110664 -> 
========================================================================
Received Prepare
Caller must complete domain reload
Begin MonoManager ReloadAssembly
Thread 0x17ffc7000 may have been prematurely finalized
Symbol file LoadedFromMemory is not a mono symbol file
- Loaded All Assemblies, in  1.975 seconds
Native extension for Android target not found
Native extension for OSXStandalone target not found
Native extension for WebGL target not found
[Package Manager] Server::EnsureServerProcessIsRunning -- launch failed, reason: Unity was launched with the -noUpm command-line argument
[Package Manager] UpmClient::Send -- Unable to send message (not connected to UPM process).
[Package Manager] Cannot connect to Unity Package Manager local server
[Package Manager] Server::EnsureServerProcessIsRunning -- launch failed, reason: Unity was launched with the -noUpm command-line argument
[Package Manager] UpmClient::Send -- Unable to send message (not connected to UPM process).
[Package Manager] Cannot connect to Unity Package Manager local server
Mono: successfully reloaded assembly
- Finished resetting the current domain, in  0.639 seconds
Domain Reload Profiling: 2619ms
	BeginReloadAssembly (1335ms)
		ExecutionOrderSort (0ms)
		DisableScriptedObjects (1076ms)
		BackupInstance (0ms)
		ReleaseScriptingObjects (0ms)
		CreateAndSetChildDomain (117ms)
	RebuildCommonClasses (23ms)
	RebuildNativeTypeToScriptingClass (8ms)
	initialDomainReloadingComplete (20ms)
	LoadAllAssembliesAndSetupDomain (594ms)
		LoadAssemblies (651ms)
		RebuildTransferFunctionScriptingTraits (0ms)
		AnalyzeDomain (34ms)
			TypeCache.Refresh (19ms)
				TypeCache.ScanAssembly (0ms)
			ScanForSourceGeneratedMonoScriptInfo (0ms)
			ResolveRequiredComponents (14ms)
	FinalizeReload (639ms)
		ReleaseScriptCaches (0ms)
		RebuildScriptCaches (0ms)
		SetupLoadedEditorAssemblies (494ms)
			LogAssemblyErrors (0ms)
			InitializePlatformSupportModulesInManaged (11ms)
			SetLoadedEditorAssemblies (4ms)
			RefreshPlugins (0ms)
			BeforeProcessingInitializeOnLoad (46ms)
			ProcessInitializeOnLoadAttributes (383ms)
			ProcessInitializeOnLoadMethodAttributes (49ms)
			AfterProcessingInitializeOnLoad (1ms)
			EditorAssembliesLoaded (0ms)
		ExecutionOrderSort2 (0ms)
		AwakeInstancesAfterBackupRestoration (7ms)
Shader 'TextMeshPro/Distance Field (UIHsvModifier)': fallback shader 'TextMeshPro/Mobile/Distance Field (UIHsv)' not found
Shader 'TextMeshPro/Distance Field (UIHsvModifier)': fallback shader 'TextMeshPro/Mobile/Distance Field (UIHsv)' not found
Refreshing native plugins compatible for Editor in 21.42 ms, found 3 plugins.
Preloading 0 native plugins for Editor in 0.00 ms.
Unloading 6643 Unused Serialized files (Serialized files now loaded: 0)
Unloading 70 unused Assets / (1.9 MB). Loaded Objects now: 7195.
Memory consumption went from 229.5 MB to 227.7 MB.
Total: 8.213334 ms (FindLiveObjects: 0.396625 ms CreateObjectMapping: 0.099000 ms MarkObjects: 6.715875 ms  DeleteObjects: 1.000917 ms)

Prepare: number of updated asset objects reloaded= 0
AssetImportParameters requested are different than current active one (requested -> active):
  custom:container-demuxer-ogg: 62fdf1f143b41e24485cea50d1cbac27 -> 
  custom:container-muxer-webm: aa71ff27fc2769a1b78a27578f13a17b -> 
  custom:video-decoder-webm-vp8: 9c59270c3fd7afecdb556c50c9e8de78 -> 
  custom:SearchIndexIgnoredProperties: e643bd26f0fe6173181afceb89e7c659 -> 
  custom:AudioImporter_EditorPlatform: 3918e3fc78b5a79bad01e8451be0beb8 -> 
  custom:audio-decoder-ogg-vorbis: bf7c407c2cedff20999df2af8eb42d56 -> 
  custom:audio-encoder-webm-vorbis: bf7c407c2cedff20999df2af8eb42d56 -> 
  custom:video-decoder-ogg-theora: a1e56fd34408186e4bbccfd4996cb3dc -> 
  custom:CustomObjectIndexerAttribute: 9a22284fe3817be447336de3de66b15e -> 
  custom:container-demuxer-webm: 4f35f7cbe854078d1ac9338744f61a02 -> 
  custom:framework-osx-AVFoundation: e770b220cccbd017edd2c1fefb359320 -> 
  custom:video-encoder-webm-vp8: eb34c28f22e8b96e1ab97ce403110664 -> 
========================================================================
Received Prepare
Caller must complete domain reload
Begin MonoManager ReloadAssembly
Thread 0x16b5c3000 may have been prematurely finalized
Symbol file LoadedFromMemory is not a mono symbol file
- Loaded All Assemblies, in  1.353 seconds
Native extension for Android target not found
Native extension for OSXStandalone target not found
Native extension for WebGL target not found
[Package Manager] Server::EnsureServerProcessIsRunning -- launch failed, reason: Unity was launched with the -noUpm command-line argument
[Package Manager] UpmClient::Send -- Unable to send message (not connected to UPM process).
[Package Manager] Cannot connect to Unity Package Manager local server
[Package Manager] Server::EnsureServerProcessIsRunning -- launch failed, reason: Unity was launched with the -noUpm command-line argument
[Package Manager] UpmClient::Send -- Unable to send message (not connected to UPM process).
[Package Manager] Cannot connect to Unity Package Manager local server
Mono: successfully reloaded assembly
- Finished resetting the current domain, in  1.331 seconds
Domain Reload Profiling: 2685ms
	BeginReloadAssembly (363ms)
		ExecutionOrderSort (0ms)
		DisableScriptedObjects (23ms)
		BackupInstance (0ms)
		ReleaseScriptingObjects (0ms)
		CreateAndSetChildDomain (116ms)
	RebuildCommonClasses (24ms)
	RebuildNativeTypeToScriptingClass (8ms)
	initialDomainReloadingComplete (28ms)
	LoadAllAssembliesAndSetupDomain (930ms)
		LoadAssemblies (993ms)
		RebuildTransferFunctionScriptingTraits (0ms)
		AnalyzeDomain (129ms)
			TypeCache.Refresh (90ms)
				TypeCache.ScanAssembly (19ms)
			ScanForSourceGeneratedMonoScriptInfo (29ms)
			ResolveRequiredComponents (9ms)
	FinalizeReload (1332ms)
		ReleaseScriptCaches (0ms)
		RebuildScriptCaches (0ms)
		SetupLoadedEditorAssemblies (543ms)
			LogAssemblyErrors (0ms)
			InitializePlatformSupportModulesInManaged (19ms)
			SetLoadedEditorAssemblies (5ms)
			RefreshPlugins (0ms)
			BeforeProcessingInitializeOnLoad (52ms)
			ProcessInitializeOnLoadAttributes (437ms)
			ProcessInitializeOnLoadMethodAttributes (29ms)
			AfterProcessingInitializeOnLoad (1ms)
			EditorAssembliesLoaded (0ms)
		ExecutionOrderSort2 (0ms)
		AwakeInstancesAfterBackupRestoration (5ms)
Shader 'TextMeshPro/Distance Field (UIHsvModifier)': fallback shader 'TextMeshPro/Mobile/Distance Field (UIHsv)' not found
Shader 'TextMeshPro/Distance Field (UIHsvModifier)': fallback shader 'TextMeshPro/Mobile/Distance Field (UIHsv)' not found
Refreshing native plugins compatible for Editor in 36.74 ms, found 3 plugins.
Preloading 0 native plugins for Editor in 0.00 ms.
Unloading 6643 Unused Serialized files (Serialized files now loaded: 0)
Unloading 70 unused Assets / (1.9 MB). Loaded Objects now: 7199.
Memory consumption went from 238.9 MB to 237.0 MB.
Total: 8.160458 ms (FindLiveObjects: 0.424042 ms CreateObjectMapping: 0.088583 ms MarkObjects: 6.788917 ms  DeleteObjects: 0.858333 ms)

Prepare: number of updated asset objects reloaded= 0
AssetImportParameters requested are different than current active one (requested -> active):
  custom:container-demuxer-ogg: 62fdf1f143b41e24485cea50d1cbac27 -> 
  custom:container-muxer-webm: aa71ff27fc2769a1b78a27578f13a17b -> 
  custom:video-decoder-webm-vp8: 9c59270c3fd7afecdb556c50c9e8de78 -> 
  custom:SearchIndexIgnoredProperties: e643bd26f0fe6173181afceb89e7c659 -> 
  custom:AudioImporter_EditorPlatform: 3918e3fc78b5a79bad01e8451be0beb8 -> 
  custom:audio-decoder-ogg-vorbis: bf7c407c2cedff20999df2af8eb42d56 -> 
  custom:audio-encoder-webm-vorbis: bf7c407c2cedff20999df2af8eb42d56 -> 
  custom:scripting/precompiled-assembly-types:Assembly-CSharp: 9ab6a026f5680e3dda840a28d13b90c9 -> dd865f2bf1c65a1c7720113f429c2ed7
  custom:video-decoder-ogg-theora: a1e56fd34408186e4bbccfd4996cb3dc -> 
  custom:CustomObjectIndexerAttribute: 9a22284fe3817be447336de3de66b15e -> 
  custom:container-demuxer-webm: 4f35f7cbe854078d1ac9338744f61a02 -> 
  custom:framework-osx-AVFoundation: e770b220cccbd017edd2c1fefb359320 -> 
  custom:video-encoder-webm-vp8: eb34c28f22e8b96e1ab97ce403110664 -> 
========================================================================
Received Prepare
Caller must complete domain reload
Begin MonoManager ReloadAssembly
Thread 0x16b5c3000 may have been prematurely finalized
Symbol file LoadedFromMemory is not a mono symbol file
- Loaded All Assemblies, in  0.483 seconds
Native extension for Android target not found
Native extension for OSXStandalone target not found
Native extension for WebGL target not found
[Package Manager] Server::EnsureServerProcessIsRunning -- launch failed, reason: Unity was launched with the -noUpm command-line argument
[Package Manager] UpmClient::Send -- Unable to send message (not connected to UPM process).
[Package Manager] Cannot connect to Unity Package Manager local server
[Package Manager] Server::EnsureServerProcessIsRunning -- launch failed, reason: Unity was launched with the -noUpm command-line argument
[Package Manager] UpmClient::Send -- Unable to send message (not connected to UPM process).
[Package Manager] Cannot connect to Unity Package Manager local server
Mono: successfully reloaded assembly
- Finished resetting the current domain, in  1.497 seconds
Domain Reload Profiling: 1981ms
	BeginReloadAssembly (119ms)
		ExecutionOrderSort (0ms)
		DisableScriptedObjects (10ms)
		BackupInstance (0ms)
		ReleaseScriptingObjects (0ms)
		CreateAndSetChildDomain (40ms)
	RebuildCommonClasses (22ms)
	RebuildNativeTypeToScriptingClass (8ms)
	initialDomainReloadingComplete (23ms)
	LoadAllAssembliesAndSetupDomain (311ms)
		LoadAssemblies (306ms)
		RebuildTransferFunctionScriptingTraits (0ms)
		AnalyzeDomain (44ms)
			TypeCache.Refresh (27ms)
				TypeCache.ScanAssembly (0ms)
			ScanForSourceGeneratedMonoScriptInfo (0ms)
			ResolveRequiredComponents (14ms)
	FinalizeReload (1497ms)
		ReleaseScriptCaches (0ms)
		RebuildScriptCaches (0ms)
		SetupLoadedEditorAssemblies (503ms)
			LogAssemblyErrors (0ms)
			InitializePlatformSupportModulesInManaged (12ms)
			SetLoadedEditorAssemblies (4ms)
			RefreshPlugins (0ms)
			BeforeProcessingInitializeOnLoad (52ms)
			ProcessInitializeOnLoadAttributes (399ms)
			ProcessInitializeOnLoadMethodAttributes (33ms)
			AfterProcessingInitializeOnLoad (1ms)
			EditorAssembliesLoaded (0ms)
		ExecutionOrderSort2 (0ms)
		AwakeInstancesAfterBackupRestoration (6ms)
Shader 'TextMeshPro/Distance Field (UIHsvModifier)': fallback shader 'TextMeshPro/Mobile/Distance Field (UIHsv)' not found
Shader 'TextMeshPro/Distance Field (UIHsvModifier)': fallback shader 'TextMeshPro/Mobile/Distance Field (UIHsv)' not found
Refreshing native plugins compatible for Editor in 9.69 ms, found 3 plugins.
Preloading 0 native plugins for Editor in 0.00 ms.
Unloading 6643 Unused Serialized files (Serialized files now loaded: 0)
Unloading 70 unused Assets / (1.9 MB). Loaded Objects now: 7203.
Memory consumption went from 248.6 MB to 246.7 MB.
Total: 4.933042 ms (FindLiveObjects: 0.524375 ms CreateObjectMapping: 0.139292 ms MarkObjects: 3.390500 ms  DeleteObjects: 0.878292 ms)

Prepare: number of updated asset objects reloaded= 0
AssetImportParameters requested are different than current active one (requested -> active):
  custom:container-demuxer-ogg: 62fdf1f143b41e24485cea50d1cbac27 -> 
  custom:container-muxer-webm: aa71ff27fc2769a1b78a27578f13a17b -> 
  custom:video-decoder-webm-vp8: 9c59270c3fd7afecdb556c50c9e8de78 -> 
  custom:SearchIndexIgnoredProperties: e643bd26f0fe6173181afceb89e7c659 -> 
  custom:AudioImporter_EditorPlatform: 3918e3fc78b5a79bad01e8451be0beb8 -> 
  custom:audio-decoder-ogg-vorbis: bf7c407c2cedff20999df2af8eb42d56 -> 
  custom:audio-encoder-webm-vorbis: bf7c407c2cedff20999df2af8eb42d56 -> 
  custom:scripting/precompiled-assembly-types:Assembly-CSharp: 9ab6a026f5680e3dda840a28d13b90c9 -> dd865f2bf1c65a1c7720113f429c2ed7
  custom:video-decoder-ogg-theora: a1e56fd34408186e4bbccfd4996cb3dc -> 
  custom:CustomObjectIndexerAttribute: 9a22284fe3817be447336de3de66b15e -> 
  custom:container-demuxer-webm: 4f35f7cbe854078d1ac9338744f61a02 -> 
  custom:framework-osx-AVFoundation: e770b220cccbd017edd2c1fefb359320 -> 
  custom:video-encoder-webm-vp8: eb34c28f22e8b96e1ab97ce403110664 -> 
========================================================================
Received Prepare
Caller must complete domain reload
Begin MonoManager ReloadAssembly
Thread 0x16b5c3000 may have been prematurely finalized
Symbol file LoadedFromMemory is not a mono symbol file
- Loaded All Assemblies, in  0.611 seconds
Native extension for Android target not found
Native extension for OSXStandalone target not found
Native extension for WebGL target not found
[Package Manager] Server::EnsureServerProcessIsRunning -- launch failed, reason: Unity was launched with the -noUpm command-line argument
[Package Manager] UpmClient::Send -- Unable to send message (not connected to UPM process).
[Package Manager] Cannot connect to Unity Package Manager local server
[Package Manager] Server::EnsureServerProcessIsRunning -- launch failed, reason: Unity was launched with the -noUpm command-line argument
[Package Manager] UpmClient::Send -- Unable to send message (not connected to UPM process).
[Package Manager] Cannot connect to Unity Package Manager local server
Mono: successfully reloaded assembly
- Finished resetting the current domain, in  1.119 seconds
Domain Reload Profiling: 1730ms
	BeginReloadAssembly (118ms)
		ExecutionOrderSort (0ms)
		DisableScriptedObjects (8ms)
		BackupInstance (0ms)
		ReleaseScriptingObjects (0ms)
		CreateAndSetChildDomain (45ms)
	RebuildCommonClasses (20ms)
	RebuildNativeTypeToScriptingClass (8ms)
	initialDomainReloadingComplete (21ms)
	LoadAllAssembliesAndSetupDomain (445ms)
		LoadAssemblies (440ms)
		RebuildTransferFunctionScriptingTraits (0ms)
		AnalyzeDomain (43ms)
			TypeCache.Refresh (23ms)
				TypeCache.ScanAssembly (10ms)
			ScanForSourceGeneratedMonoScriptInfo (12ms)
			ResolveRequiredComponents (8ms)
	FinalizeReload (1119ms)
		ReleaseScriptCaches (0ms)
		RebuildScriptCaches (0ms)
		SetupLoadedEditorAssemblies (437ms)
			LogAssemblyErrors (0ms)
			InitializePlatformSupportModulesInManaged (9ms)
			SetLoadedEditorAssemblies (4ms)
			RefreshPlugins (0ms)
			BeforeProcessingInitializeOnLoad (44ms)
			ProcessInitializeOnLoadAttributes (353ms)
			ProcessInitializeOnLoadMethodAttributes (27ms)
			AfterProcessingInitializeOnLoad (1ms)
			EditorAssembliesLoaded (0ms)
		ExecutionOrderSort2 (0ms)
		AwakeInstancesAfterBackupRestoration (6ms)
Shader 'TextMeshPro/Distance Field (UIHsvModifier)': fallback shader 'TextMeshPro/Mobile/Distance Field (UIHsv)' not found
Shader 'TextMeshPro/Distance Field (UIHsvModifier)': fallback shader 'TextMeshPro/Mobile/Distance Field (UIHsv)' not found
Refreshing native plugins compatible for Editor in 9.96 ms, found 3 plugins.
Preloading 0 native plugins for Editor in 0.00 ms.
Unloading 6643 Unused Serialized files (Serialized files now loaded: 0)
Unloading 70 unused Assets / (1.9 MB). Loaded Objects now: 7207.
Memory consumption went from 258.1 MB to 256.2 MB.
Total: 5.825250 ms (FindLiveObjects: 0.285041 ms CreateObjectMapping: 0.097167 ms MarkObjects: 4.297083 ms  DeleteObjects: 1.145292 ms)

Prepare: number of updated asset objects reloaded= 0
AssetImportParameters requested are different than current active one (requested -> active):
  custom:container-demuxer-ogg: 62fdf1f143b41e24485cea50d1cbac27 -> 
  custom:container-muxer-webm: aa71ff27fc2769a1b78a27578f13a17b -> 
  custom:video-decoder-webm-vp8: 9c59270c3fd7afecdb556c50c9e8de78 -> 
  custom:SearchIndexIgnoredProperties: e643bd26f0fe6173181afceb89e7c659 -> 
  custom:AudioImporter_EditorPlatform: 3918e3fc78b5a79bad01e8451be0beb8 -> 
  custom:audio-decoder-ogg-vorbis: bf7c407c2cedff20999df2af8eb42d56 -> 
  custom:audio-encoder-webm-vorbis: bf7c407c2cedff20999df2af8eb42d56 -> 
  custom:scripting/precompiled-assembly-types:Assembly-CSharp: 9ab6a026f5680e3dda840a28d13b90c9 -> dd865f2bf1c65a1c7720113f429c2ed7
  custom:video-decoder-ogg-theora: a1e56fd34408186e4bbccfd4996cb3dc -> 
  custom:CustomObjectIndexerAttribute: 9a22284fe3817be447336de3de66b15e -> 
  custom:container-demuxer-webm: 4f35f7cbe854078d1ac9338744f61a02 -> 
  custom:framework-osx-AVFoundation: e770b220cccbd017edd2c1fefb359320 -> 
  custom:video-encoder-webm-vp8: eb34c28f22e8b96e1ab97ce403110664 -> 
========================================================================
Received Prepare
Caller must complete domain reload
Begin MonoManager ReloadAssembly
Thread 0x16b5c3000 may have been prematurely finalized
Symbol file LoadedFromMemory is not a mono symbol file
- Loaded All Assemblies, in  0.486 seconds
Native extension for Android target not found
Native extension for OSXStandalone target not found
Native extension for WebGL target not found
[Package Manager] Server::EnsureServerProcessIsRunning -- launch failed, reason: Unity was launched with the -noUpm command-line argument
[Package Manager] UpmClient::Send -- Unable to send message (not connected to UPM process).
[Package Manager] Cannot connect to Unity Package Manager local server
[Package Manager] Server::EnsureServerProcessIsRunning -- launch failed, reason: Unity was launched with the -noUpm command-line argument
[Package Manager] UpmClient::Send -- Unable to send message (not connected to UPM process).
[Package Manager] Cannot connect to Unity Package Manager local server
Mono: successfully reloaded assembly
- Finished resetting the current domain, in  1.564 seconds
Domain Reload Profiling: 2051ms
	BeginReloadAssembly (131ms)
		ExecutionOrderSort (0ms)
		DisableScriptedObjects (12ms)
		BackupInstance (0ms)
		ReleaseScriptingObjects (0ms)
		CreateAndSetChildDomain (49ms)
	RebuildCommonClasses (21ms)
	RebuildNativeTypeToScriptingClass (8ms)
	initialDomainReloadingComplete (24ms)
	LoadAllAssembliesAndSetupDomain (303ms)
		LoadAssemblies (316ms)
		RebuildTransferFunctionScriptingTraits (0ms)
		AnalyzeDomain (30ms)
			TypeCache.Refresh (19ms)
				TypeCache.ScanAssembly (0ms)
			ScanForSourceGeneratedMonoScriptInfo (0ms)
			ResolveRequiredComponents (9ms)
	FinalizeReload (1564ms)
		ReleaseScriptCaches (0ms)
		RebuildScriptCaches (0ms)
		SetupLoadedEditorAssemblies (496ms)
			LogAssemblyErrors (0ms)
			InitializePlatformSupportModulesInManaged (9ms)
			SetLoadedEditorAssemblies (7ms)
			RefreshPlugins (0ms)
			BeforeProcessingInitializeOnLoad (50ms)
			ProcessInitializeOnLoadAttributes (398ms)
			ProcessInitializeOnLoadMethodAttributes (30ms)
			AfterProcessingInitializeOnLoad (1ms)
			EditorAssembliesLoaded (0ms)
		ExecutionOrderSort2 (0ms)
		AwakeInstancesAfterBackupRestoration (6ms)
Shader 'TextMeshPro/Distance Field (UIHsvModifier)': fallback shader 'TextMeshPro/Mobile/Distance Field (UIHsv)' not found
Shader 'TextMeshPro/Distance Field (UIHsvModifier)': fallback shader 'TextMeshPro/Mobile/Distance Field (UIHsv)' not found
Refreshing native plugins compatible for Editor in 12.10 ms, found 3 plugins.
Preloading 0 native plugins for Editor in 0.00 ms.
Unloading 6643 Unused Serialized files (Serialized files now loaded: 0)
Unloading 70 unused Assets / (1.9 MB). Loaded Objects now: 7211.
Memory consumption went from 267.9 MB to 266.0 MB.
Total: 6.616042 ms (FindLiveObjects: 0.267125 ms CreateObjectMapping: 0.102084 ms MarkObjects: 4.971958 ms  DeleteObjects: 1.273792 ms)

Prepare: number of updated asset objects reloaded= 0
AssetImportParameters requested are different than current active one (requested -> active):
  custom:container-demuxer-ogg: 62fdf1f143b41e24485cea50d1cbac27 -> 
  custom:container-muxer-webm: aa71ff27fc2769a1b78a27578f13a17b -> 
  custom:video-decoder-webm-vp8: 9c59270c3fd7afecdb556c50c9e8de78 -> 
  custom:SearchIndexIgnoredProperties: e643bd26f0fe6173181afceb89e7c659 -> 
  custom:AudioImporter_EditorPlatform: 3918e3fc78b5a79bad01e8451be0beb8 -> 
  custom:audio-decoder-ogg-vorbis: bf7c407c2cedff20999df2af8eb42d56 -> 
  custom:audio-encoder-webm-vorbis: bf7c407c2cedff20999df2af8eb42d56 -> 
  custom:scripting/precompiled-assembly-types:Assembly-CSharp: 9ab6a026f5680e3dda840a28d13b90c9 -> dd865f2bf1c65a1c7720113f429c2ed7
  custom:video-decoder-ogg-theora: a1e56fd34408186e4bbccfd4996cb3dc -> 
  custom:CustomObjectIndexerAttribute: 9a22284fe3817be447336de3de66b15e -> 
  custom:container-demuxer-webm: 4f35f7cbe854078d1ac9338744f61a02 -> 
  custom:framework-osx-AVFoundation: e770b220cccbd017edd2c1fefb359320 -> 
  custom:video-encoder-webm-vp8: eb34c28f22e8b96e1ab97ce403110664 -> 
========================================================================
Received Prepare
Caller must complete domain reload
Begin MonoManager ReloadAssembly
Thread 0x16b5c3000 may have been prematurely finalized
Symbol file LoadedFromMemory is not a mono symbol file
- Loaded All Assemblies, in  0.497 seconds
Native extension for Android target not found
Native extension for OSXStandalone target not found
Native extension for WebGL target not found
[Package Manager] Server::EnsureServerProcessIsRunning -- launch failed, reason: Unity was launched with the -noUpm command-line argument
[Package Manager] UpmClient::Send -- Unable to send message (not connected to UPM process).
[Package Manager] Cannot connect to Unity Package Manager local server
[Package Manager] Server::EnsureServerProcessIsRunning -- launch failed, reason: Unity was launched with the -noUpm command-line argument
[Package Manager] UpmClient::Send -- Unable to send message (not connected to UPM process).
[Package Manager] Cannot connect to Unity Package Manager local server
Mono: successfully reloaded assembly
- Finished resetting the current domain, in  1.331 seconds
Domain Reload Profiling: 1829ms
	BeginReloadAssembly (116ms)
		ExecutionOrderSort (0ms)
		DisableScriptedObjects (12ms)
		BackupInstance (0ms)
		ReleaseScriptingObjects (0ms)
		CreateAndSetChildDomain (43ms)
	RebuildCommonClasses (20ms)
	RebuildNativeTypeToScriptingClass (8ms)
	initialDomainReloadingComplete (26ms)
	LoadAllAssembliesAndSetupDomain (328ms)
		LoadAssemblies (303ms)
		RebuildTransferFunctionScriptingTraits (0ms)
		AnalyzeDomain (65ms)
			TypeCache.Refresh (46ms)
				TypeCache.ScanAssembly (17ms)
			ScanForSourceGeneratedMonoScriptInfo (10ms)
			ResolveRequiredComponents (8ms)
	FinalizeReload (1331ms)
		ReleaseScriptCaches (0ms)
		RebuildScriptCaches (0ms)
		SetupLoadedEditorAssemblies (474ms)
			LogAssemblyErrors (0ms)
			InitializePlatformSupportModulesInManaged (10ms)
			SetLoadedEditorAssemblies (4ms)
			RefreshPlugins (0ms)
			BeforeProcessingInitializeOnLoad (54ms)
			ProcessInitializeOnLoadAttributes (378ms)
			ProcessInitializeOnLoadMethodAttributes (27ms)
			AfterProcessingInitializeOnLoad (1ms)
			EditorAssembliesLoaded (0ms)
		ExecutionOrderSort2 (0ms)
		AwakeInstancesAfterBackupRestoration (5ms)
Shader 'TextMeshPro/Distance Field (UIHsvModifier)': fallback shader 'TextMeshPro/Mobile/Distance Field (UIHsv)' not found
Shader 'TextMeshPro/Distance Field (UIHsvModifier)': fallback shader 'TextMeshPro/Mobile/Distance Field (UIHsv)' not found
Refreshing native plugins compatible for Editor in 26.33 ms, found 3 plugins.
Preloading 0 native plugins for Editor in 0.00 ms.
Unloading 6643 Unused Serialized files (Serialized files now loaded: 0)
Unloading 70 unused Assets / (1.9 MB). Loaded Objects now: 7215.
Memory consumption went from 277.5 MB to 275.6 MB.
Total: 4.410458 ms (FindLiveObjects: 0.259250 ms CreateObjectMapping: 0.086917 ms MarkObjects: 3.102917 ms  DeleteObjects: 0.960666 ms)

Prepare: number of updated asset objects reloaded= 0
AssetImportParameters requested are different than current active one (requested -> active):
  custom:container-demuxer-ogg: 62fdf1f143b41e24485cea50d1cbac27 -> 
  custom:container-muxer-webm: aa71ff27fc2769a1b78a27578f13a17b -> 
  custom:video-decoder-webm-vp8: 9c59270c3fd7afecdb556c50c9e8de78 -> 
  custom:SearchIndexIgnoredProperties: e643bd26f0fe6173181afceb89e7c659 -> 
  custom:AudioImporter_EditorPlatform: 3918e3fc78b5a79bad01e8451be0beb8 -> 
  custom:audio-decoder-ogg-vorbis: bf7c407c2cedff20999df2af8eb42d56 -> 
  custom:audio-encoder-webm-vorbis: bf7c407c2cedff20999df2af8eb42d56 -> 
  custom:scripting/precompiled-assembly-types:Assembly-CSharp: 9ab6a026f5680e3dda840a28d13b90c9 -> dd865f2bf1c65a1c7720113f429c2ed7
  custom:video-decoder-ogg-theora: a1e56fd34408186e4bbccfd4996cb3dc -> 
  custom:CustomObjectIndexerAttribute: 9a22284fe3817be447336de3de66b15e -> 
  custom:container-demuxer-webm: 4f35f7cbe854078d1ac9338744f61a02 -> 
  custom:framework-osx-AVFoundation: e770b220cccbd017edd2c1fefb359320 -> 
  custom:video-encoder-webm-vp8: eb34c28f22e8b96e1ab97ce403110664 -> 
========================================================================
Received Prepare
Caller must complete domain reload
Begin MonoManager ReloadAssembly
Thread 0x17e0df000 may have been prematurely finalized
Symbol file LoadedFromMemory is not a mono symbol file
- Loaded All Assemblies, in  0.498 seconds
Native extension for Android target not found
Native extension for OSXStandalone target not found
Native extension for WebGL target not found
[Package Manager] Server::EnsureServerProcessIsRunning -- launch failed, reason: Unity was launched with the -noUpm command-line argument
[Package Manager] UpmClient::Send -- Unable to send message (not connected to UPM process).
[Package Manager] Cannot connect to Unity Package Manager local server
[Package Manager] Server::EnsureServerProcessIsRunning -- launch failed, reason: Unity was launched with the -noUpm command-line argument
[Package Manager] UpmClient::Send -- Unable to send message (not connected to UPM process).
[Package Manager] Cannot connect to Unity Package Manager local server
Mono: successfully reloaded assembly
- Finished resetting the current domain, in  1.458 seconds
Domain Reload Profiling: 1957ms
	BeginReloadAssembly (129ms)
		ExecutionOrderSort (0ms)
		DisableScriptedObjects (9ms)
		BackupInstance (0ms)
		ReleaseScriptingObjects (0ms)
		CreateAndSetChildDomain (49ms)
	RebuildCommonClasses (21ms)
	RebuildNativeTypeToScriptingClass (8ms)
	initialDomainReloadingComplete (22ms)
	LoadAllAssembliesAndSetupDomain (318ms)
		LoadAssemblies (313ms)
		RebuildTransferFunctionScriptingTraits (0ms)
		AnalyzeDomain (49ms)
			TypeCache.Refresh (36ms)
				TypeCache.ScanAssembly (0ms)
			ScanForSourceGeneratedMonoScriptInfo (0ms)
			ResolveRequiredComponents (11ms)
	FinalizeReload (1458ms)
		ReleaseScriptCaches (0ms)
		RebuildScriptCaches (0ms)
		SetupLoadedEditorAssemblies (504ms)
			LogAssemblyErrors (0ms)
			InitializePlatformSupportModulesInManaged (9ms)
			SetLoadedEditorAssemblies (4ms)
			RefreshPlugins (0ms)
			BeforeProcessingInitializeOnLoad (50ms)
			ProcessInitializeOnLoadAttributes (409ms)
			ProcessInitializeOnLoadMethodAttributes (30ms)
			AfterProcessingInitializeOnLoad (1ms)
			EditorAssembliesLoaded (1ms)
		ExecutionOrderSort2 (0ms)
		AwakeInstancesAfterBackupRestoration (7ms)
Shader 'TextMeshPro/Distance Field (UIHsvModifier)': fallback shader 'TextMeshPro/Mobile/Distance Field (UIHsv)' not found
Shader 'TextMeshPro/Distance Field (UIHsvModifier)': fallback shader 'TextMeshPro/Mobile/Distance Field (UIHsv)' not found
Refreshing native plugins compatible for Editor in 9.70 ms, found 3 plugins.
Preloading 0 native plugins for Editor in 0.00 ms.
Unloading 6643 Unused Serialized files (Serialized files now loaded: 0)
Unloading 70 unused Assets / (1.8 MB). Loaded Objects now: 7219.
Memory consumption went from 287.1 MB to 285.3 MB.
Total: 5.470958 ms (FindLiveObjects: 0.253583 ms CreateObjectMapping: 0.092792 ms MarkObjects: 3.993750 ms  DeleteObjects: 1.130125 ms)

Prepare: number of updated asset objects reloaded= 0
AssetImportParameters requested are different than current active one (requested -> active):
  custom:container-demuxer-ogg: 62fdf1f143b41e24485cea50d1cbac27 -> 
  custom:container-muxer-webm: aa71ff27fc2769a1b78a27578f13a17b -> 
  custom:video-decoder-webm-vp8: 9c59270c3fd7afecdb556c50c9e8de78 -> 
  custom:SearchIndexIgnoredProperties: e643bd26f0fe6173181afceb89e7c659 -> 
  custom:AudioImporter_EditorPlatform: 3918e3fc78b5a79bad01e8451be0beb8 -> 
  custom:audio-decoder-ogg-vorbis: bf7c407c2cedff20999df2af8eb42d56 -> 
  custom:audio-encoder-webm-vorbis: bf7c407c2cedff20999df2af8eb42d56 -> 
  custom:scripting/precompiled-assembly-types:Assembly-CSharp: 9ab6a026f5680e3dda840a28d13b90c9 -> dd865f2bf1c65a1c7720113f429c2ed7
  custom:video-decoder-ogg-theora: a1e56fd34408186e4bbccfd4996cb3dc -> 
  custom:CustomObjectIndexerAttribute: 9a22284fe3817be447336de3de66b15e -> 
  custom:container-demuxer-webm: 4f35f7cbe854078d1ac9338744f61a02 -> 
  custom:framework-osx-AVFoundation: e770b220cccbd017edd2c1fefb359320 -> 
  custom:video-encoder-webm-vp8: eb34c28f22e8b96e1ab97ce403110664 -> 
========================================================================
Received Prepare
Caller must complete domain reload
Begin MonoManager ReloadAssembly
Thread 0x17ea07000 may have been prematurely finalized
Symbol file LoadedFromMemory is not a mono symbol file
- Loaded All Assemblies, in  0.785 seconds
Native extension for Android target not found
Native extension for OSXStandalone target not found
Native extension for WebGL target not found
[Package Manager] Server::EnsureServerProcessIsRunning -- launch failed, reason: Unity was launched with the -noUpm command-line argument
[Package Manager] UpmClient::Send -- Unable to send message (not connected to UPM process).
[Package Manager] Cannot connect to Unity Package Manager local server
[Package Manager] Server::EnsureServerProcessIsRunning -- launch failed, reason: Unity was launched with the -noUpm command-line argument
[Package Manager] UpmClient::Send -- Unable to send message (not connected to UPM process).
[Package Manager] Cannot connect to Unity Package Manager local server
Mono: successfully reloaded assembly
- Finished resetting the current domain, in  1.251 seconds
Domain Reload Profiling: 2036ms
	BeginReloadAssembly (305ms)
		ExecutionOrderSort (0ms)
		DisableScriptedObjects (11ms)
		BackupInstance (0ms)
		ReleaseScriptingObjects (0ms)
		CreateAndSetChildDomain (86ms)
	RebuildCommonClasses (23ms)
	RebuildNativeTypeToScriptingClass (10ms)
	initialDomainReloadingComplete (20ms)
	LoadAllAssembliesAndSetupDomain (428ms)
		LoadAssemblies (547ms)
		RebuildTransferFunctionScriptingTraits (0ms)
		AnalyzeDomain (58ms)
			TypeCache.Refresh (28ms)
				TypeCache.ScanAssembly (11ms)
			ScanForSourceGeneratedMonoScriptInfo (17ms)
			ResolveRequiredComponents (12ms)
	FinalizeReload (1251ms)
		ReleaseScriptCaches (0ms)
		RebuildScriptCaches (0ms)
		SetupLoadedEditorAssemblies (462ms)
			LogAssemblyErrors (0ms)
			InitializePlatformSupportModulesInManaged (8ms)
			SetLoadedEditorAssemblies (4ms)
			RefreshPlugins (0ms)
			BeforeProcessingInitializeOnLoad (46ms)
			ProcessInitializeOnLoadAttributes (374ms)
			ProcessInitializeOnLoadMethodAttributes (28ms)
			AfterProcessingInitializeOnLoad (1ms)
			EditorAssembliesLoaded (0ms)
		ExecutionOrderSort2 (0ms)
		AwakeInstancesAfterBackupRestoration (6ms)
Shader 'TextMeshPro/Distance Field (UIHsvModifier)': fallback shader 'TextMeshPro/Mobile/Distance Field (UIHsv)' not found
Shader 'TextMeshPro/Distance Field (UIHsvModifier)': fallback shader 'TextMeshPro/Mobile/Distance Field (UIHsv)' not found
Refreshing native plugins compatible for Editor in 9.32 ms, found 3 plugins.
Preloading 0 native plugins for Editor in 0.00 ms.
Unloading 6643 Unused Serialized files (Serialized files now loaded: 0)
Unloading 70 unused Assets / (1.9 MB). Loaded Objects now: 7223.
Memory consumption went from 296.7 MB to 294.9 MB.
Total: 4.778083 ms (FindLiveObjects: 0.254042 ms CreateObjectMapping: 0.092042 ms MarkObjects: 3.535875 ms  DeleteObjects: 0.895125 ms)

Prepare: number of updated asset objects reloaded= 0
AssetImportParameters requested are different than current active one (requested -> active):
  custom:container-demuxer-ogg: 62fdf1f143b41e24485cea50d1cbac27 -> 
  custom:container-muxer-webm: aa71ff27fc2769a1b78a27578f13a17b -> 
  custom:video-decoder-webm-vp8: 9c59270c3fd7afecdb556c50c9e8de78 -> 
  custom:SearchIndexIgnoredProperties: e643bd26f0fe6173181afceb89e7c659 -> 
  custom:AudioImporter_EditorPlatform: 3918e3fc78b5a79bad01e8451be0beb8 -> 
  custom:audio-decoder-ogg-vorbis: bf7c407c2cedff20999df2af8eb42d56 -> 
  custom:audio-encoder-webm-vorbis: bf7c407c2cedff20999df2af8eb42d56 -> 
  custom:scripting/precompiled-assembly-types:Assembly-CSharp: 9ab6a026f5680e3dda840a28d13b90c9 -> dd865f2bf1c65a1c7720113f429c2ed7
  custom:video-decoder-ogg-theora: a1e56fd34408186e4bbccfd4996cb3dc -> 
  custom:CustomObjectIndexerAttribute: 9a22284fe3817be447336de3de66b15e -> 
  custom:container-demuxer-webm: 4f35f7cbe854078d1ac9338744f61a02 -> 
  custom:framework-osx-AVFoundation: e770b220cccbd017edd2c1fefb359320 -> 
  custom:video-encoder-webm-vp8: eb34c28f22e8b96e1ab97ce403110664 -> 
========================================================================
Received Prepare
Caller must complete domain reload
Begin MonoManager ReloadAssembly
Thread 0x17d9c7000 may have been prematurely finalized
Symbol file LoadedFromMemory is not a mono symbol file
- Loaded All Assemblies, in  0.492 seconds
Native extension for Android target not found
Native extension for OSXStandalone target not found
Native extension for WebGL target not found
[Package Manager] Server::EnsureServerProcessIsRunning -- launch failed, reason: Unity was launched with the -noUpm command-line argument
[Package Manager] UpmClient::Send -- Unable to send message (not connected to UPM process).
[Package Manager] Cannot connect to Unity Package Manager local server
[Package Manager] Server::EnsureServerProcessIsRunning -- launch failed, reason: Unity was launched with the -noUpm command-line argument
[Package Manager] UpmClient::Send -- Unable to send message (not connected to UPM process).
[Package Manager] Cannot connect to Unity Package Manager local server
Mono: successfully reloaded assembly
- Finished resetting the current domain, in  1.398 seconds
Domain Reload Profiling: 1892ms
	BeginReloadAssembly (125ms)
		ExecutionOrderSort (0ms)
		DisableScriptedObjects (12ms)
		BackupInstance (0ms)
		ReleaseScriptingObjects (0ms)
		CreateAndSetChildDomain (48ms)
	RebuildCommonClasses (23ms)
	RebuildNativeTypeToScriptingClass (8ms)
	initialDomainReloadingComplete (22ms)
	LoadAllAssembliesAndSetupDomain (315ms)
		LoadAssemblies (296ms)
		RebuildTransferFunctionScriptingTraits (0ms)
		AnalyzeDomain (53ms)
			TypeCache.Refresh (35ms)
				TypeCache.ScanAssembly (0ms)
			ScanForSourceGeneratedMonoScriptInfo (1ms)
			ResolveRequiredComponents (16ms)
	FinalizeReload (1399ms)
		ReleaseScriptCaches (0ms)
		RebuildScriptCaches (0ms)
		SetupLoadedEditorAssemblies (507ms)
			LogAssemblyErrors (0ms)
			InitializePlatformSupportModulesInManaged (9ms)
			SetLoadedEditorAssemblies (4ms)
			RefreshPlugins (0ms)
			BeforeProcessingInitializeOnLoad (54ms)
			ProcessInitializeOnLoadAttributes (407ms)
			ProcessInitializeOnLoadMethodAttributes (31ms)
			AfterProcessingInitializeOnLoad (1ms)
			EditorAssembliesLoaded (1ms)
		ExecutionOrderSort2 (0ms)
		AwakeInstancesAfterBackupRestoration (6ms)
Shader 'TextMeshPro/Distance Field (UIHsvModifier)': fallback shader 'TextMeshPro/Mobile/Distance Field (UIHsv)' not found
Shader 'TextMeshPro/Distance Field (UIHsvModifier)': fallback shader 'TextMeshPro/Mobile/Distance Field (UIHsv)' not found
Refreshing native plugins compatible for Editor in 9.69 ms, found 3 plugins.
Preloading 0 native plugins for Editor in 0.00 ms.
Unloading 6643 Unused Serialized files (Serialized files now loaded: 0)
Unloading 70 unused Assets / (1.9 MB). Loaded Objects now: 7227.
Memory consumption went from 306.5 MB to 304.6 MB.
Total: 5.619083 ms (FindLiveObjects: 0.310333 ms CreateObjectMapping: 0.091042 ms MarkObjects: 4.048083 ms  DeleteObjects: 1.168167 ms)

Prepare: number of updated asset objects reloaded= 0
AssetImportParameters requested are different than current active one (requested -> active):
  custom:container-demuxer-ogg: 62fdf1f143b41e24485cea50d1cbac27 -> 
  custom:container-muxer-webm: aa71ff27fc2769a1b78a27578f13a17b -> 
  custom:video-decoder-webm-vp8: 9c59270c3fd7afecdb556c50c9e8de78 -> 
  custom:SearchIndexIgnoredProperties: e643bd26f0fe6173181afceb89e7c659 -> 
  custom:AudioImporter_EditorPlatform: 3918e3fc78b5a79bad01e8451be0beb8 -> 
  custom:audio-decoder-ogg-vorbis: bf7c407c2cedff20999df2af8eb42d56 -> 
  custom:audio-encoder-webm-vorbis: bf7c407c2cedff20999df2af8eb42d56 -> 
  custom:scripting/precompiled-assembly-types:Assembly-CSharp: 9ab6a026f5680e3dda840a28d13b90c9 -> dd865f2bf1c65a1c7720113f429c2ed7
  custom:video-decoder-ogg-theora: a1e56fd34408186e4bbccfd4996cb3dc -> 
  custom:CustomObjectIndexerAttribute: 9a22284fe3817be447336de3de66b15e -> 
  custom:container-demuxer-webm: 4f35f7cbe854078d1ac9338744f61a02 -> 
  custom:framework-osx-AVFoundation: e770b220cccbd017edd2c1fefb359320 -> 
  custom:video-encoder-webm-vp8: eb34c28f22e8b96e1ab97ce403110664 -> 
========================================================================
Received Prepare
Caller must complete domain reload
Begin MonoManager ReloadAssembly
Thread 0x17d9c7000 may have been prematurely finalized
Symbol file LoadedFromMemory is not a mono symbol file
- Loaded All Assemblies, in  1.301 seconds
Native extension for Android target not found
Native extension for OSXStandalone target not found
Native extension for WebGL target not found
[Package Manager] Server::EnsureServerProcessIsRunning -- launch failed, reason: Unity was launched with the -noUpm command-line argument
[Package Manager] UpmClient::Send -- Unable to send message (not connected to UPM process).
[Package Manager] Cannot connect to Unity Package Manager local server
[Package Manager] Server::EnsureServerProcessIsRunning -- launch failed, reason: Unity was launched with the -noUpm command-line argument
[Package Manager] UpmClient::Send -- Unable to send message (not connected to UPM process).
[Package Manager] Cannot connect to Unity Package Manager local server
Mono: successfully reloaded assembly
- Finished resetting the current domain, in  1.252 seconds
Domain Reload Profiling: 2554ms
	BeginReloadAssembly (291ms)
		ExecutionOrderSort (0ms)
		DisableScriptedObjects (11ms)
		BackupInstance (0ms)
		ReleaseScriptingObjects (0ms)
		CreateAndSetChildDomain (92ms)
	RebuildCommonClasses (19ms)
	RebuildNativeTypeToScriptingClass (7ms)
	initialDomainReloadingComplete (20ms)
	LoadAllAssembliesAndSetupDomain (966ms)
		LoadAssemblies (985ms)
		RebuildTransferFunctionScriptingTraits (0ms)
		AnalyzeDomain (142ms)
			TypeCache.Refresh (63ms)
				TypeCache.ScanAssembly (21ms)
			ScanForSourceGeneratedMonoScriptInfo (49ms)
			ResolveRequiredComponents (29ms)
	FinalizeReload (1252ms)
		ReleaseScriptCaches (0ms)
		RebuildScriptCaches (0ms)
		SetupLoadedEditorAssemblies (444ms)
			LogAssemblyErrors (0ms)
			InitializePlatformSupportModulesInManaged (10ms)
			SetLoadedEditorAssemblies (4ms)
			RefreshPlugins (0ms)
			BeforeProcessingInitializeOnLoad (46ms)
			ProcessInitializeOnLoadAttributes (355ms)
			ProcessInitializeOnLoadMethodAttributes (27ms)
			AfterProcessingInitializeOnLoad (1ms)
			EditorAssembliesLoaded (1ms)
		ExecutionOrderSort2 (0ms)
		AwakeInstancesAfterBackupRestoration (6ms)
Shader 'TextMeshPro/Distance Field (UIHsvModifier)': fallback shader 'TextMeshPro/Mobile/Distance Field (UIHsv)' not found
Shader 'TextMeshPro/Distance Field (UIHsvModifier)': fallback shader 'TextMeshPro/Mobile/Distance Field (UIHsv)' not found
Refreshing native plugins compatible for Editor in 27.26 ms, found 3 plugins.
Preloading 0 native plugins for Editor in 0.00 ms.
Unloading 6643 Unused Serialized files (Serialized files now loaded: 0)
Unloading 70 unused Assets / (1.9 MB). Loaded Objects now: 7231.
Memory consumption went from 315.9 MB to 314.1 MB.
Total: 16.775208 ms (FindLiveObjects: 0.537792 ms CreateObjectMapping: 0.086792 ms MarkObjects: 14.769542 ms  DeleteObjects: 1.380292 ms)

Prepare: number of updated asset objects reloaded= 0
AssetImportParameters requested are different than current active one (requested -> active):
  custom:container-demuxer-ogg: 62fdf1f143b41e24485cea50d1cbac27 -> 
  custom:container-muxer-webm: aa71ff27fc2769a1b78a27578f13a17b -> 
  custom:video-decoder-webm-vp8: 9c59270c3fd7afecdb556c50c9e8de78 -> 
  custom:SearchIndexIgnoredProperties: e643bd26f0fe6173181afceb89e7c659 -> 
  custom:AudioImporter_EditorPlatform: 3918e3fc78b5a79bad01e8451be0beb8 -> 
  custom:audio-decoder-ogg-vorbis: bf7c407c2cedff20999df2af8eb42d56 -> 
  custom:audio-encoder-webm-vorbis: bf7c407c2cedff20999df2af8eb42d56 -> 
  custom:scripting/precompiled-assembly-types:Assembly-CSharp: 9ab6a026f5680e3dda840a28d13b90c9 -> dd865f2bf1c65a1c7720113f429c2ed7
  custom:video-decoder-ogg-theora: a1e56fd34408186e4bbccfd4996cb3dc -> 
  custom:CustomObjectIndexerAttribute: 9a22284fe3817be447336de3de66b15e -> 
  custom:container-demuxer-webm: 4f35f7cbe854078d1ac9338744f61a02 -> 
  custom:framework-osx-AVFoundation: e770b220cccbd017edd2c1fefb359320 -> 
  custom:video-encoder-webm-vp8: eb34c28f22e8b96e1ab97ce403110664 -> 
========================================================================
Received Prepare
Caller must complete domain reload
Begin MonoManager ReloadAssembly
Thread 0x17d9c7000 may have been prematurely finalized
Symbol file LoadedFromMemory is not a mono symbol file
- Loaded All Assemblies, in  0.618 seconds
Native extension for Android target not found
Native extension for OSXStandalone target not found
Native extension for WebGL target not found
[Package Manager] Server::EnsureServerProcessIsRunning -- launch failed, reason: Unity was launched with the -noUpm command-line argument
[Package Manager] UpmClient::Send -- Unable to send message (not connected to UPM process).
[Package Manager] Cannot connect to Unity Package Manager local server
[Package Manager] Server::EnsureServerProcessIsRunning -- launch failed, reason: Unity was launched with the -noUpm command-line argument
[Package Manager] UpmClient::Send -- Unable to send message (not connected to UPM process).
[Package Manager] Cannot connect to Unity Package Manager local server
Mono: successfully reloaded assembly
- Finished resetting the current domain, in  1.698 seconds
Domain Reload Profiling: 2317ms
	BeginReloadAssembly (168ms)
		ExecutionOrderSort (0ms)
		DisableScriptedObjects (12ms)
		BackupInstance (0ms)
		ReleaseScriptingObjects (0ms)
		CreateAndSetChildDomain (48ms)
	RebuildCommonClasses (27ms)
	RebuildNativeTypeToScriptingClass (8ms)
	initialDomainReloadingComplete (21ms)
	LoadAllAssembliesAndSetupDomain (395ms)
		LoadAssemblies (446ms)
		RebuildTransferFunctionScriptingTraits (0ms)
		AnalyzeDomain (27ms)
			TypeCache.Refresh (16ms)
				TypeCache.ScanAssembly (0ms)
			ScanForSourceGeneratedMonoScriptInfo (0ms)
			ResolveRequiredComponents (9ms)
	FinalizeReload (1698ms)
		ReleaseScriptCaches (0ms)
		RebuildScriptCaches (0ms)
		SetupLoadedEditorAssemblies (532ms)
			LogAssemblyErrors (0ms)
			InitializePlatformSupportModulesInManaged (11ms)
			SetLoadedEditorAssemblies (5ms)
			RefreshPlugins (0ms)
			BeforeProcessingInitializeOnLoad (54ms)
			ProcessInitializeOnLoadAttributes (426ms)
			ProcessInitializeOnLoadMethodAttributes (33ms)
			AfterProcessingInitializeOnLoad (1ms)
			EditorAssembliesLoaded (0ms)
		ExecutionOrderSort2 (0ms)
		AwakeInstancesAfterBackupRestoration (7ms)
Shader 'TextMeshPro/Distance Field (UIHsvModifier)': fallback shader 'TextMeshPro/Mobile/Distance Field (UIHsv)' not found
Shader 'TextMeshPro/Distance Field (UIHsvModifier)': fallback shader 'TextMeshPro/Mobile/Distance Field (UIHsv)' not found
Refreshing native plugins compatible for Editor in 38.60 ms, found 3 plugins.
Preloading 0 native plugins for Editor in 0.00 ms.
Unloading 6643 Unused Serialized files (Serialized files now loaded: 0)
Unloading 70 unused Assets / (1.8 MB). Loaded Objects now: 7235.
Memory consumption went from 325.7 MB to 323.9 MB.
Total: 6.163500 ms (FindLiveObjects: 0.515000 ms CreateObjectMapping: 0.094250 ms MarkObjects: 4.455334 ms  DeleteObjects: 1.098291 ms)

Prepare: number of updated asset objects reloaded= 0
AssetImportParameters requested are different than current active one (requested -> active):
  custom:container-demuxer-ogg: 62fdf1f143b41e24485cea50d1cbac27 -> 
  custom:container-muxer-webm: aa71ff27fc2769a1b78a27578f13a17b -> 
  custom:video-decoder-webm-vp8: 9c59270c3fd7afecdb556c50c9e8de78 -> 
  custom:SearchIndexIgnoredProperties: e643bd26f0fe6173181afceb89e7c659 -> 
  custom:AudioImporter_EditorPlatform: 3918e3fc78b5a79bad01e8451be0beb8 -> 
  custom:audio-decoder-ogg-vorbis: bf7c407c2cedff20999df2af8eb42d56 -> 
  custom:audio-encoder-webm-vorbis: bf7c407c2cedff20999df2af8eb42d56 -> 
  custom:scripting/precompiled-assembly-types:Assembly-CSharp: 9ab6a026f5680e3dda840a28d13b90c9 -> dd865f2bf1c65a1c7720113f429c2ed7
  custom:video-decoder-ogg-theora: a1e56fd34408186e4bbccfd4996cb3dc -> 
  custom:CustomObjectIndexerAttribute: 9a22284fe3817be447336de3de66b15e -> 
  custom:container-demuxer-webm: 4f35f7cbe854078d1ac9338744f61a02 -> 
  custom:framework-osx-AVFoundation: e770b220cccbd017edd2c1fefb359320 -> 
  custom:video-encoder-webm-vp8: eb34c28f22e8b96e1ab97ce403110664 -> 
========================================================================
Received Prepare
Caller must complete domain reload
Begin MonoManager ReloadAssembly
Thread 0x17d9c7000 may have been prematurely finalized
Symbol file LoadedFromMemory is not a mono symbol file
- Loaded All Assemblies, in  0.952 seconds
Native extension for Android target not found
Native extension for OSXStandalone target not found
Native extension for WebGL target not found
[Package Manager] Server::EnsureServerProcessIsRunning -- launch failed, reason: Unity was launched with the -noUpm command-line argument
[Package Manager] UpmClient::Send -- Unable to send message (not connected to UPM process).
[Package Manager] Cannot connect to Unity Package Manager local server
[Package Manager] Server::EnsureServerProcessIsRunning -- launch failed, reason: Unity was launched with the -noUpm command-line argument
[Package Manager] UpmClient::Send -- Unable to send message (not connected to UPM process).
[Package Manager] Cannot connect to Unity Package Manager local server
Mono: successfully reloaded assembly
- Finished resetting the current domain, in  1.255 seconds
Domain Reload Profiling: 2207ms
	BeginReloadAssembly (168ms)
		ExecutionOrderSort (0ms)
		DisableScriptedObjects (7ms)
		BackupInstance (0ms)
		ReleaseScriptingObjects (0ms)
		CreateAndSetChildDomain (60ms)
	RebuildCommonClasses (24ms)
	RebuildNativeTypeToScriptingClass (9ms)
	initialDomainReloadingComplete (26ms)
	LoadAllAssembliesAndSetupDomain (725ms)
		LoadAssemblies (678ms)
		RebuildTransferFunctionScriptingTraits (0ms)
		AnalyzeDomain (119ms)
			TypeCache.Refresh (64ms)
				TypeCache.ScanAssembly (15ms)
			ScanForSourceGeneratedMonoScriptInfo (46ms)
			ResolveRequiredComponents (8ms)
	FinalizeReload (1255ms)
		ReleaseScriptCaches (0ms)
		RebuildScriptCaches (0ms)
		SetupLoadedEditorAssemblies (511ms)
			LogAssemblyErrors (0ms)
			InitializePlatformSupportModulesInManaged (16ms)
			SetLoadedEditorAssemblies (4ms)
			RefreshPlugins (0ms)
			BeforeProcessingInitializeOnLoad (48ms)
			ProcessInitializeOnLoadAttributes (413ms)
			ProcessInitializeOnLoadMethodAttributes (29ms)
			AfterProcessingInitializeOnLoad (1ms)
			EditorAssembliesLoaded (0ms)
		ExecutionOrderSort2 (0ms)
		AwakeInstancesAfterBackupRestoration (6ms)
Shader 'TextMeshPro/Distance Field (UIHsvModifier)': fallback shader 'TextMeshPro/Mobile/Distance Field (UIHsv)' not found
Shader 'TextMeshPro/Distance Field (UIHsvModifier)': fallback shader 'TextMeshPro/Mobile/Distance Field (UIHsv)' not found
Refreshing native plugins compatible for Editor in 32.02 ms, found 3 plugins.
Preloading 0 native plugins for Editor in 0.00 ms.
Unloading 6643 Unused Serialized files (Serialized files now loaded: 0)
Unloading 70 unused Assets / (1.8 MB). Loaded Objects now: 7239.
Memory consumption went from 335.5 MB to 333.7 MB.
Total: 5.039041 ms (FindLiveObjects: 0.300791 ms CreateObjectMapping: 0.089125 ms MarkObjects: 3.727459 ms  DeleteObjects: 0.920916 ms)

Prepare: number of updated asset objects reloaded= 0
AssetImportParameters requested are different than current active one (requested -> active):
  custom:container-demuxer-ogg: 62fdf1f143b41e24485cea50d1cbac27 -> 
  custom:container-muxer-webm: aa71ff27fc2769a1b78a27578f13a17b -> 
  custom:video-decoder-webm-vp8: 9c59270c3fd7afecdb556c50c9e8de78 -> 
  custom:SearchIndexIgnoredProperties: e643bd26f0fe6173181afceb89e7c659 -> 
  custom:AudioImporter_EditorPlatform: 3918e3fc78b5a79bad01e8451be0beb8 -> 
  custom:audio-decoder-ogg-vorbis: bf7c407c2cedff20999df2af8eb42d56 -> 
  custom:audio-encoder-webm-vorbis: bf7c407c2cedff20999df2af8eb42d56 -> 
  custom:scripting/precompiled-assembly-types:Assembly-CSharp: 9ab6a026f5680e3dda840a28d13b90c9 -> dd865f2bf1c65a1c7720113f429c2ed7
  custom:video-decoder-ogg-theora: a1e56fd34408186e4bbccfd4996cb3dc -> 
  custom:CustomObjectIndexerAttribute: 9a22284fe3817be447336de3de66b15e -> 
  custom:container-demuxer-webm: 4f35f7cbe854078d1ac9338744f61a02 -> 
  custom:framework-osx-AVFoundation: e770b220cccbd017edd2c1fefb359320 -> 
  custom:video-encoder-webm-vp8: eb34c28f22e8b96e1ab97ce403110664 -> 
========================================================================
Received Prepare
Caller must complete domain reload
Begin MonoManager ReloadAssembly
Thread 0x17d9c7000 may have been prematurely finalized
Symbol file LoadedFromMemory is not a mono symbol file
- Loaded All Assemblies, in  0.462 seconds
Native extension for Android target not found
Native extension for OSXStandalone target not found
Native extension for WebGL target not found
[Package Manager] Server::EnsureServerProcessIsRunning -- launch failed, reason: Unity was launched with the -noUpm command-line argument
[Package Manager] UpmClient::Send -- Unable to send message (not connected to UPM process).
[Package Manager] Cannot connect to Unity Package Manager local server
[Package Manager] Server::EnsureServerProcessIsRunning -- launch failed, reason: Unity was launched with the -noUpm command-line argument
[Package Manager] UpmClient::Send -- Unable to send message (not connected to UPM process).
[Package Manager] Cannot connect to Unity Package Manager local server
Mono: successfully reloaded assembly
- Finished resetting the current domain, in  1.215 seconds
Domain Reload Profiling: 1677ms
	BeginReloadAssembly (126ms)
		ExecutionOrderSort (0ms)
		DisableScriptedObjects (12ms)
		BackupInstance (0ms)
		ReleaseScriptingObjects (0ms)
		CreateAndSetChildDomain (43ms)
	RebuildCommonClasses (22ms)
	RebuildNativeTypeToScriptingClass (8ms)
	initialDomainReloadingComplete (25ms)
	LoadAllAssembliesAndSetupDomain (281ms)
		LoadAssemblies (306ms)
		RebuildTransferFunctionScriptingTraits (0ms)
		AnalyzeDomain (23ms)
			TypeCache.Refresh (10ms)
				TypeCache.ScanAssembly (0ms)
			ScanForSourceGeneratedMonoScriptInfo (0ms)
			ResolveRequiredComponents (12ms)
	FinalizeReload (1216ms)
		ReleaseScriptCaches (0ms)
		RebuildScriptCaches (0ms)
		SetupLoadedEditorAssemblies (489ms)
			LogAssemblyErrors (0ms)
			InitializePlatformSupportModulesInManaged (9ms)
			SetLoadedEditorAssemblies (6ms)
			RefreshPlugins (0ms)
			BeforeProcessingInitializeOnLoad (49ms)
			ProcessInitializeOnLoadAttributes (392ms)
			ProcessInitializeOnLoadMethodAttributes (32ms)
			AfterProcessingInitializeOnLoad (1ms)
			EditorAssembliesLoaded (0ms)
		ExecutionOrderSort2 (0ms)
		AwakeInstancesAfterBackupRestoration (6ms)
Shader 'TextMeshPro/Distance Field (UIHsvModifier)': fallback shader 'TextMeshPro/Mobile/Distance Field (UIHsv)' not found
Shader 'TextMeshPro/Distance Field (UIHsvModifier)': fallback shader 'TextMeshPro/Mobile/Distance Field (UIHsv)' not found
Refreshing native plugins compatible for Editor in 9.72 ms, found 3 plugins.
Preloading 0 native plugins for Editor in 0.00 ms.
Unloading 6643 Unused Serialized files (Serialized files now loaded: 0)
Unloading 70 unused Assets / (1.9 MB). Loaded Objects now: 7243.
Memory consumption went from 345.3 MB to 343.4 MB.
Total: 6.263208 ms (FindLiveObjects: 0.323125 ms CreateObjectMapping: 0.092375 ms MarkObjects: 4.537083 ms  DeleteObjects: 1.308625 ms)

Prepare: number of updated asset objects reloaded= 0
AssetImportParameters requested are different than current active one (requested -> active):
  custom:container-demuxer-ogg: 62fdf1f143b41e24485cea50d1cbac27 -> 
  custom:container-muxer-webm: aa71ff27fc2769a1b78a27578f13a17b -> 
  custom:video-decoder-webm-vp8: 9c59270c3fd7afecdb556c50c9e8de78 -> 
  custom:SearchIndexIgnoredProperties: e643bd26f0fe6173181afceb89e7c659 -> 
  custom:AudioImporter_EditorPlatform: 3918e3fc78b5a79bad01e8451be0beb8 -> 
  custom:audio-decoder-ogg-vorbis: bf7c407c2cedff20999df2af8eb42d56 -> 
  custom:audio-encoder-webm-vorbis: bf7c407c2cedff20999df2af8eb42d56 -> 
  custom:scripting/precompiled-assembly-types:Assembly-CSharp: 9ab6a026f5680e3dda840a28d13b90c9 -> dd865f2bf1c65a1c7720113f429c2ed7
  custom:video-decoder-ogg-theora: a1e56fd34408186e4bbccfd4996cb3dc -> 
  custom:CustomObjectIndexerAttribute: 9a22284fe3817be447336de3de66b15e -> 
  custom:container-demuxer-webm: 4f35f7cbe854078d1ac9338744f61a02 -> 
  custom:framework-osx-AVFoundation: e770b220cccbd017edd2c1fefb359320 -> 
  custom:video-encoder-webm-vp8: eb34c28f22e8b96e1ab97ce403110664 -> 
========================================================================
Received Prepare
Caller must complete domain reload
Begin MonoManager ReloadAssembly
Thread 0x17d9c7000 may have been prematurely finalized
Symbol file LoadedFromMemory is not a mono symbol file
- Loaded All Assemblies, in  0.859 seconds
Native extension for Android target not found
Native extension for OSXStandalone target not found
Native extension for WebGL target not found
[Package Manager] Server::EnsureServerProcessIsRunning -- launch failed, reason: Unity was launched with the -noUpm command-line argument
[Package Manager] UpmClient::Send -- Unable to send message (not connected to UPM process).
[Package Manager] Cannot connect to Unity Package Manager local server
[Package Manager] Server::EnsureServerProcessIsRunning -- launch failed, reason: Unity was launched with the -noUpm command-line argument
[Package Manager] UpmClient::Send -- Unable to send message (not connected to UPM process).
[Package Manager] Cannot connect to Unity Package Manager local server
Mono: successfully reloaded assembly
- Finished resetting the current domain, in  1.147 seconds
Domain Reload Profiling: 2006ms
	BeginReloadAssembly (143ms)
		ExecutionOrderSort (0ms)
		DisableScriptedObjects (12ms)
		BackupInstance (0ms)
		ReleaseScriptingObjects (0ms)
		CreateAndSetChildDomain (46ms)
	RebuildCommonClasses (20ms)
	RebuildNativeTypeToScriptingClass (8ms)
	initialDomainReloadingComplete (26ms)
	LoadAllAssembliesAndSetupDomain (662ms)
		LoadAssemblies (652ms)
		RebuildTransferFunctionScriptingTraits (0ms)
		AnalyzeDomain (69ms)
			TypeCache.Refresh (47ms)
				TypeCache.ScanAssembly (11ms)
			ScanForSourceGeneratedMonoScriptInfo (13ms)
			ResolveRequiredComponents (8ms)
	FinalizeReload (1148ms)
		ReleaseScriptCaches (0ms)
		RebuildScriptCaches (0ms)
		SetupLoadedEditorAssemblies (449ms)
			LogAssemblyErrors (0ms)
			InitializePlatformSupportModulesInManaged (9ms)
			SetLoadedEditorAssemblies (4ms)
			RefreshPlugins (0ms)
			BeforeProcessingInitializeOnLoad (46ms)
			ProcessInitializeOnLoadAttributes (359ms)
			ProcessInitializeOnLoadMethodAttributes (29ms)
			AfterProcessingInitializeOnLoad (1ms)
			EditorAssembliesLoaded (0ms)
		ExecutionOrderSort2 (0ms)
		AwakeInstancesAfterBackupRestoration (6ms)
Shader 'TextMeshPro/Distance Field (UIHsvModifier)': fallback shader 'TextMeshPro/Mobile/Distance Field (UIHsv)' not found
Shader 'TextMeshPro/Distance Field (UIHsvModifier)': fallback shader 'TextMeshPro/Mobile/Distance Field (UIHsv)' not found
Refreshing native plugins compatible for Editor in 23.98 ms, found 3 plugins.
Preloading 0 native plugins for Editor in 0.00 ms.
Unloading 6643 Unused Serialized files (Serialized files now loaded: 0)
Unloading 70 unused Assets / (1.9 MB). Loaded Objects now: 7247.
Memory consumption went from 355.1 MB to 353.2 MB.
Total: 4.789583 ms (FindLiveObjects: 0.443167 ms CreateObjectMapping: 0.108417 ms MarkObjects: 3.315875 ms  DeleteObjects: 0.921167 ms)

Prepare: number of updated asset objects reloaded= 0
AssetImportParameters requested are different than current active one (requested -> active):
  custom:container-demuxer-ogg: 62fdf1f143b41e24485cea50d1cbac27 -> 
  custom:container-muxer-webm: aa71ff27fc2769a1b78a27578f13a17b -> 
  custom:video-decoder-webm-vp8: 9c59270c3fd7afecdb556c50c9e8de78 -> 
  custom:SearchIndexIgnoredProperties: e643bd26f0fe6173181afceb89e7c659 -> 
  custom:AudioImporter_EditorPlatform: 3918e3fc78b5a79bad01e8451be0beb8 -> 
  custom:audio-decoder-ogg-vorbis: bf7c407c2cedff20999df2af8eb42d56 -> 
  custom:audio-encoder-webm-vorbis: bf7c407c2cedff20999df2af8eb42d56 -> 
  custom:scripting/precompiled-assembly-types:Assembly-CSharp: 9ab6a026f5680e3dda840a28d13b90c9 -> dd865f2bf1c65a1c7720113f429c2ed7
  custom:video-decoder-ogg-theora: a1e56fd34408186e4bbccfd4996cb3dc -> 
  custom:CustomObjectIndexerAttribute: 9a22284fe3817be447336de3de66b15e -> 
  custom:container-demuxer-webm: 4f35f7cbe854078d1ac9338744f61a02 -> 
  custom:framework-osx-AVFoundation: e770b220cccbd017edd2c1fefb359320 -> 
  custom:video-encoder-webm-vp8: eb34c28f22e8b96e1ab97ce403110664 -> 
========================================================================
Received Prepare
Caller must complete domain reload
Begin MonoManager ReloadAssembly
Thread 0x17d9c7000 may have been prematurely finalized
Symbol file LoadedFromMemory is not a mono symbol file
- Loaded All Assemblies, in  0.474 seconds
Native extension for Android target not found
Native extension for OSXStandalone target not found
Native extension for WebGL target not found
[Package Manager] Server::EnsureServerProcessIsRunning -- launch failed, reason: Unity was launched with the -noUpm command-line argument
[Package Manager] UpmClient::Send -- Unable to send message (not connected to UPM process).
[Package Manager] Cannot connect to Unity Package Manager local server
[Package Manager] Server::EnsureServerProcessIsRunning -- launch failed, reason: Unity was launched with the -noUpm command-line argument
[Package Manager] UpmClient::Send -- Unable to send message (not connected to UPM process).
[Package Manager] Cannot connect to Unity Package Manager local server
Mono: successfully reloaded assembly
- Finished resetting the current domain, in  1.206 seconds
Domain Reload Profiling: 1681ms
	BeginReloadAssembly (123ms)
		ExecutionOrderSort (0ms)
		DisableScriptedObjects (11ms)
		BackupInstance (0ms)
		ReleaseScriptingObjects (0ms)
		CreateAndSetChildDomain (46ms)
	RebuildCommonClasses (21ms)
	RebuildNativeTypeToScriptingClass (8ms)
	initialDomainReloadingComplete (18ms)
	LoadAllAssembliesAndSetupDomain (304ms)
		LoadAssemblies (316ms)
		RebuildTransferFunctionScriptingTraits (0ms)
		AnalyzeDomain (27ms)
			TypeCache.Refresh (17ms)
				TypeCache.ScanAssembly (0ms)
			ScanForSourceGeneratedMonoScriptInfo (0ms)
			ResolveRequiredComponents (9ms)
	FinalizeReload (1206ms)
		ReleaseScriptCaches (0ms)
		RebuildScriptCaches (0ms)
		SetupLoadedEditorAssemblies (482ms)
			LogAssemblyErrors (0ms)
			InitializePlatformSupportModulesInManaged (12ms)
			SetLoadedEditorAssemblies (4ms)
			RefreshPlugins (0ms)
			BeforeProcessingInitializeOnLoad (48ms)
			ProcessInitializeOnLoadAttributes (386ms)
			ProcessInitializeOnLoadMethodAttributes (29ms)
			AfterProcessingInitializeOnLoad (1ms)
			EditorAssembliesLoaded (1ms)
		ExecutionOrderSort2 (0ms)
		AwakeInstancesAfterBackupRestoration (6ms)
Shader 'TextMeshPro/Distance Field (UIHsvModifier)': fallback shader 'TextMeshPro/Mobile/Distance Field (UIHsv)' not found
Shader 'TextMeshPro/Distance Field (UIHsvModifier)': fallback shader 'TextMeshPro/Mobile/Distance Field (UIHsv)' not found
Refreshing native plugins compatible for Editor in 9.24 ms, found 3 plugins.
Preloading 0 native plugins for Editor in 0.00 ms.
Unloading 6643 Unused Serialized files (Serialized files now loaded: 0)
Unloading 70 unused Assets / (1.9 MB). Loaded Objects now: 7251.
Memory consumption went from 365.0 MB to 363.1 MB.
Total: 5.245083 ms (FindLiveObjects: 0.295125 ms CreateObjectMapping: 0.089166 ms MarkObjects: 3.844250 ms  DeleteObjects: 1.015167 ms)

Prepare: number of updated asset objects reloaded= 0
AssetImportParameters requested are different than current active one (requested -> active):
  custom:container-demuxer-ogg: 62fdf1f143b41e24485cea50d1cbac27 -> 
  custom:container-muxer-webm: aa71ff27fc2769a1b78a27578f13a17b -> 
  custom:video-decoder-webm-vp8: 9c59270c3fd7afecdb556c50c9e8de78 -> 
  custom:SearchIndexIgnoredProperties: e643bd26f0fe6173181afceb89e7c659 -> 
  custom:AudioImporter_EditorPlatform: 3918e3fc78b5a79bad01e8451be0beb8 -> 
  custom:audio-decoder-ogg-vorbis: bf7c407c2cedff20999df2af8eb42d56 -> 
  custom:audio-encoder-webm-vorbis: bf7c407c2cedff20999df2af8eb42d56 -> 
  custom:scripting/precompiled-assembly-types:Assembly-CSharp: 9ab6a026f5680e3dda840a28d13b90c9 -> dd865f2bf1c65a1c7720113f429c2ed7
  custom:video-decoder-ogg-theora: a1e56fd34408186e4bbccfd4996cb3dc -> 
  custom:CustomObjectIndexerAttribute: 9a22284fe3817be447336de3de66b15e -> 
  custom:container-demuxer-webm: 4f35f7cbe854078d1ac9338744f61a02 -> 
  custom:framework-osx-AVFoundation: e770b220cccbd017edd2c1fefb359320 -> 
  custom:video-encoder-webm-vp8: eb34c28f22e8b96e1ab97ce403110664 -> 
========================================================================
Received Prepare
Caller must complete domain reload
Begin MonoManager ReloadAssembly
Thread 0x17e113000 may have been prematurely finalized
Symbol file LoadedFromMemory is not a mono symbol file
- Loaded All Assemblies, in  0.499 seconds
Native extension for Android target not found
Native extension for OSXStandalone target not found
Native extension for WebGL target not found
[Package Manager] Server::EnsureServerProcessIsRunning -- launch failed, reason: Unity was launched with the -noUpm command-line argument
[Package Manager] UpmClient::Send -- Unable to send message (not connected to UPM process).
[Package Manager] Cannot connect to Unity Package Manager local server
[Package Manager] Server::EnsureServerProcessIsRunning -- launch failed, reason: Unity was launched with the -noUpm command-line argument
[Package Manager] UpmClient::Send -- Unable to send message (not connected to UPM process).
[Package Manager] Cannot connect to Unity Package Manager local server
Mono: successfully reloaded assembly
- Finished resetting the current domain, in  1.203 seconds
Domain Reload Profiling: 1703ms
	BeginReloadAssembly (113ms)
		ExecutionOrderSort (0ms)
		DisableScriptedObjects (8ms)
		BackupInstance (0ms)
		ReleaseScriptingObjects (0ms)
		CreateAndSetChildDomain (45ms)
	RebuildCommonClasses (24ms)
	RebuildNativeTypeToScriptingClass (8ms)
	initialDomainReloadingComplete (21ms)
	LoadAllAssembliesAndSetupDomain (333ms)
		LoadAssemblies (294ms)
		RebuildTransferFunctionScriptingTraits (0ms)
		AnalyzeDomain (75ms)
			TypeCache.Refresh (52ms)
				TypeCache.ScanAssembly (15ms)
			ScanForSourceGeneratedMonoScriptInfo (15ms)
			ResolveRequiredComponents (8ms)
	FinalizeReload (1204ms)
		ReleaseScriptCaches (0ms)
		RebuildScriptCaches (0ms)
		SetupLoadedEditorAssemblies (438ms)
			LogAssemblyErrors (0ms)
			InitializePlatformSupportModulesInManaged (10ms)
			SetLoadedEditorAssemblies (4ms)
			RefreshPlugins (0ms)
			BeforeProcessingInitializeOnLoad (47ms)
			ProcessInitializeOnLoadAttributes (348ms)
			ProcessInitializeOnLoadMethodAttributes (28ms)
			AfterProcessingInitializeOnLoad (1ms)
			EditorAssembliesLoaded (0ms)
		ExecutionOrderSort2 (0ms)
		AwakeInstancesAfterBackupRestoration (6ms)
Shader 'TextMeshPro/Distance Field (UIHsvModifier)': fallback shader 'TextMeshPro/Mobile/Distance Field (UIHsv)' not found
Shader 'TextMeshPro/Distance Field (UIHsvModifier)': fallback shader 'TextMeshPro/Mobile/Distance Field (UIHsv)' not found
Refreshing native plugins compatible for Editor in 9.18 ms, found 3 plugins.
Preloading 0 native plugins for Editor in 0.00 ms.
Unloading 6643 Unused Serialized files (Serialized files now loaded: 0)
Unloading 70 unused Assets / (1.9 MB). Loaded Objects now: 7255.
Memory consumption went from 374.7 MB to 372.8 MB.
Total: 4.777834 ms (FindLiveObjects: 0.265000 ms CreateObjectMapping: 0.096125 ms MarkObjects: 3.489041 ms  DeleteObjects: 0.926417 ms)

Prepare: number of updated asset objects reloaded= 0
AssetImportParameters requested are different than current active one (requested -> active):
  custom:container-demuxer-ogg: 62fdf1f143b41e24485cea50d1cbac27 -> 
  custom:container-muxer-webm: aa71ff27fc2769a1b78a27578f13a17b -> 
  custom:video-decoder-webm-vp8: 9c59270c3fd7afecdb556c50c9e8de78 -> 
  custom:SearchIndexIgnoredProperties: e643bd26f0fe6173181afceb89e7c659 -> 
  custom:AudioImporter_EditorPlatform: 3918e3fc78b5a79bad01e8451be0beb8 -> 
  custom:audio-decoder-ogg-vorbis: bf7c407c2cedff20999df2af8eb42d56 -> 
  custom:audio-encoder-webm-vorbis: bf7c407c2cedff20999df2af8eb42d56 -> 
  custom:scripting/precompiled-assembly-types:Assembly-CSharp: 3d582e4f672f540e71e459baec3cbceb -> dd865f2bf1c65a1c7720113f429c2ed7
  custom:video-decoder-ogg-theora: a1e56fd34408186e4bbccfd4996cb3dc -> 
  custom:CustomObjectIndexerAttribute: 9a22284fe3817be447336de3de66b15e -> 
  custom:container-demuxer-webm: 4f35f7cbe854078d1ac9338744f61a02 -> 
  custom:framework-osx-AVFoundation: e770b220cccbd017edd2c1fefb359320 -> 
  custom:video-encoder-webm-vp8: eb34c28f22e8b96e1ab97ce403110664 -> 
========================================================================
Received Prepare
Caller must complete domain reload
Begin MonoManager ReloadAssembly
Thread 0x16b5c3000 may have been prematurely finalized
Symbol file LoadedFromMemory is not a mono symbol file
- Loaded All Assemblies, in  0.510 seconds
Native extension for Android target not found
Native extension for OSXStandalone target not found
Native extension for WebGL target not found
[Package Manager] Server::EnsureServerProcessIsRunning -- launch failed, reason: Unity was launched with the -noUpm command-line argument
[Package Manager] UpmClient::Send -- Unable to send message (not connected to UPM process).
[Package Manager] Cannot connect to Unity Package Manager local server
[Package Manager] Server::EnsureServerProcessIsRunning -- launch failed, reason: Unity was launched with the -noUpm command-line argument
[Package Manager] UpmClient::Send -- Unable to send message (not connected to UPM process).
[Package Manager] Cannot connect to Unity Package Manager local server
Mono: successfully reloaded assembly
- Finished resetting the current domain, in  1.317 seconds
Domain Reload Profiling: 1829ms
	BeginReloadAssembly (132ms)
		ExecutionOrderSort (0ms)
		DisableScriptedObjects (14ms)
		BackupInstance (0ms)
		ReleaseScriptingObjects (0ms)
		CreateAndSetChildDomain (49ms)
	RebuildCommonClasses (24ms)
	RebuildNativeTypeToScriptingClass (8ms)
	initialDomainReloadingComplete (22ms)
	LoadAllAssembliesAndSetupDomain (325ms)
		LoadAssemblies (316ms)
		RebuildTransferFunctionScriptingTraits (0ms)
		AnalyzeDomain (49ms)
			TypeCache.Refresh (31ms)
				TypeCache.ScanAssembly (0ms)
			ScanForSourceGeneratedMonoScriptInfo (0ms)
			ResolveRequiredComponents (15ms)
	FinalizeReload (1318ms)
		ReleaseScriptCaches (0ms)
		RebuildScriptCaches (0ms)
		SetupLoadedEditorAssemblies (542ms)
			LogAssemblyErrors (0ms)
			InitializePlatformSupportModulesInManaged (16ms)
			SetLoadedEditorAssemblies (5ms)
			RefreshPlugins (0ms)
			BeforeProcessingInitializeOnLoad (50ms)
			ProcessInitializeOnLoadAttributes (434ms)
			ProcessInitializeOnLoadMethodAttributes (36ms)
			AfterProcessingInitializeOnLoad (1ms)
			EditorAssembliesLoaded (1ms)
		ExecutionOrderSort2 (0ms)
		AwakeInstancesAfterBackupRestoration (6ms)
Shader 'TextMeshPro/Distance Field (UIHsvModifier)': fallback shader 'TextMeshPro/Mobile/Distance Field (UIHsv)' not found
Shader 'TextMeshPro/Distance Field (UIHsvModifier)': fallback shader 'TextMeshPro/Mobile/Distance Field (UIHsv)' not found
Refreshing native plugins compatible for Editor in 26.13 ms, found 3 plugins.
Preloading 0 native plugins for Editor in 0.00 ms.
Unloading 6643 Unused Serialized files (Serialized files now loaded: 0)
Unloading 70 unused Assets / (1.9 MB). Loaded Objects now: 7259.
Memory consumption went from 384.4 MB to 382.5 MB.
Total: 5.692167 ms (FindLiveObjects: 0.607750 ms CreateObjectMapping: 0.090166 ms MarkObjects: 3.929959 ms  DeleteObjects: 1.063458 ms)

Prepare: number of updated asset objects reloaded= 0
AssetImportParameters requested are different than current active one (requested -> active):
  custom:container-demuxer-ogg: 62fdf1f143b41e24485cea50d1cbac27 -> 
  custom:container-muxer-webm: aa71ff27fc2769a1b78a27578f13a17b -> 
  custom:video-decoder-webm-vp8: 9c59270c3fd7afecdb556c50c9e8de78 -> 
  custom:SearchIndexIgnoredProperties: e643bd26f0fe6173181afceb89e7c659 -> 
  custom:AudioImporter_EditorPlatform: 3918e3fc78b5a79bad01e8451be0beb8 -> 
  custom:audio-decoder-ogg-vorbis: bf7c407c2cedff20999df2af8eb42d56 -> 
  custom:audio-encoder-webm-vorbis: bf7c407c2cedff20999df2af8eb42d56 -> 
  custom:scripting/precompiled-assembly-types:Assembly-CSharp: 3d582e4f672f540e71e459baec3cbceb -> dd865f2bf1c65a1c7720113f429c2ed7
  custom:video-decoder-ogg-theora: a1e56fd34408186e4bbccfd4996cb3dc -> 
  custom:CustomObjectIndexerAttribute: 9a22284fe3817be447336de3de66b15e -> 
  custom:container-demuxer-webm: 4f35f7cbe854078d1ac9338744f61a02 -> 
  custom:framework-osx-AVFoundation: e770b220cccbd017edd2c1fefb359320 -> 
  custom:video-encoder-webm-vp8: eb34c28f22e8b96e1ab97ce403110664 -> 
========================================================================
Received Prepare
Caller must complete domain reload
Begin MonoManager ReloadAssembly
Thread 0x16b5c3000 may have been prematurely finalized
Symbol file LoadedFromMemory is not a mono symbol file
- Loaded All Assemblies, in  0.538 seconds
Native extension for Android target not found
Native extension for OSXStandalone target not found
Native extension for WebGL target not found
[Package Manager] Server::EnsureServerProcessIsRunning -- launch failed, reason: Unity was launched with the -noUpm command-line argument
[Package Manager] UpmClient::Send -- Unable to send message (not connected to UPM process).
[Package Manager] Cannot connect to Unity Package Manager local server
[Package Manager] Server::EnsureServerProcessIsRunning -- launch failed, reason: Unity was launched with the -noUpm command-line argument
[Package Manager] UpmClient::Send -- Unable to send message (not connected to UPM process).
[Package Manager] Cannot connect to Unity Package Manager local server
Mono: successfully reloaded assembly
- Finished resetting the current domain, in  1.175 seconds
Domain Reload Profiling: 1714ms
	BeginReloadAssembly (110ms)
		ExecutionOrderSort (0ms)
		DisableScriptedObjects (11ms)
		BackupInstance (0ms)
		ReleaseScriptingObjects (0ms)
		CreateAndSetChildDomain (41ms)
	RebuildCommonClasses (21ms)
	RebuildNativeTypeToScriptingClass (8ms)
	initialDomainReloadingComplete (17ms)
	LoadAllAssembliesAndSetupDomain (382ms)
		LoadAssemblies (335ms)
		RebuildTransferFunctionScriptingTraits (0ms)
		AnalyzeDomain (81ms)
			TypeCache.Refresh (52ms)
				TypeCache.ScanAssembly (18ms)
			ScanForSourceGeneratedMonoScriptInfo (17ms)
			ResolveRequiredComponents (9ms)
	FinalizeReload (1176ms)
		ReleaseScriptCaches (0ms)
		RebuildScriptCaches (0ms)
		SetupLoadedEditorAssemblies (451ms)
			LogAssemblyErrors (0ms)
			InitializePlatformSupportModulesInManaged (8ms)
			SetLoadedEditorAssemblies (5ms)
			RefreshPlugins (0ms)
			BeforeProcessingInitializeOnLoad (47ms)
			ProcessInitializeOnLoadAttributes (363ms)
			ProcessInitializeOnLoadMethodAttributes (27ms)
			AfterProcessingInitializeOnLoad (1ms)
			EditorAssembliesLoaded (0ms)
		ExecutionOrderSort2 (0ms)
		AwakeInstancesAfterBackupRestoration (6ms)
Shader 'TextMeshPro/Distance Field (UIHsvModifier)': fallback shader 'TextMeshPro/Mobile/Distance Field (UIHsv)' not found
Shader 'TextMeshPro/Distance Field (UIHsvModifier)': fallback shader 'TextMeshPro/Mobile/Distance Field (UIHsv)' not found
Refreshing native plugins compatible for Editor in 6.38 ms, found 3 plugins.
Preloading 0 native plugins for Editor in 0.00 ms.
Unloading 6643 Unused Serialized files (Serialized files now loaded: 0)
Unloading 70 unused Assets / (1.9 MB). Loaded Objects now: 7263.
Memory consumption went from 394.1 MB to 392.3 MB.
Total: 4.481333 ms (FindLiveObjects: 0.268625 ms CreateObjectMapping: 0.089500 ms MarkObjects: 3.239209 ms  DeleteObjects: 0.883583 ms)

Prepare: number of updated asset objects reloaded= 0
AssetImportParameters requested are different than current active one (requested -> active):
  custom:container-demuxer-ogg: 62fdf1f143b41e24485cea50d1cbac27 -> 
  custom:container-muxer-webm: aa71ff27fc2769a1b78a27578f13a17b -> 
  custom:video-decoder-webm-vp8: 9c59270c3fd7afecdb556c50c9e8de78 -> 
  custom:SearchIndexIgnoredProperties: e643bd26f0fe6173181afceb89e7c659 -> 
  custom:AudioImporter_EditorPlatform: 3918e3fc78b5a79bad01e8451be0beb8 -> 
  custom:audio-decoder-ogg-vorbis: bf7c407c2cedff20999df2af8eb42d56 -> 
  custom:audio-encoder-webm-vorbis: bf7c407c2cedff20999df2af8eb42d56 -> 
  custom:scripting/precompiled-assembly-types:Assembly-CSharp: 3d582e4f672f540e71e459baec3cbceb -> dd865f2bf1c65a1c7720113f429c2ed7
  custom:video-decoder-ogg-theora: a1e56fd34408186e4bbccfd4996cb3dc -> 
  custom:CustomObjectIndexerAttribute: 9a22284fe3817be447336de3de66b15e -> 
  custom:container-demuxer-webm: 4f35f7cbe854078d1ac9338744f61a02 -> 
  custom:framework-osx-AVFoundation: e770b220cccbd017edd2c1fefb359320 -> 
  custom:video-encoder-webm-vp8: eb34c28f22e8b96e1ab97ce403110664 -> 
========================================================================
Received Prepare
Caller must complete domain reload
Begin MonoManager ReloadAssembly
Thread 0x16b5c3000 may have been prematurely finalized
Symbol file LoadedFromMemory is not a mono symbol file
- Loaded All Assemblies, in  0.612 seconds
Native extension for Android target not found
Native extension for OSXStandalone target not found
Native extension for WebGL target not found
[Package Manager] Server::EnsureServerProcessIsRunning -- launch failed, reason: Unity was launched with the -noUpm command-line argument
[Package Manager] UpmClient::Send -- Unable to send message (not connected to UPM process).
[Package Manager] Cannot connect to Unity Package Manager local server
[Package Manager] Server::EnsureServerProcessIsRunning -- launch failed, reason: Unity was launched with the -noUpm command-line argument
[Package Manager] UpmClient::Send -- Unable to send message (not connected to UPM process).
[Package Manager] Cannot connect to Unity Package Manager local server
Mono: successfully reloaded assembly
- Finished resetting the current domain, in  1.493 seconds
Domain Reload Profiling: 2108ms
	BeginReloadAssembly (157ms)
		ExecutionOrderSort (0ms)
		DisableScriptedObjects (9ms)
		BackupInstance (0ms)
		ReleaseScriptingObjects (0ms)
		CreateAndSetChildDomain (46ms)
	RebuildCommonClasses (25ms)
	RebuildNativeTypeToScriptingClass (10ms)
	initialDomainReloadingComplete (21ms)
	LoadAllAssembliesAndSetupDomain (401ms)
		LoadAssemblies (438ms)
		RebuildTransferFunctionScriptingTraits (0ms)
		AnalyzeDomain (32ms)
			TypeCache.Refresh (18ms)
				TypeCache.ScanAssembly (0ms)
			ScanForSourceGeneratedMonoScriptInfo (0ms)
			ResolveRequiredComponents (12ms)
	FinalizeReload (1494ms)
		ReleaseScriptCaches (0ms)
		RebuildScriptCaches (0ms)
		SetupLoadedEditorAssemblies (571ms)
			LogAssemblyErrors (0ms)
			InitializePlatformSupportModulesInManaged (13ms)
			SetLoadedEditorAssemblies (6ms)
			RefreshPlugins (0ms)
			BeforeProcessingInitializeOnLoad (59ms)
			ProcessInitializeOnLoadAttributes (447ms)
			ProcessInitializeOnLoadMethodAttributes (45ms)
			AfterProcessingInitializeOnLoad (1ms)
			EditorAssembliesLoaded (1ms)
		ExecutionOrderSort2 (0ms)
		AwakeInstancesAfterBackupRestoration (8ms)
Shader 'TextMeshPro/Distance Field (UIHsvModifier)': fallback shader 'TextMeshPro/Mobile/Distance Field (UIHsv)' not found
Shader 'TextMeshPro/Distance Field (UIHsvModifier)': fallback shader 'TextMeshPro/Mobile/Distance Field (UIHsv)' not found
Refreshing native plugins compatible for Editor in 41.73 ms, found 3 plugins.
Preloading 0 native plugins for Editor in 0.00 ms.
Unloading 6643 Unused Serialized files (Serialized files now loaded: 0)
Unloading 70 unused Assets / (1.9 MB). Loaded Objects now: 7267.
Memory consumption went from 404.0 MB to 402.1 MB.
Total: 5.714167 ms (FindLiveObjects: 0.556333 ms CreateObjectMapping: 0.099292 ms MarkObjects: 4.105125 ms  DeleteObjects: 0.952375 ms)

Prepare: number of updated asset objects reloaded= 0
AssetImportParameters requested are different than current active one (requested -> active):
  custom:container-demuxer-ogg: 62fdf1f143b41e24485cea50d1cbac27 -> 
  custom:container-muxer-webm: aa71ff27fc2769a1b78a27578f13a17b -> 
  custom:video-decoder-webm-vp8: 9c59270c3fd7afecdb556c50c9e8de78 -> 
  custom:SearchIndexIgnoredProperties: e643bd26f0fe6173181afceb89e7c659 -> 
  custom:AudioImporter_EditorPlatform: 3918e3fc78b5a79bad01e8451be0beb8 -> 
  custom:audio-decoder-ogg-vorbis: bf7c407c2cedff20999df2af8eb42d56 -> 
  custom:audio-encoder-webm-vorbis: bf7c407c2cedff20999df2af8eb42d56 -> 
  custom:scripting/precompiled-assembly-types:Assembly-CSharp: 3d582e4f672f540e71e459baec3cbceb -> dd865f2bf1c65a1c7720113f429c2ed7
  custom:video-decoder-ogg-theora: a1e56fd34408186e4bbccfd4996cb3dc -> 
  custom:CustomObjectIndexerAttribute: 9a22284fe3817be447336de3de66b15e -> 
  custom:container-demuxer-webm: 4f35f7cbe854078d1ac9338744f61a02 -> 
  custom:framework-osx-AVFoundation: e770b220cccbd017edd2c1fefb359320 -> 
  custom:video-encoder-webm-vp8: eb34c28f22e8b96e1ab97ce403110664 -> 
========================================================================
Received Prepare
Caller must complete domain reload
Begin MonoManager ReloadAssembly
Thread 0x16b5c3000 may have been prematurely finalized
Symbol file LoadedFromMemory is not a mono symbol file
- Loaded All Assemblies, in  0.526 seconds
Native extension for Android target not found
Native extension for OSXStandalone target not found
Native extension for WebGL target not found
[Package Manager] Server::EnsureServerProcessIsRunning -- launch failed, reason: Unity was launched with the -noUpm command-line argument
[Package Manager] UpmClient::Send -- Unable to send message (not connected to UPM process).
[Package Manager] Cannot connect to Unity Package Manager local server
[Package Manager] Server::EnsureServerProcessIsRunning -- launch failed, reason: Unity was launched with the -noUpm command-line argument
[Package Manager] UpmClient::Send -- Unable to send message (not connected to UPM process).
[Package Manager] Cannot connect to Unity Package Manager local server
Mono: successfully reloaded assembly
- Finished resetting the current domain, in  1.193 seconds
Domain Reload Profiling: 1719ms
	BeginReloadAssembly (116ms)
		ExecutionOrderSort (0ms)
		DisableScriptedObjects (7ms)
		BackupInstance (0ms)
		ReleaseScriptingObjects (0ms)
		CreateAndSetChildDomain (42ms)
	RebuildCommonClasses (23ms)
	RebuildNativeTypeToScriptingClass (8ms)
	initialDomainReloadingComplete (18ms)
	LoadAllAssembliesAndSetupDomain (361ms)
		LoadAssemblies (317ms)
		RebuildTransferFunctionScriptingTraits (0ms)
		AnalyzeDomain (85ms)
			TypeCache.Refresh (46ms)
				TypeCache.ScanAssembly (13ms)
			ScanForSourceGeneratedMonoScriptInfo (30ms)
			ResolveRequiredComponents (9ms)
	FinalizeReload (1193ms)
		ReleaseScriptCaches (0ms)
		RebuildScriptCaches (0ms)
		SetupLoadedEditorAssemblies (439ms)
			LogAssemblyErrors (0ms)
			InitializePlatformSupportModulesInManaged (9ms)
			SetLoadedEditorAssemblies (5ms)
			RefreshPlugins (0ms)
			BeforeProcessingInitializeOnLoad (46ms)
			ProcessInitializeOnLoadAttributes (352ms)
			ProcessInitializeOnLoadMethodAttributes (27ms)
			AfterProcessingInitializeOnLoad (1ms)
			EditorAssembliesLoaded (0ms)
		ExecutionOrderSort2 (0ms)
		AwakeInstancesAfterBackupRestoration (6ms)
Shader 'TextMeshPro/Distance Field (UIHsvModifier)': fallback shader 'TextMeshPro/Mobile/Distance Field (UIHsv)' not found
Shader 'TextMeshPro/Distance Field (UIHsvModifier)': fallback shader 'TextMeshPro/Mobile/Distance Field (UIHsv)' not found
Refreshing native plugins compatible for Editor in 6.68 ms, found 3 plugins.
Preloading 0 native plugins for Editor in 0.00 ms.
Unloading 6643 Unused Serialized files (Serialized files now loaded: 0)
Unloading 70 unused Assets / (1.9 MB). Loaded Objects now: 7271.
Memory consumption went from 413.7 MB to 411.8 MB.
Total: 4.801042 ms (FindLiveObjects: 0.288500 ms CreateObjectMapping: 0.102917 ms MarkObjects: 3.451375 ms  DeleteObjects: 0.957625 ms)

Prepare: number of updated asset objects reloaded= 0
AssetImportParameters requested are different than current active one (requested -> active):
  custom:container-demuxer-ogg: 62fdf1f143b41e24485cea50d1cbac27 -> 
  custom:container-muxer-webm: aa71ff27fc2769a1b78a27578f13a17b -> 
  custom:video-decoder-webm-vp8: 9c59270c3fd7afecdb556c50c9e8de78 -> 
  custom:SearchIndexIgnoredProperties: e643bd26f0fe6173181afceb89e7c659 -> 
  custom:AudioImporter_EditorPlatform: 3918e3fc78b5a79bad01e8451be0beb8 -> 
  custom:audio-decoder-ogg-vorbis: bf7c407c2cedff20999df2af8eb42d56 -> 
  custom:audio-encoder-webm-vorbis: bf7c407c2cedff20999df2af8eb42d56 -> 
  custom:scripting/precompiled-assembly-types:Assembly-CSharp: 9ab6a026f5680e3dda840a28d13b90c9 -> dd865f2bf1c65a1c7720113f429c2ed7
  custom:video-decoder-ogg-theora: a1e56fd34408186e4bbccfd4996cb3dc -> 
  custom:CustomObjectIndexerAttribute: 9a22284fe3817be447336de3de66b15e -> 
  custom:container-demuxer-webm: 4f35f7cbe854078d1ac9338744f61a02 -> 
  custom:framework-osx-AVFoundation: e770b220cccbd017edd2c1fefb359320 -> 
  custom:video-encoder-webm-vp8: eb34c28f22e8b96e1ab97ce403110664 -> 
========================================================================
Received Prepare
Caller must complete domain reload
Begin MonoManager ReloadAssembly
Thread 0x16b5c3000 may have been prematurely finalized
Symbol file LoadedFromMemory is not a mono symbol file
- Loaded All Assemblies, in  0.489 seconds
Native extension for Android target not found
Native extension for OSXStandalone target not found
Native extension for WebGL target not found
[Package Manager] Server::EnsureServerProcessIsRunning -- launch failed, reason: Unity was launched with the -noUpm command-line argument
[Package Manager] UpmClient::Send -- Unable to send message (not connected to UPM process).
[Package Manager] Cannot connect to Unity Package Manager local server
[Package Manager] Server::EnsureServerProcessIsRunning -- launch failed, reason: Unity was launched with the -noUpm command-line argument
[Package Manager] UpmClient::Send -- Unable to send message (not connected to UPM process).
[Package Manager] Cannot connect to Unity Package Manager local server
Mono: successfully reloaded assembly
- Finished resetting the current domain, in  1.219 seconds
Domain Reload Profiling: 1709ms
	BeginReloadAssembly (123ms)
		ExecutionOrderSort (0ms)
		DisableScriptedObjects (10ms)
		BackupInstance (0ms)
		ReleaseScriptingObjects (0ms)
		CreateAndSetChildDomain (49ms)
	RebuildCommonClasses (21ms)
	RebuildNativeTypeToScriptingClass (8ms)
	initialDomainReloadingComplete (17ms)
	LoadAllAssembliesAndSetupDomain (321ms)
		LoadAssemblies (317ms)
		RebuildTransferFunctionScriptingTraits (0ms)
		AnalyzeDomain (41ms)
			TypeCache.Refresh (30ms)
				TypeCache.ScanAssembly (0ms)
			ScanForSourceGeneratedMonoScriptInfo (0ms)
			ResolveRequiredComponents (10ms)
	FinalizeReload (1219ms)
		ReleaseScriptCaches (0ms)
		RebuildScriptCaches (0ms)
		SetupLoadedEditorAssemblies (488ms)
			LogAssemblyErrors (0ms)
			InitializePlatformSupportModulesInManaged (10ms)
			SetLoadedEditorAssemblies (7ms)
			RefreshPlugins (0ms)
			BeforeProcessingInitializeOnLoad (52ms)
			ProcessInitializeOnLoadAttributes (386ms)
			ProcessInitializeOnLoadMethodAttributes (32ms)
			AfterProcessingInitializeOnLoad (1ms)
			EditorAssembliesLoaded (0ms)
		ExecutionOrderSort2 (0ms)
		AwakeInstancesAfterBackupRestoration (6ms)
Shader 'TextMeshPro/Distance Field (UIHsvModifier)': fallback shader 'TextMeshPro/Mobile/Distance Field (UIHsv)' not found
Shader 'TextMeshPro/Distance Field (UIHsvModifier)': fallback shader 'TextMeshPro/Mobile/Distance Field (UIHsv)' not found
Refreshing native plugins compatible for Editor in 9.78 ms, found 3 plugins.
Preloading 0 native plugins for Editor in 0.00 ms.
Unloading 6643 Unused Serialized files (Serialized files now loaded: 0)
Unloading 70 unused Assets / (1.9 MB). Loaded Objects now: 7275.
Memory consumption went from 423.5 MB to 421.6 MB.
Total: 5.466542 ms (FindLiveObjects: 0.258458 ms CreateObjectMapping: 0.099917 ms MarkObjects: 3.925875 ms  DeleteObjects: 1.181583 ms)

Prepare: number of updated asset objects reloaded= 0
AssetImportParameters requested are different than current active one (requested -> active):
  custom:container-demuxer-ogg: 62fdf1f143b41e24485cea50d1cbac27 -> 
  custom:container-muxer-webm: aa71ff27fc2769a1b78a27578f13a17b -> 
  custom:video-decoder-webm-vp8: 9c59270c3fd7afecdb556c50c9e8de78 -> 
  custom:SearchIndexIgnoredProperties: e643bd26f0fe6173181afceb89e7c659 -> 
  custom:AudioImporter_EditorPlatform: 3918e3fc78b5a79bad01e8451be0beb8 -> 
  custom:audio-decoder-ogg-vorbis: bf7c407c2cedff20999df2af8eb42d56 -> 
  custom:audio-encoder-webm-vorbis: bf7c407c2cedff20999df2af8eb42d56 -> 
  custom:scripting/precompiled-assembly-types:Assembly-CSharp: 9ab6a026f5680e3dda840a28d13b90c9 -> dd865f2bf1c65a1c7720113f429c2ed7
  custom:video-decoder-ogg-theora: a1e56fd34408186e4bbccfd4996cb3dc -> 
  custom:CustomObjectIndexerAttribute: 9a22284fe3817be447336de3de66b15e -> 
  custom:container-demuxer-webm: 4f35f7cbe854078d1ac9338744f61a02 -> 
  custom:framework-osx-AVFoundation: e770b220cccbd017edd2c1fefb359320 -> 
  custom:video-encoder-webm-vp8: eb34c28f22e8b96e1ab97ce403110664 -> 
========================================================================
Received Prepare
Caller must complete domain reload
Begin MonoManager ReloadAssembly
Thread 0x16b5c3000 may have been prematurely finalized
Symbol file LoadedFromMemory is not a mono symbol file
- Loaded All Assemblies, in  0.520 seconds
Native extension for Android target not found
Native extension for OSXStandalone target not found
Native extension for WebGL target not found
[Package Manager] Server::EnsureServerProcessIsRunning -- launch failed, reason: Unity was launched with the -noUpm command-line argument
[Package Manager] UpmClient::Send -- Unable to send message (not connected to UPM process).
[Package Manager] Cannot connect to Unity Package Manager local server
[Package Manager] Server::EnsureServerProcessIsRunning -- launch failed, reason: Unity was launched with the -noUpm command-line argument
[Package Manager] UpmClient::Send -- Unable to send message (not connected to UPM process).
[Package Manager] Cannot connect to Unity Package Manager local server
Mono: successfully reloaded assembly
- Finished resetting the current domain, in  1.176 seconds
Domain Reload Profiling: 1696ms
	BeginReloadAssembly (120ms)
		ExecutionOrderSort (0ms)
		DisableScriptedObjects (10ms)
		BackupInstance (0ms)
		ReleaseScriptingObjects (0ms)
		CreateAndSetChildDomain (46ms)
	RebuildCommonClasses (20ms)
	RebuildNativeTypeToScriptingClass (8ms)
	initialDomainReloadingComplete (23ms)
	LoadAllAssembliesAndSetupDomain (350ms)
		LoadAssemblies (336ms)
		RebuildTransferFunctionScriptingTraits (0ms)
		AnalyzeDomain (53ms)
			TypeCache.Refresh (30ms)
				TypeCache.ScanAssembly (11ms)
			ScanForSourceGeneratedMonoScriptInfo (12ms)
			ResolveRequiredComponents (10ms)
	FinalizeReload (1176ms)
		ReleaseScriptCaches (0ms)
		RebuildScriptCaches (0ms)
		SetupLoadedEditorAssemblies (462ms)
			LogAssemblyErrors (0ms)
			InitializePlatformSupportModulesInManaged (9ms)
			SetLoadedEditorAssemblies (4ms)
			RefreshPlugins (0ms)
			BeforeProcessingInitializeOnLoad (61ms)
			ProcessInitializeOnLoadAttributes (360ms)
			ProcessInitializeOnLoadMethodAttributes (26ms)
			AfterProcessingInitializeOnLoad (1ms)
			EditorAssembliesLoaded (0ms)
		ExecutionOrderSort2 (0ms)
		AwakeInstancesAfterBackupRestoration (5ms)
Shader 'TextMeshPro/Distance Field (UIHsvModifier)': fallback shader 'TextMeshPro/Mobile/Distance Field (UIHsv)' not found
Shader 'TextMeshPro/Distance Field (UIHsvModifier)': fallback shader 'TextMeshPro/Mobile/Distance Field (UIHsv)' not found
Refreshing native plugins compatible for Editor in 28.89 ms, found 3 plugins.
Preloading 0 native plugins for Editor in 0.00 ms.
Unloading 6643 Unused Serialized files (Serialized files now loaded: 0)
Unloading 70 unused Assets / (1.9 MB). Loaded Objects now: 7279.
Memory consumption went from 433.2 MB to 431.3 MB.
Total: 6.540166 ms (FindLiveObjects: 0.250542 ms CreateObjectMapping: 0.088083 ms MarkObjects: 5.123708 ms  DeleteObjects: 1.077166 ms)

Prepare: number of updated asset objects reloaded= 0
AssetImportParameters requested are different than current active one (requested -> active):
  custom:container-demuxer-ogg: 62fdf1f143b41e24485cea50d1cbac27 -> 
  custom:container-muxer-webm: aa71ff27fc2769a1b78a27578f13a17b -> 
  custom:video-decoder-webm-vp8: 9c59270c3fd7afecdb556c50c9e8de78 -> 
  custom:SearchIndexIgnoredProperties: e643bd26f0fe6173181afceb89e7c659 -> 
  custom:AudioImporter_EditorPlatform: 3918e3fc78b5a79bad01e8451be0beb8 -> 
  custom:audio-decoder-ogg-vorbis: bf7c407c2cedff20999df2af8eb42d56 -> 
  custom:audio-encoder-webm-vorbis: bf7c407c2cedff20999df2af8eb42d56 -> 
  custom:scripting/precompiled-assembly-types:Assembly-CSharp: 9ab6a026f5680e3dda840a28d13b90c9 -> dd865f2bf1c65a1c7720113f429c2ed7
  custom:video-decoder-ogg-theora: a1e56fd34408186e4bbccfd4996cb3dc -> 
  custom:CustomObjectIndexerAttribute: 9a22284fe3817be447336de3de66b15e -> 
  custom:container-demuxer-webm: 4f35f7cbe854078d1ac9338744f61a02 -> 
  custom:framework-osx-AVFoundation: e770b220cccbd017edd2c1fefb359320 -> 
  custom:video-encoder-webm-vp8: eb34c28f22e8b96e1ab97ce403110664 -> 
========================================================================
Received Prepare
Caller must complete domain reload
Begin MonoManager ReloadAssembly
Thread 0x16b5c3000 may have been prematurely finalized
Symbol file LoadedFromMemory is not a mono symbol file
- Loaded All Assemblies, in  0.490 seconds
Native extension for Android target not found
Native extension for OSXStandalone target not found
Native extension for WebGL target not found
[Package Manager] Server::EnsureServerProcessIsRunning -- launch failed, reason: Unity was launched with the -noUpm command-line argument
[Package Manager] UpmClient::Send -- Unable to send message (not connected to UPM process).
[Package Manager] Cannot connect to Unity Package Manager local server
[Package Manager] Server::EnsureServerProcessIsRunning -- launch failed, reason: Unity was launched with the -noUpm command-line argument
[Package Manager] UpmClient::Send -- Unable to send message (not connected to UPM process).
[Package Manager] Cannot connect to Unity Package Manager local server
Mono: successfully reloaded assembly
- Finished resetting the current domain, in  1.338 seconds
Domain Reload Profiling: 1829ms
	BeginReloadAssembly (127ms)
		ExecutionOrderSort (0ms)
		DisableScriptedObjects (12ms)
		BackupInstance (0ms)
		ReleaseScriptingObjects (0ms)
		CreateAndSetChildDomain (43ms)
	RebuildCommonClasses (23ms)
	RebuildNativeTypeToScriptingClass (8ms)
	initialDomainReloadingComplete (22ms)
	LoadAllAssembliesAndSetupDomain (311ms)
		LoadAssemblies (296ms)
		RebuildTransferFunctionScriptingTraits (0ms)
		AnalyzeDomain (50ms)
			TypeCache.Refresh (41ms)
				TypeCache.ScanAssembly (0ms)
			ScanForSourceGeneratedMonoScriptInfo (0ms)
			ResolveRequiredComponents (8ms)
	FinalizeReload (1338ms)
		ReleaseScriptCaches (0ms)
		RebuildScriptCaches (0ms)
		SetupLoadedEditorAssemblies (521ms)
			LogAssemblyErrors (0ms)
			InitializePlatformSupportModulesInManaged (11ms)
			SetLoadedEditorAssemblies (4ms)
			RefreshPlugins (0ms)
			BeforeProcessingInitializeOnLoad (59ms)
			ProcessInitializeOnLoadAttributes (415ms)
			ProcessInitializeOnLoadMethodAttributes (30ms)
			AfterProcessingInitializeOnLoad (1ms)
			EditorAssembliesLoaded (1ms)
		ExecutionOrderSort2 (0ms)
		AwakeInstancesAfterBackupRestoration (6ms)
Shader 'TextMeshPro/Distance Field (UIHsvModifier)': fallback shader 'TextMeshPro/Mobile/Distance Field (UIHsv)' not found
Shader 'TextMeshPro/Distance Field (UIHsvModifier)': fallback shader 'TextMeshPro/Mobile/Distance Field (UIHsv)' not found
Refreshing native plugins compatible for Editor in 11.18 ms, found 3 plugins.
Preloading 0 native plugins for Editor in 0.00 ms.
Unloading 6643 Unused Serialized files (Serialized files now loaded: 0)
Unloading 70 unused Assets / (1.9 MB). Loaded Objects now: 7283.
Memory consumption went from 443.0 MB to 441.1 MB.
Total: 9.747000 ms (FindLiveObjects: 0.366708 ms CreateObjectMapping: 0.103875 ms MarkObjects: 7.165458 ms  DeleteObjects: 2.110125 ms)

Prepare: number of updated asset objects reloaded= 0
AssetImportParameters requested are different than current active one (requested -> active):
  custom:container-demuxer-ogg: 62fdf1f143b41e24485cea50d1cbac27 -> 
  custom:container-muxer-webm: aa71ff27fc2769a1b78a27578f13a17b -> 
  custom:video-decoder-webm-vp8: 9c59270c3fd7afecdb556c50c9e8de78 -> 
  custom:SearchIndexIgnoredProperties: e643bd26f0fe6173181afceb89e7c659 -> 
  custom:AudioImporter_EditorPlatform: 3918e3fc78b5a79bad01e8451be0beb8 -> 
  custom:audio-decoder-ogg-vorbis: bf7c407c2cedff20999df2af8eb42d56 -> 
  custom:audio-encoder-webm-vorbis: bf7c407c2cedff20999df2af8eb42d56 -> 
  custom:scripting/precompiled-assembly-types:Assembly-CSharp: 9ab6a026f5680e3dda840a28d13b90c9 -> dd865f2bf1c65a1c7720113f429c2ed7
  custom:video-decoder-ogg-theora: a1e56fd34408186e4bbccfd4996cb3dc -> 
  custom:CustomObjectIndexerAttribute: 9a22284fe3817be447336de3de66b15e -> 
  custom:container-demuxer-webm: 4f35f7cbe854078d1ac9338744f61a02 -> 
  custom:framework-osx-AVFoundation: e770b220cccbd017edd2c1fefb359320 -> 
  custom:video-encoder-webm-vp8: eb34c28f22e8b96e1ab97ce403110664 -> 
========================================================================
Received Prepare
Caller must complete domain reload
Begin MonoManager ReloadAssembly
Thread 0x16b5c3000 may have been prematurely finalized
Symbol file LoadedFromMemory is not a mono symbol file
- Loaded All Assemblies, in  0.806 seconds
Native extension for Android target not found
Native extension for OSXStandalone target not found
Native extension for WebGL target not found
[Package Manager] Server::EnsureServerProcessIsRunning -- launch failed, reason: Unity was launched with the -noUpm command-line argument
[Package Manager] UpmClient::Send -- Unable to send message (not connected to UPM process).
[Package Manager] Cannot connect to Unity Package Manager local server
[Package Manager] Server::EnsureServerProcessIsRunning -- launch failed, reason: Unity was launched with the -noUpm command-line argument
[Package Manager] UpmClient::Send -- Unable to send message (not connected to UPM process).
[Package Manager] Cannot connect to Unity Package Manager local server
Mono: successfully reloaded assembly
- Finished resetting the current domain, in  1.261 seconds
Domain Reload Profiling: 2069ms
	BeginReloadAssembly (248ms)
		ExecutionOrderSort (0ms)
		DisableScriptedObjects (21ms)
		BackupInstance (0ms)
		ReleaseScriptingObjects (0ms)
		CreateAndSetChildDomain (81ms)
	RebuildCommonClasses (22ms)
	RebuildNativeTypeToScriptingClass (8ms)
	initialDomainReloadingComplete (23ms)
	LoadAllAssembliesAndSetupDomain (507ms)
		LoadAssemblies (540ms)
		RebuildTransferFunctionScriptingTraits (0ms)
		AnalyzeDomain (72ms)
			TypeCache.Refresh (34ms)
				TypeCache.ScanAssembly (12ms)
			ScanForSourceGeneratedMonoScriptInfo (23ms)
			ResolveRequiredComponents (14ms)
	FinalizeReload (1261ms)
		ReleaseScriptCaches (0ms)
		RebuildScriptCaches (0ms)
		SetupLoadedEditorAssemblies (445ms)
			LogAssemblyErrors (0ms)
			InitializePlatformSupportModulesInManaged (9ms)
			SetLoadedEditorAssemblies (4ms)
			RefreshPlugins (0ms)
			BeforeProcessingInitializeOnLoad (49ms)
			ProcessInitializeOnLoadAttributes (354ms)
			ProcessInitializeOnLoadMethodAttributes (28ms)
			AfterProcessingInitializeOnLoad (1ms)
			EditorAssembliesLoaded (1ms)
		ExecutionOrderSort2 (0ms)
		AwakeInstancesAfterBackupRestoration (6ms)
Shader 'TextMeshPro/Distance Field (UIHsvModifier)': fallback shader 'TextMeshPro/Mobile/Distance Field (UIHsv)' not found
Shader 'TextMeshPro/Distance Field (UIHsvModifier)': fallback shader 'TextMeshPro/Mobile/Distance Field (UIHsv)' not found
Refreshing native plugins compatible for Editor in 31.83 ms, found 3 plugins.
Preloading 0 native plugins for Editor in 0.00 ms.
Unloading 6643 Unused Serialized files (Serialized files now loaded: 0)
Unloading 70 unused Assets / (1.9 MB). Loaded Objects now: 7287.
Memory consumption went from 447.1 MB to 445.2 MB.
Total: 4.341333 ms (FindLiveObjects: 0.281875 ms CreateObjectMapping: 0.099834 ms MarkObjects: 3.099083 ms  DeleteObjects: 0.860041 ms)

Prepare: number of updated asset objects reloaded= 0
AssetImportParameters requested are different than current active one (requested -> active):
  custom:container-demuxer-ogg: 62fdf1f143b41e24485cea50d1cbac27 -> 
  custom:container-muxer-webm: aa71ff27fc2769a1b78a27578f13a17b -> 
  custom:video-decoder-webm-vp8: 9c59270c3fd7afecdb556c50c9e8de78 -> 
  custom:SearchIndexIgnoredProperties: e643bd26f0fe6173181afceb89e7c659 -> 
  custom:AudioImporter_EditorPlatform: 3918e3fc78b5a79bad01e8451be0beb8 -> 
  custom:audio-decoder-ogg-vorbis: bf7c407c2cedff20999df2af8eb42d56 -> 
  custom:audio-encoder-webm-vorbis: bf7c407c2cedff20999df2af8eb42d56 -> 
  custom:scripting/precompiled-assembly-types:Assembly-CSharp: 9ab6a026f5680e3dda840a28d13b90c9 -> dd865f2bf1c65a1c7720113f429c2ed7
  custom:video-decoder-ogg-theora: a1e56fd34408186e4bbccfd4996cb3dc -> 
  custom:CustomObjectIndexerAttribute: 9a22284fe3817be447336de3de66b15e -> 
  custom:container-demuxer-webm: 4f35f7cbe854078d1ac9338744f61a02 -> 
  custom:framework-osx-AVFoundation: e770b220cccbd017edd2c1fefb359320 -> 
  custom:video-encoder-webm-vp8: eb34c28f22e8b96e1ab97ce403110664 -> 
========================================================================
Received Prepare
Caller must complete domain reload
Begin MonoManager ReloadAssembly
Thread 0x16b5c3000 may have been prematurely finalized
Symbol file LoadedFromMemory is not a mono symbol file
- Loaded All Assemblies, in  0.458 seconds
Native extension for Android target not found
Native extension for OSXStandalone target not found
Native extension for WebGL target not found
[Package Manager] Server::EnsureServerProcessIsRunning -- launch failed, reason: Unity was launched with the -noUpm command-line argument
[Package Manager] UpmClient::Send -- Unable to send message (not connected to UPM process).
[Package Manager] Cannot connect to Unity Package Manager local server
[Package Manager] Server::EnsureServerProcessIsRunning -- launch failed, reason: Unity was launched with the -noUpm command-line argument
[Package Manager] UpmClient::Send -- Unable to send message (not connected to UPM process).
[Package Manager] Cannot connect to Unity Package Manager local server
Mono: successfully reloaded assembly
- Finished resetting the current domain, in  1.207 seconds
Domain Reload Profiling: 1667ms
	BeginReloadAssembly (123ms)
		ExecutionOrderSort (0ms)
		DisableScriptedObjects (8ms)
		BackupInstance (0ms)
		ReleaseScriptingObjects (0ms)
		CreateAndSetChildDomain (48ms)
	RebuildCommonClasses (23ms)
	RebuildNativeTypeToScriptingClass (8ms)
	initialDomainReloadingComplete (19ms)
	LoadAllAssembliesAndSetupDomain (286ms)
		LoadAssemblies (283ms)
		RebuildTransferFunctionScriptingTraits (0ms)
		AnalyzeDomain (44ms)
			TypeCache.Refresh (28ms)
				TypeCache.ScanAssembly (0ms)
			ScanForSourceGeneratedMonoScriptInfo (0ms)
			ResolveRequiredComponents (13ms)
	FinalizeReload (1208ms)
		ReleaseScriptCaches (0ms)
		RebuildScriptCaches (0ms)
		SetupLoadedEditorAssemblies (639ms)
			LogAssemblyErrors (0ms)
			InitializePlatformSupportModulesInManaged (34ms)
			SetLoadedEditorAssemblies (15ms)
			RefreshPlugins (0ms)
			BeforeProcessingInitializeOnLoad (91ms)
			ProcessInitializeOnLoadAttributes (467ms)
			ProcessInitializeOnLoadMethodAttributes (30ms)
			AfterProcessingInitializeOnLoad (1ms)
			EditorAssembliesLoaded (1ms)
		ExecutionOrderSort2 (0ms)
		AwakeInstancesAfterBackupRestoration (7ms)
Shader 'TextMeshPro/Distance Field (UIHsvModifier)': fallback shader 'TextMeshPro/Mobile/Distance Field (UIHsv)' not found
Shader 'TextMeshPro/Distance Field (UIHsvModifier)': fallback shader 'TextMeshPro/Mobile/Distance Field (UIHsv)' not found
Refreshing native plugins compatible for Editor in 9.57 ms, found 3 plugins.
Preloading 0 native plugins for Editor in 0.00 ms.
Unloading 6643 Unused Serialized files (Serialized files now loaded: 0)
Unloading 70 unused Assets / (1.9 MB). Loaded Objects now: 7291.
Memory consumption went from 456.9 MB to 455.0 MB.
Total: 6.037625 ms (FindLiveObjects: 0.300250 ms CreateObjectMapping: 0.118708 ms MarkObjects: 4.503708 ms  DeleteObjects: 1.114042 ms)

Prepare: number of updated asset objects reloaded= 0
AssetImportParameters requested are different than current active one (requested -> active):
  custom:container-demuxer-ogg: 62fdf1f143b41e24485cea50d1cbac27 -> 
  custom:container-muxer-webm: aa71ff27fc2769a1b78a27578f13a17b -> 
  custom:video-decoder-webm-vp8: 9c59270c3fd7afecdb556c50c9e8de78 -> 
  custom:SearchIndexIgnoredProperties: e643bd26f0fe6173181afceb89e7c659 -> 
  custom:AudioImporter_EditorPlatform: 3918e3fc78b5a79bad01e8451be0beb8 -> 
  custom:audio-decoder-ogg-vorbis: bf7c407c2cedff20999df2af8eb42d56 -> 
  custom:audio-encoder-webm-vorbis: bf7c407c2cedff20999df2af8eb42d56 -> 
  custom:scripting/precompiled-assembly-types:Assembly-CSharp: 9ab6a026f5680e3dda840a28d13b90c9 -> dd865f2bf1c65a1c7720113f429c2ed7
  custom:video-decoder-ogg-theora: a1e56fd34408186e4bbccfd4996cb3dc -> 
  custom:CustomObjectIndexerAttribute: 9a22284fe3817be447336de3de66b15e -> 
  custom:container-demuxer-webm: 4f35f7cbe854078d1ac9338744f61a02 -> 
  custom:framework-osx-AVFoundation: e770b220cccbd017edd2c1fefb359320 -> 
  custom:video-encoder-webm-vp8: eb34c28f22e8b96e1ab97ce403110664 -> 
========================================================================
Received Prepare
Caller must complete domain reload
Begin MonoManager ReloadAssembly
Thread 0x16b5c3000 may have been prematurely finalized
Symbol file LoadedFromMemory is not a mono symbol file
- Loaded All Assemblies, in  0.670 seconds
Native extension for Android target not found
Native extension for OSXStandalone target not found
Native extension for WebGL target not found
[Package Manager] Server::EnsureServerProcessIsRunning -- launch failed, reason: Unity was launched with the -noUpm command-line argument
[Package Manager] UpmClient::Send -- Unable to send message (not connected to UPM process).
[Package Manager] Cannot connect to Unity Package Manager local server
[Package Manager] Server::EnsureServerProcessIsRunning -- launch failed, reason: Unity was launched with the -noUpm command-line argument
[Package Manager] UpmClient::Send -- Unable to send message (not connected to UPM process).
[Package Manager] Cannot connect to Unity Package Manager local server
Mono: successfully reloaded assembly
- Finished resetting the current domain, in  1.201 seconds
Domain Reload Profiling: 1872ms
	BeginReloadAssembly (184ms)
		ExecutionOrderSort (0ms)
		DisableScriptedObjects (15ms)
		BackupInstance (0ms)
		ReleaseScriptingObjects (0ms)
		CreateAndSetChildDomain (64ms)
	RebuildCommonClasses (21ms)
	RebuildNativeTypeToScriptingClass (9ms)
	initialDomainReloadingComplete (24ms)
	LoadAllAssembliesAndSetupDomain (432ms)
		LoadAssemblies (435ms)
		RebuildTransferFunctionScriptingTraits (0ms)
		AnalyzeDomain (73ms)
			TypeCache.Refresh (47ms)
				TypeCache.ScanAssembly (16ms)
			ScanForSourceGeneratedMonoScriptInfo (12ms)
			ResolveRequiredComponents (13ms)
	FinalizeReload (1202ms)
		ReleaseScriptCaches (0ms)
		RebuildScriptCaches (0ms)
		SetupLoadedEditorAssemblies (447ms)
			LogAssemblyErrors (0ms)
			InitializePlatformSupportModulesInManaged (9ms)
			SetLoadedEditorAssemblies (5ms)
			RefreshPlugins (0ms)
			BeforeProcessingInitializeOnLoad (51ms)
			ProcessInitializeOnLoadAttributes (354ms)
			ProcessInitializeOnLoadMethodAttributes (27ms)
			AfterProcessingInitializeOnLoad (1ms)
			EditorAssembliesLoaded (0ms)
		ExecutionOrderSort2 (0ms)
		AwakeInstancesAfterBackupRestoration (5ms)
Shader 'TextMeshPro/Distance Field (UIHsvModifier)': fallback shader 'TextMeshPro/Mobile/Distance Field (UIHsv)' not found
Shader 'TextMeshPro/Distance Field (UIHsvModifier)': fallback shader 'TextMeshPro/Mobile/Distance Field (UIHsv)' not found
Refreshing native plugins compatible for Editor in 6.85 ms, found 3 plugins.
Preloading 0 native plugins for Editor in 0.00 ms.
Unloading 6643 Unused Serialized files (Serialized files now loaded: 0)
Unloading 70 unused Assets / (1.9 MB). Loaded Objects now: 7295.
Memory consumption went from 466.4 MB to 464.5 MB.
Total: 5.291750 ms (FindLiveObjects: 0.333667 ms CreateObjectMapping: 0.091166 ms MarkObjects: 3.817584 ms  DeleteObjects: 1.048667 ms)

Prepare: number of updated asset objects reloaded= 0
AssetImportParameters requested are different than current active one (requested -> active):
  custom:container-demuxer-ogg: 62fdf1f143b41e24485cea50d1cbac27 -> 
  custom:container-muxer-webm: aa71ff27fc2769a1b78a27578f13a17b -> 
  custom:video-decoder-webm-vp8: 9c59270c3fd7afecdb556c50c9e8de78 -> 
  custom:SearchIndexIgnoredProperties: e643bd26f0fe6173181afceb89e7c659 -> 
  custom:AudioImporter_EditorPlatform: 3918e3fc78b5a79bad01e8451be0beb8 -> 
  custom:audio-decoder-ogg-vorbis: bf7c407c2cedff20999df2af8eb42d56 -> 
  custom:audio-encoder-webm-vorbis: bf7c407c2cedff20999df2af8eb42d56 -> 
  custom:scripting/precompiled-assembly-types:Assembly-CSharp: 9ab6a026f5680e3dda840a28d13b90c9 -> dd865f2bf1c65a1c7720113f429c2ed7
  custom:video-decoder-ogg-theora: a1e56fd34408186e4bbccfd4996cb3dc -> 
  custom:CustomObjectIndexerAttribute: 9a22284fe3817be447336de3de66b15e -> 
  custom:container-demuxer-webm: 4f35f7cbe854078d1ac9338744f61a02 -> 
  custom:framework-osx-AVFoundation: e770b220cccbd017edd2c1fefb359320 -> 
  custom:video-encoder-webm-vp8: eb34c28f22e8b96e1ab97ce403110664 -> 
========================================================================
Received Prepare
Caller must complete domain reload
Begin MonoManager ReloadAssembly
Thread 0x16b5c3000 may have been prematurely finalized
Symbol file LoadedFromMemory is not a mono symbol file
- Loaded All Assemblies, in  0.552 seconds
Native extension for Android target not found
Native extension for OSXStandalone target not found
Native extension for WebGL target not found
[Package Manager] Server::EnsureServerProcessIsRunning -- launch failed, reason: Unity was launched with the -noUpm command-line argument
[Package Manager] UpmClient::Send -- Unable to send message (not connected to UPM process).
[Package Manager] Cannot connect to Unity Package Manager local server
[Package Manager] Server::EnsureServerProcessIsRunning -- launch failed, reason: Unity was launched with the -noUpm command-line argument
[Package Manager] UpmClient::Send -- Unable to send message (not connected to UPM process).
[Package Manager] Cannot connect to Unity Package Manager local server
Mono: successfully reloaded assembly
- Finished resetting the current domain, in  1.473 seconds
Domain Reload Profiling: 2026ms
	BeginReloadAssembly (167ms)
		ExecutionOrderSort (0ms)
		DisableScriptedObjects (13ms)
		BackupInstance (0ms)
		ReleaseScriptingObjects (0ms)
		CreateAndSetChildDomain (55ms)
	RebuildCommonClasses (24ms)
	RebuildNativeTypeToScriptingClass (8ms)
	initialDomainReloadingComplete (24ms)
	LoadAllAssembliesAndSetupDomain (330ms)
		LoadAssemblies (365ms)
		RebuildTransferFunctionScriptingTraits (0ms)
		AnalyzeDomain (34ms)
			TypeCache.Refresh (22ms)
				TypeCache.ScanAssembly (0ms)
			ScanForSourceGeneratedMonoScriptInfo (0ms)
			ResolveRequiredComponents (10ms)
	FinalizeReload (1473ms)
		ReleaseScriptCaches (0ms)
		RebuildScriptCaches (0ms)
		SetupLoadedEditorAssemblies (510ms)
			LogAssemblyErrors (0ms)
			InitializePlatformSupportModulesInManaged (9ms)
			SetLoadedEditorAssemblies (4ms)
			RefreshPlugins (0ms)
			BeforeProcessingInitializeOnLoad (61ms)
			ProcessInitializeOnLoadAttributes (402ms)
			ProcessInitializeOnLoadMethodAttributes (33ms)
			AfterProcessingInitializeOnLoad (1ms)
			EditorAssembliesLoaded (0ms)
		ExecutionOrderSort2 (0ms)
		AwakeInstancesAfterBackupRestoration (6ms)
Shader 'TextMeshPro/Distance Field (UIHsvModifier)': fallback shader 'TextMeshPro/Mobile/Distance Field (UIHsv)' not found
Shader 'TextMeshPro/Distance Field (UIHsvModifier)': fallback shader 'TextMeshPro/Mobile/Distance Field (UIHsv)' not found
Refreshing native plugins compatible for Editor in 9.34 ms, found 3 plugins.
Preloading 0 native plugins for Editor in 0.00 ms.
Unloading 6643 Unused Serialized files (Serialized files now loaded: 0)
Unloading 70 unused Assets / (1.8 MB). Loaded Objects now: 7299.
Memory consumption went from 476.2 MB to 474.3 MB.
Total: 5.284625 ms (FindLiveObjects: 0.379250 ms CreateObjectMapping: 0.095791 ms MarkObjects: 3.741542 ms  DeleteObjects: 1.066833 ms)

Prepare: number of updated asset objects reloaded= 0
AssetImportParameters requested are different than current active one (requested -> active):
  custom:container-demuxer-ogg: 62fdf1f143b41e24485cea50d1cbac27 -> 
  custom:container-muxer-webm: aa71ff27fc2769a1b78a27578f13a17b -> 
  custom:video-decoder-webm-vp8: 9c59270c3fd7afecdb556c50c9e8de78 -> 
  custom:SearchIndexIgnoredProperties: e643bd26f0fe6173181afceb89e7c659 -> 
  custom:AudioImporter_EditorPlatform: 3918e3fc78b5a79bad01e8451be0beb8 -> 
  custom:audio-decoder-ogg-vorbis: bf7c407c2cedff20999df2af8eb42d56 -> 
  custom:audio-encoder-webm-vorbis: bf7c407c2cedff20999df2af8eb42d56 -> 
  custom:scripting/precompiled-assembly-types:Assembly-CSharp: 9ab6a026f5680e3dda840a28d13b90c9 -> dd865f2bf1c65a1c7720113f429c2ed7
  custom:video-decoder-ogg-theora: a1e56fd34408186e4bbccfd4996cb3dc -> 
  custom:CustomObjectIndexerAttribute: 9a22284fe3817be447336de3de66b15e -> 
  custom:container-demuxer-webm: 4f35f7cbe854078d1ac9338744f61a02 -> 
  custom:framework-osx-AVFoundation: e770b220cccbd017edd2c1fefb359320 -> 
  custom:video-encoder-webm-vp8: eb34c28f22e8b96e1ab97ce403110664 -> 
========================================================================
Received Prepare
Caller must complete domain reload
Begin MonoManager ReloadAssembly
Thread 0x16b5c3000 may have been prematurely finalized
Symbol file LoadedFromMemory is not a mono symbol file
- Loaded All Assemblies, in  0.611 seconds
Native extension for Android target not found
Native extension for OSXStandalone target not found
Native extension for WebGL target not found
[Package Manager] Server::EnsureServerProcessIsRunning -- launch failed, reason: Unity was launched with the -noUpm command-line argument
[Package Manager] UpmClient::Send -- Unable to send message (not connected to UPM process).
[Package Manager] Cannot connect to Unity Package Manager local server
[Package Manager] Server::EnsureServerProcessIsRunning -- launch failed, reason: Unity was launched with the -noUpm command-line argument
[Package Manager] UpmClient::Send -- Unable to send message (not connected to UPM process).
[Package Manager] Cannot connect to Unity Package Manager local server
Mono: successfully reloaded assembly
- Finished resetting the current domain, in  1.204 seconds
Domain Reload Profiling: 1815ms
	BeginReloadAssembly (145ms)
		ExecutionOrderSort (0ms)
		DisableScriptedObjects (11ms)
		BackupInstance (0ms)
		ReleaseScriptingObjects (0ms)
		CreateAndSetChildDomain (58ms)
	RebuildCommonClasses (26ms)
	RebuildNativeTypeToScriptingClass (9ms)
	initialDomainReloadingComplete (21ms)
	LoadAllAssembliesAndSetupDomain (410ms)
		LoadAssemblies (378ms)
		RebuildTransferFunctionScriptingTraits (0ms)
		AnalyzeDomain (75ms)
			TypeCache.Refresh (43ms)
				TypeCache.ScanAssembly (11ms)
			ScanForSourceGeneratedMonoScriptInfo (19ms)
			ResolveRequiredComponents (13ms)
	FinalizeReload (1204ms)
		ReleaseScriptCaches (0ms)
		RebuildScriptCaches (0ms)
		SetupLoadedEditorAssemblies (450ms)
			LogAssemblyErrors (0ms)
			InitializePlatformSupportModulesInManaged (11ms)
			SetLoadedEditorAssemblies (4ms)
			RefreshPlugins (0ms)
			BeforeProcessingInitializeOnLoad (50ms)
			ProcessInitializeOnLoadAttributes (357ms)
			ProcessInitializeOnLoadMethodAttributes (27ms)
			AfterProcessingInitializeOnLoad (1ms)
			EditorAssembliesLoaded (0ms)
		ExecutionOrderSort2 (0ms)
		AwakeInstancesAfterBackupRestoration (5ms)
Shader 'TextMeshPro/Distance Field (UIHsvModifier)': fallback shader 'TextMeshPro/Mobile/Distance Field (UIHsv)' not found
Shader 'TextMeshPro/Distance Field (UIHsvModifier)': fallback shader 'TextMeshPro/Mobile/Distance Field (UIHsv)' not found
Refreshing native plugins compatible for Editor in 6.74 ms, found 3 plugins.
Preloading 0 native plugins for Editor in 0.00 ms.
Unloading 6643 Unused Serialized files (Serialized files now loaded: 0)
Unloading 70 unused Assets / (1.9 MB). Loaded Objects now: 7303.
Memory consumption went from 485.9 MB to 484.0 MB.
Total: 4.671959 ms (FindLiveObjects: 0.306792 ms CreateObjectMapping: 0.101041 ms MarkObjects: 3.204125 ms  DeleteObjects: 1.059000 ms)

Prepare: number of updated asset objects reloaded= 0
AssetImportParameters requested are different than current active one (requested -> active):
  custom:container-demuxer-ogg: 62fdf1f143b41e24485cea50d1cbac27 -> 
  custom:container-muxer-webm: aa71ff27fc2769a1b78a27578f13a17b -> 
  custom:video-decoder-webm-vp8: 9c59270c3fd7afecdb556c50c9e8de78 -> 
  custom:SearchIndexIgnoredProperties: e643bd26f0fe6173181afceb89e7c659 -> 
  custom:AudioImporter_EditorPlatform: 3918e3fc78b5a79bad01e8451be0beb8 -> 
  custom:audio-decoder-ogg-vorbis: bf7c407c2cedff20999df2af8eb42d56 -> 
  custom:audio-encoder-webm-vorbis: bf7c407c2cedff20999df2af8eb42d56 -> 
  custom:scripting/precompiled-assembly-types:Assembly-CSharp: 9ab6a026f5680e3dda840a28d13b90c9 -> dd865f2bf1c65a1c7720113f429c2ed7
  custom:video-decoder-ogg-theora: a1e56fd34408186e4bbccfd4996cb3dc -> 
  custom:CustomObjectIndexerAttribute: 9a22284fe3817be447336de3de66b15e -> 
  custom:container-demuxer-webm: 4f35f7cbe854078d1ac9338744f61a02 -> 
  custom:framework-osx-AVFoundation: e770b220cccbd017edd2c1fefb359320 -> 
  custom:video-encoder-webm-vp8: eb34c28f22e8b96e1ab97ce403110664 -> 
========================================================================
Received Prepare
Caller must complete domain reload
Begin MonoManager ReloadAssembly
Thread 0x16b5c3000 may have been prematurely finalized
Symbol file LoadedFromMemory is not a mono symbol file
- Loaded All Assemblies, in  0.506 seconds
Native extension for Android target not found
Native extension for OSXStandalone target not found
Native extension for WebGL target not found
[Package Manager] Server::EnsureServerProcessIsRunning -- launch failed, reason: Unity was launched with the -noUpm command-line argument
[Package Manager] UpmClient::Send -- Unable to send message (not connected to UPM process).
[Package Manager] Cannot connect to Unity Package Manager local server
[Package Manager] Server::EnsureServerProcessIsRunning -- launch failed, reason: Unity was launched with the -noUpm command-line argument
[Package Manager] UpmClient::Send -- Unable to send message (not connected to UPM process).
[Package Manager] Cannot connect to Unity Package Manager local server
Mono: successfully reloaded assembly
- Finished resetting the current domain, in  1.303 seconds
Domain Reload Profiling: 1811ms
	BeginReloadAssembly (144ms)
		ExecutionOrderSort (0ms)
		DisableScriptedObjects (10ms)
		BackupInstance (0ms)
		ReleaseScriptingObjects (0ms)
		CreateAndSetChildDomain (50ms)
	RebuildCommonClasses (21ms)
	RebuildNativeTypeToScriptingClass (8ms)
	initialDomainReloadingComplete (20ms)
	LoadAllAssembliesAndSetupDomain (314ms)
		LoadAssemblies (315ms)
		RebuildTransferFunctionScriptingTraits (0ms)
		AnalyzeDomain (53ms)
			TypeCache.Refresh (41ms)
				TypeCache.ScanAssembly (0ms)
			ScanForSourceGeneratedMonoScriptInfo (0ms)
			ResolveRequiredComponents (11ms)
	FinalizeReload (1304ms)
		ReleaseScriptCaches (0ms)
		RebuildScriptCaches (0ms)
		SetupLoadedEditorAssemblies (506ms)
			LogAssemblyErrors (0ms)
			InitializePlatformSupportModulesInManaged (9ms)
			SetLoadedEditorAssemblies (9ms)
			RefreshPlugins (0ms)
			BeforeProcessingInitializeOnLoad (54ms)
			ProcessInitializeOnLoadAttributes (402ms)
			ProcessInitializeOnLoadMethodAttributes (29ms)
			AfterProcessingInitializeOnLoad (1ms)
			EditorAssembliesLoaded (1ms)
		ExecutionOrderSort2 (0ms)
		AwakeInstancesAfterBackupRestoration (6ms)
Shader 'TextMeshPro/Distance Field (UIHsvModifier)': fallback shader 'TextMeshPro/Mobile/Distance Field (UIHsv)' not found
Shader 'TextMeshPro/Distance Field (UIHsvModifier)': fallback shader 'TextMeshPro/Mobile/Distance Field (UIHsv)' not found
Refreshing native plugins compatible for Editor in 7.15 ms, found 3 plugins.
Preloading 0 native plugins for Editor in 0.00 ms.
Unloading 6643 Unused Serialized files (Serialized files now loaded: 0)
Unloading 70 unused Assets / (1.8 MB). Loaded Objects now: 7307.
Memory consumption went from 495.6 MB to 493.8 MB.
Total: 5.834250 ms (FindLiveObjects: 0.280917 ms CreateObjectMapping: 0.094291 ms MarkObjects: 4.377084 ms  DeleteObjects: 1.081083 ms)

Prepare: number of updated asset objects reloaded= 0
AssetImportParameters requested are different than current active one (requested -> active):
  custom:container-demuxer-ogg: 62fdf1f143b41e24485cea50d1cbac27 -> 
  custom:container-muxer-webm: aa71ff27fc2769a1b78a27578f13a17b -> 
  custom:video-decoder-webm-vp8: 9c59270c3fd7afecdb556c50c9e8de78 -> 
  custom:SearchIndexIgnoredProperties: e643bd26f0fe6173181afceb89e7c659 -> 
  custom:AudioImporter_EditorPlatform: 3918e3fc78b5a79bad01e8451be0beb8 -> 
  custom:audio-decoder-ogg-vorbis: bf7c407c2cedff20999df2af8eb42d56 -> 
  custom:audio-encoder-webm-vorbis: bf7c407c2cedff20999df2af8eb42d56 -> 
  custom:scripting/precompiled-assembly-types:Assembly-CSharp: 9ab6a026f5680e3dda840a28d13b90c9 -> dd865f2bf1c65a1c7720113f429c2ed7
  custom:video-decoder-ogg-theora: a1e56fd34408186e4bbccfd4996cb3dc -> 
  custom:CustomObjectIndexerAttribute: 9a22284fe3817be447336de3de66b15e -> 
  custom:container-demuxer-webm: 4f35f7cbe854078d1ac9338744f61a02 -> 
  custom:framework-osx-AVFoundation: e770b220cccbd017edd2c1fefb359320 -> 
  custom:video-encoder-webm-vp8: eb34c28f22e8b96e1ab97ce403110664 -> 
========================================================================
Received Prepare
Caller must complete domain reload
Begin MonoManager ReloadAssembly
Thread 0x16b5c3000 may have been prematurely finalized
Symbol file LoadedFromMemory is not a mono symbol file
- Loaded All Assemblies, in  0.531 seconds
Native extension for Android target not found
Native extension for OSXStandalone target not found
Native extension for WebGL target not found
[Package Manager] Server::EnsureServerProcessIsRunning -- launch failed, reason: Unity was launched with the -noUpm command-line argument
[Package Manager] UpmClient::Send -- Unable to send message (not connected to UPM process).
[Package Manager] Cannot connect to Unity Package Manager local server
[Package Manager] Server::EnsureServerProcessIsRunning -- launch failed, reason: Unity was launched with the -noUpm command-line argument
[Package Manager] UpmClient::Send -- Unable to send message (not connected to UPM process).
[Package Manager] Cannot connect to Unity Package Manager local server
Mono: successfully reloaded assembly
- Finished resetting the current domain, in  1.143 seconds
Domain Reload Profiling: 1674ms
	BeginReloadAssembly (119ms)
		ExecutionOrderSort (0ms)
		DisableScriptedObjects (10ms)
		BackupInstance (0ms)
		ReleaseScriptingObjects (0ms)
		CreateAndSetChildDomain (46ms)
	RebuildCommonClasses (20ms)
	RebuildNativeTypeToScriptingClass (9ms)
	initialDomainReloadingComplete (24ms)
	LoadAllAssembliesAndSetupDomain (359ms)
		LoadAssemblies (345ms)
		RebuildTransferFunctionScriptingTraits (0ms)
		AnalyzeDomain (51ms)
			TypeCache.Refresh (29ms)
				TypeCache.ScanAssembly (11ms)
			ScanForSourceGeneratedMonoScriptInfo (13ms)
			ResolveRequiredComponents (8ms)
	FinalizeReload (1144ms)
		ReleaseScriptCaches (0ms)
		RebuildScriptCaches (0ms)
		SetupLoadedEditorAssemblies (443ms)
			LogAssemblyErrors (0ms)
			InitializePlatformSupportModulesInManaged (8ms)
			SetLoadedEditorAssemblies (4ms)
			RefreshPlugins (0ms)
			BeforeProcessingInitializeOnLoad (49ms)
			ProcessInitializeOnLoadAttributes (355ms)
			ProcessInitializeOnLoadMethodAttributes (26ms)
			AfterProcessingInitializeOnLoad (1ms)
			EditorAssembliesLoaded (0ms)
		ExecutionOrderSort2 (0ms)
		AwakeInstancesAfterBackupRestoration (5ms)
Shader 'TextMeshPro/Distance Field (UIHsvModifier)': fallback shader 'TextMeshPro/Mobile/Distance Field (UIHsv)' not found
Shader 'TextMeshPro/Distance Field (UIHsvModifier)': fallback shader 'TextMeshPro/Mobile/Distance Field (UIHsv)' not found
Refreshing native plugins compatible for Editor in 6.72 ms, found 3 plugins.
Preloading 0 native plugins for Editor in 0.00 ms.
Unloading 6643 Unused Serialized files (Serialized files now loaded: 0)
Unloading 70 unused Assets / (1.9 MB). Loaded Objects now: 7311.
Memory consumption went from 505.4 MB to 503.5 MB.
Total: 4.525709 ms (FindLiveObjects: 0.297209 ms CreateObjectMapping: 0.107375 ms MarkObjects: 3.220584 ms  DeleteObjects: 0.900000 ms)

Prepare: number of updated asset objects reloaded= 0
AssetImportParameters requested are different than current active one (requested -> active):
  custom:container-demuxer-ogg: 62fdf1f143b41e24485cea50d1cbac27 -> 
  custom:container-muxer-webm: aa71ff27fc2769a1b78a27578f13a17b -> 
  custom:video-decoder-webm-vp8: 9c59270c3fd7afecdb556c50c9e8de78 -> 
  custom:SearchIndexIgnoredProperties: e643bd26f0fe6173181afceb89e7c659 -> 
  custom:AudioImporter_EditorPlatform: 3918e3fc78b5a79bad01e8451be0beb8 -> 
  custom:audio-decoder-ogg-vorbis: bf7c407c2cedff20999df2af8eb42d56 -> 
  custom:audio-encoder-webm-vorbis: bf7c407c2cedff20999df2af8eb42d56 -> 
  custom:scripting/precompiled-assembly-types:Assembly-CSharp: 9ab6a026f5680e3dda840a28d13b90c9 -> dd865f2bf1c65a1c7720113f429c2ed7
  custom:video-decoder-ogg-theora: a1e56fd34408186e4bbccfd4996cb3dc -> 
  custom:CustomObjectIndexerAttribute: 9a22284fe3817be447336de3de66b15e -> 
  custom:container-demuxer-webm: 4f35f7cbe854078d1ac9338744f61a02 -> 
  custom:framework-osx-AVFoundation: e770b220cccbd017edd2c1fefb359320 -> 
  custom:video-encoder-webm-vp8: eb34c28f22e8b96e1ab97ce403110664 -> 
========================================================================
Received Prepare
Caller must complete domain reload
Begin MonoManager ReloadAssembly
Thread 0x16b5c3000 may have been prematurely finalized
Symbol file LoadedFromMemory is not a mono symbol file
- Loaded All Assemblies, in  0.466 seconds
Native extension for Android target not found
Native extension for OSXStandalone target not found
Native extension for WebGL target not found
[Package Manager] Server::EnsureServerProcessIsRunning -- launch failed, reason: Unity was launched with the -noUpm command-line argument
[Package Manager] UpmClient::Send -- Unable to send message (not connected to UPM process).
[Package Manager] Cannot connect to Unity Package Manager local server
[Package Manager] Server::EnsureServerProcessIsRunning -- launch failed, reason: Unity was launched with the -noUpm command-line argument
[Package Manager] UpmClient::Send -- Unable to send message (not connected to UPM process).
[Package Manager] Cannot connect to Unity Package Manager local server
Mono: successfully reloaded assembly
- Finished resetting the current domain, in  1.313 seconds
Domain Reload Profiling: 1779ms
	BeginReloadAssembly (132ms)
		ExecutionOrderSort (0ms)
		DisableScriptedObjects (11ms)
		BackupInstance (0ms)
		ReleaseScriptingObjects (0ms)
		CreateAndSetChildDomain (57ms)
	RebuildCommonClasses (24ms)
	RebuildNativeTypeToScriptingClass (8ms)
	initialDomainReloadingComplete (20ms)
	LoadAllAssembliesAndSetupDomain (282ms)
		LoadAssemblies (299ms)
		RebuildTransferFunctionScriptingTraits (0ms)
		AnalyzeDomain (21ms)
			TypeCache.Refresh (12ms)
				TypeCache.ScanAssembly (0ms)
			ScanForSourceGeneratedMonoScriptInfo (0ms)
			ResolveRequiredComponents (8ms)
	FinalizeReload (1313ms)
		ReleaseScriptCaches (0ms)
		RebuildScriptCaches (0ms)
		SetupLoadedEditorAssemblies (512ms)
			LogAssemblyErrors (0ms)
			InitializePlatformSupportModulesInManaged (13ms)
			SetLoadedEditorAssemblies (4ms)
			RefreshPlugins (0ms)
			BeforeProcessingInitializeOnLoad (51ms)
			ProcessInitializeOnLoadAttributes (409ms)
			ProcessInitializeOnLoadMethodAttributes (32ms)
			AfterProcessingInitializeOnLoad (1ms)
			EditorAssembliesLoaded (1ms)
		ExecutionOrderSort2 (0ms)
		AwakeInstancesAfterBackupRestoration (7ms)
Shader 'TextMeshPro/Distance Field (UIHsvModifier)': fallback shader 'TextMeshPro/Mobile/Distance Field (UIHsv)' not found
Shader 'TextMeshPro/Distance Field (UIHsvModifier)': fallback shader 'TextMeshPro/Mobile/Distance Field (UIHsv)' not found
Refreshing native plugins compatible for Editor in 9.83 ms, found 3 plugins.
Preloading 0 native plugins for Editor in 0.00 ms.
Unloading 6643 Unused Serialized files (Serialized files now loaded: 0)
Unloading 70 unused Assets / (1.9 MB). Loaded Objects now: 7315.
Memory consumption went from 0.50 GB to 0.50 GB.
Total: 7.862125 ms (FindLiveObjects: 0.347250 ms CreateObjectMapping: 0.148166 ms MarkObjects: 6.245208 ms  DeleteObjects: 1.120084 ms)

Prepare: number of updated asset objects reloaded= 0
AssetImportParameters requested are different than current active one (requested -> active):
  custom:container-demuxer-ogg: 62fdf1f143b41e24485cea50d1cbac27 -> 
  custom:container-muxer-webm: aa71ff27fc2769a1b78a27578f13a17b -> 
  custom:video-decoder-webm-vp8: 9c59270c3fd7afecdb556c50c9e8de78 -> 
  custom:SearchIndexIgnoredProperties: e643bd26f0fe6173181afceb89e7c659 -> 
  custom:AudioImporter_EditorPlatform: 3918e3fc78b5a79bad01e8451be0beb8 -> 
  custom:audio-decoder-ogg-vorbis: bf7c407c2cedff20999df2af8eb42d56 -> 
  custom:audio-encoder-webm-vorbis: bf7c407c2cedff20999df2af8eb42d56 -> 
  custom:scripting/precompiled-assembly-types:Assembly-CSharp: 9ab6a026f5680e3dda840a28d13b90c9 -> dd865f2bf1c65a1c7720113f429c2ed7
  custom:video-decoder-ogg-theora: a1e56fd34408186e4bbccfd4996cb3dc -> 
  custom:CustomObjectIndexerAttribute: 9a22284fe3817be447336de3de66b15e -> 
  custom:container-demuxer-webm: 4f35f7cbe854078d1ac9338744f61a02 -> 
  custom:framework-osx-AVFoundation: e770b220cccbd017edd2c1fefb359320 -> 
  custom:video-encoder-webm-vp8: eb34c28f22e8b96e1ab97ce403110664 -> 
========================================================================
Received Prepare
Caller must complete domain reload
Begin MonoManager ReloadAssembly
Thread 0x16b5c3000 may have been prematurely finalized
Symbol file LoadedFromMemory is not a mono symbol file
- Loaded All Assemblies, in  0.553 seconds
Native extension for Android target not found
Native extension for OSXStandalone target not found
Native extension for WebGL target not found
[Package Manager] Server::EnsureServerProcessIsRunning -- launch failed, reason: Unity was launched with the -noUpm command-line argument
[Package Manager] UpmClient::Send -- Unable to send message (not connected to UPM process).
[Package Manager] Cannot connect to Unity Package Manager local server
[Package Manager] Server::EnsureServerProcessIsRunning -- launch failed, reason: Unity was launched with the -noUpm command-line argument
[Package Manager] UpmClient::Send -- Unable to send message (not connected to UPM process).
[Package Manager] Cannot connect to Unity Package Manager local server
Mono: successfully reloaded assembly
- Finished resetting the current domain, in  1.150 seconds
Domain Reload Profiling: 1703ms
	BeginReloadAssembly (153ms)
		ExecutionOrderSort (0ms)
		DisableScriptedObjects (18ms)
		BackupInstance (0ms)
		ReleaseScriptingObjects (0ms)
		CreateAndSetChildDomain (60ms)
	RebuildCommonClasses (23ms)
	RebuildNativeTypeToScriptingClass (9ms)
	initialDomainReloadingComplete (22ms)
	LoadAllAssembliesAndSetupDomain (347ms)
		LoadAssemblies (341ms)
		RebuildTransferFunctionScriptingTraits (0ms)
		AnalyzeDomain (51ms)
			TypeCache.Refresh (32ms)
				TypeCache.ScanAssembly (11ms)
			ScanForSourceGeneratedMonoScriptInfo (10ms)
			ResolveRequiredComponents (8ms)
	FinalizeReload (1150ms)
		ReleaseScriptCaches (0ms)
		RebuildScriptCaches (0ms)
		SetupLoadedEditorAssemblies (448ms)
			LogAssemblyErrors (0ms)
			InitializePlatformSupportModulesInManaged (9ms)
			SetLoadedEditorAssemblies (4ms)
			RefreshPlugins (0ms)
			BeforeProcessingInitializeOnLoad (55ms)
			ProcessInitializeOnLoadAttributes (353ms)
			ProcessInitializeOnLoadMethodAttributes (27ms)
			AfterProcessingInitializeOnLoad (1ms)
			EditorAssembliesLoaded (0ms)
		ExecutionOrderSort2 (0ms)
		AwakeInstancesAfterBackupRestoration (6ms)
Shader 'TextMeshPro/Distance Field (UIHsvModifier)': fallback shader 'TextMeshPro/Mobile/Distance Field (UIHsv)' not found
Shader 'TextMeshPro/Distance Field (UIHsvModifier)': fallback shader 'TextMeshPro/Mobile/Distance Field (UIHsv)' not found
Refreshing native plugins compatible for Editor in 8.35 ms, found 3 plugins.
Preloading 0 native plugins for Editor in 0.00 ms.
Unloading 6643 Unused Serialized files (Serialized files now loaded: 0)
Unloading 70 unused Assets / (1.9 MB). Loaded Objects now: 7319.
Memory consumption went from 0.51 GB to 0.51 GB.
Total: 4.340792 ms (FindLiveObjects: 0.275000 ms CreateObjectMapping: 0.099084 ms MarkObjects: 3.105667 ms  DeleteObjects: 0.860208 ms)

Prepare: number of updated asset objects reloaded= 0
AssetImportParameters requested are different than current active one (requested -> active):
  custom:container-demuxer-ogg: 62fdf1f143b41e24485cea50d1cbac27 -> 
  custom:container-muxer-webm: aa71ff27fc2769a1b78a27578f13a17b -> 
  custom:video-decoder-webm-vp8: 9c59270c3fd7afecdb556c50c9e8de78 -> 
  custom:SearchIndexIgnoredProperties: e643bd26f0fe6173181afceb89e7c659 -> 
  custom:AudioImporter_EditorPlatform: 3918e3fc78b5a79bad01e8451be0beb8 -> 
  custom:audio-decoder-ogg-vorbis: bf7c407c2cedff20999df2af8eb42d56 -> 
  custom:audio-encoder-webm-vorbis: bf7c407c2cedff20999df2af8eb42d56 -> 
  custom:scripting/precompiled-assembly-types:Assembly-CSharp: 9ab6a026f5680e3dda840a28d13b90c9 -> dd865f2bf1c65a1c7720113f429c2ed7
  custom:video-decoder-ogg-theora: a1e56fd34408186e4bbccfd4996cb3dc -> 
  custom:CustomObjectIndexerAttribute: 9a22284fe3817be447336de3de66b15e -> 
  custom:container-demuxer-webm: 4f35f7cbe854078d1ac9338744f61a02 -> 
  custom:framework-osx-AVFoundation: e770b220cccbd017edd2c1fefb359320 -> 
  custom:video-encoder-webm-vp8: eb34c28f22e8b96e1ab97ce403110664 -> 
========================================================================
Received Prepare
Caller must complete domain reload
Begin MonoManager ReloadAssembly
Thread 0x16b5c3000 may have been prematurely finalized
Symbol file LoadedFromMemory is not a mono symbol file
- Loaded All Assemblies, in  0.434 seconds
Native extension for Android target not found
Native extension for OSXStandalone target not found
Native extension for WebGL target not found
[Package Manager] Server::EnsureServerProcessIsRunning -- launch failed, reason: Unity was launched with the -noUpm command-line argument
[Package Manager] UpmClient::Send -- Unable to send message (not connected to UPM process).
[Package Manager] Cannot connect to Unity Package Manager local server
[Package Manager] Server::EnsureServerProcessIsRunning -- launch failed, reason: Unity was launched with the -noUpm command-line argument
[Package Manager] UpmClient::Send -- Unable to send message (not connected to UPM process).
[Package Manager] Cannot connect to Unity Package Manager local server
Mono: successfully reloaded assembly
- Finished resetting the current domain, in  1.338 seconds
Domain Reload Profiling: 1773ms
	BeginReloadAssembly (122ms)
		ExecutionOrderSort (0ms)
		DisableScriptedObjects (12ms)
		BackupInstance (0ms)
		ReleaseScriptingObjects (0ms)
		CreateAndSetChildDomain (43ms)
	RebuildCommonClasses (23ms)
	RebuildNativeTypeToScriptingClass (8ms)
	initialDomainReloadingComplete (23ms)
	LoadAllAssembliesAndSetupDomain (258ms)
		LoadAssemblies (279ms)
		RebuildTransferFunctionScriptingTraits (0ms)
		AnalyzeDomain (21ms)
			TypeCache.Refresh (11ms)
				TypeCache.ScanAssembly (0ms)
			ScanForSourceGeneratedMonoScriptInfo (0ms)
			ResolveRequiredComponents (9ms)
	FinalizeReload (1338ms)
		ReleaseScriptCaches (0ms)
		RebuildScriptCaches (0ms)
		SetupLoadedEditorAssemblies (530ms)
			LogAssemblyErrors (0ms)
			InitializePlatformSupportModulesInManaged (13ms)
			SetLoadedEditorAssemblies (4ms)
			RefreshPlugins (0ms)
			BeforeProcessingInitializeOnLoad (52ms)
			ProcessInitializeOnLoadAttributes (427ms)
			ProcessInitializeOnLoadMethodAttributes (32ms)
			AfterProcessingInitializeOnLoad (1ms)
			EditorAssembliesLoaded (1ms)
		ExecutionOrderSort2 (0ms)
		AwakeInstancesAfterBackupRestoration (6ms)
Shader 'TextMeshPro/Distance Field (UIHsvModifier)': fallback shader 'TextMeshPro/Mobile/Distance Field (UIHsv)' not found
Shader 'TextMeshPro/Distance Field (UIHsvModifier)': fallback shader 'TextMeshPro/Mobile/Distance Field (UIHsv)' not found
Refreshing native plugins compatible for Editor in 11.63 ms, found 3 plugins.
Preloading 0 native plugins for Editor in 0.00 ms.
Unloading 6643 Unused Serialized files (Serialized files now loaded: 0)
Unloading 70 unused Assets / (1.9 MB). Loaded Objects now: 7323.
Memory consumption went from 0.52 GB to 0.52 GB.
Total: 5.943084 ms (FindLiveObjects: 0.377792 ms CreateObjectMapping: 0.132000 ms MarkObjects: 4.104291 ms  DeleteObjects: 1.328209 ms)

Prepare: number of updated asset objects reloaded= 0
AssetImportParameters requested are different than current active one (requested -> active):
  custom:container-demuxer-ogg: 62fdf1f143b41e24485cea50d1cbac27 -> 
  custom:container-muxer-webm: aa71ff27fc2769a1b78a27578f13a17b -> 
  custom:video-decoder-webm-vp8: 9c59270c3fd7afecdb556c50c9e8de78 -> 
  custom:SearchIndexIgnoredProperties: e643bd26f0fe6173181afceb89e7c659 -> 
  custom:AudioImporter_EditorPlatform: 3918e3fc78b5a79bad01e8451be0beb8 -> 
  custom:audio-decoder-ogg-vorbis: bf7c407c2cedff20999df2af8eb42d56 -> 
  custom:audio-encoder-webm-vorbis: bf7c407c2cedff20999df2af8eb42d56 -> 
  custom:scripting/precompiled-assembly-types:Assembly-CSharp: 9ab6a026f5680e3dda840a28d13b90c9 -> dd865f2bf1c65a1c7720113f429c2ed7
  custom:video-decoder-ogg-theora: a1e56fd34408186e4bbccfd4996cb3dc -> 
  custom:CustomObjectIndexerAttribute: 9a22284fe3817be447336de3de66b15e -> 
  custom:container-demuxer-webm: 4f35f7cbe854078d1ac9338744f61a02 -> 
  custom:framework-osx-AVFoundation: e770b220cccbd017edd2c1fefb359320 -> 
  custom:video-encoder-webm-vp8: eb34c28f22e8b96e1ab97ce403110664 -> 
========================================================================
Received Prepare
Caller must complete domain reload
Begin MonoManager ReloadAssembly
Thread 0x16b5c3000 may have been prematurely finalized
Symbol file LoadedFromMemory is not a mono symbol file
- Loaded All Assemblies, in  0.598 seconds
Native extension for Android target not found
Native extension for OSXStandalone target not found
Native extension for WebGL target not found
[Package Manager] Server::EnsureServerProcessIsRunning -- launch failed, reason: Unity was launched with the -noUpm command-line argument
[Package Manager] UpmClient::Send -- Unable to send message (not connected to UPM process).
[Package Manager] Cannot connect to Unity Package Manager local server
[Package Manager] Server::EnsureServerProcessIsRunning -- launch failed, reason: Unity was launched with the -noUpm command-line argument
[Package Manager] UpmClient::Send -- Unable to send message (not connected to UPM process).
[Package Manager] Cannot connect to Unity Package Manager local server
Mono: successfully reloaded assembly
- Finished resetting the current domain, in  1.192 seconds
Domain Reload Profiling: 1791ms
	BeginReloadAssembly (143ms)
		ExecutionOrderSort (0ms)
		DisableScriptedObjects (7ms)
		BackupInstance (0ms)
		ReleaseScriptingObjects (0ms)
		CreateAndSetChildDomain (48ms)
	RebuildCommonClasses (24ms)
	RebuildNativeTypeToScriptingClass (8ms)
	initialDomainReloadingComplete (21ms)
	LoadAllAssembliesAndSetupDomain (403ms)
		LoadAssemblies (406ms)
		RebuildTransferFunctionScriptingTraits (0ms)
		AnalyzeDomain (55ms)
			TypeCache.Refresh (33ms)
				TypeCache.ScanAssembly (12ms)
			ScanForSourceGeneratedMonoScriptInfo (13ms)
			ResolveRequiredComponents (8ms)
	FinalizeReload (1192ms)
		ReleaseScriptCaches (0ms)
		RebuildScriptCaches (0ms)
		SetupLoadedEditorAssemblies (461ms)
			LogAssemblyErrors (0ms)
			InitializePlatformSupportModulesInManaged (9ms)
			SetLoadedEditorAssemblies (4ms)
			RefreshPlugins (0ms)
			BeforeProcessingInitializeOnLoad (51ms)
			ProcessInitializeOnLoadAttributes (362ms)
			ProcessInitializeOnLoadMethodAttributes (34ms)
			AfterProcessingInitializeOnLoad (1ms)
			EditorAssembliesLoaded (0ms)
		ExecutionOrderSort2 (0ms)
		AwakeInstancesAfterBackupRestoration (6ms)
Shader 'TextMeshPro/Distance Field (UIHsvModifier)': fallback shader 'TextMeshPro/Mobile/Distance Field (UIHsv)' not found
Shader 'TextMeshPro/Distance Field (UIHsvModifier)': fallback shader 'TextMeshPro/Mobile/Distance Field (UIHsv)' not found
Refreshing native plugins compatible for Editor in 8.06 ms, found 3 plugins.
Preloading 0 native plugins for Editor in 0.00 ms.
Unloading 6643 Unused Serialized files (Serialized files now loaded: 0)
Unloading 70 unused Assets / (1.9 MB). Loaded Objects now: 7327.
Memory consumption went from 0.53 GB to 0.53 GB.
Total: 4.383709 ms (FindLiveObjects: 0.291500 ms CreateObjectMapping: 0.111667 ms MarkObjects: 3.080458 ms  DeleteObjects: 0.899459 ms)

Prepare: number of updated asset objects reloaded= 0
AssetImportParameters requested are different than current active one (requested -> active):
  custom:container-demuxer-ogg: 62fdf1f143b41e24485cea50d1cbac27 -> 
  custom:container-muxer-webm: aa71ff27fc2769a1b78a27578f13a17b -> 
  custom:video-decoder-webm-vp8: 9c59270c3fd7afecdb556c50c9e8de78 -> 
  custom:SearchIndexIgnoredProperties: e643bd26f0fe6173181afceb89e7c659 -> 
  custom:AudioImporter_EditorPlatform: 3918e3fc78b5a79bad01e8451be0beb8 -> 
  custom:audio-decoder-ogg-vorbis: bf7c407c2cedff20999df2af8eb42d56 -> 
  custom:audio-encoder-webm-vorbis: bf7c407c2cedff20999df2af8eb42d56 -> 
  custom:scripting/precompiled-assembly-types:Assembly-CSharp: 9ab6a026f5680e3dda840a28d13b90c9 -> dd865f2bf1c65a1c7720113f429c2ed7
  custom:video-decoder-ogg-theora: a1e56fd34408186e4bbccfd4996cb3dc -> 
  custom:CustomObjectIndexerAttribute: 9a22284fe3817be447336de3de66b15e -> 
  custom:container-demuxer-webm: 4f35f7cbe854078d1ac9338744f61a02 -> 
  custom:framework-osx-AVFoundation: e770b220cccbd017edd2c1fefb359320 -> 
  custom:video-encoder-webm-vp8: eb34c28f22e8b96e1ab97ce403110664 -> 
========================================================================
Received Prepare
Caller must complete domain reload
Begin MonoManager ReloadAssembly
Thread 0x16b5c3000 may have been prematurely finalized
Symbol file LoadedFromMemory is not a mono symbol file
- Loaded All Assemblies, in  0.620 seconds
Native extension for Android target not found
Native extension for OSXStandalone target not found
Native extension for WebGL target not found
[Package Manager] Server::EnsureServerProcessIsRunning -- launch failed, reason: Unity was launched with the -noUpm command-line argument
[Package Manager] UpmClient::Send -- Unable to send message (not connected to UPM process).
[Package Manager] Cannot connect to Unity Package Manager local server
[Package Manager] Server::EnsureServerProcessIsRunning -- launch failed, reason: Unity was launched with the -noUpm command-line argument
[Package Manager] UpmClient::Send -- Unable to send message (not connected to UPM process).
[Package Manager] Cannot connect to Unity Package Manager local server
Mono: successfully reloaded assembly
- Finished resetting the current domain, in  1.284 seconds
Domain Reload Profiling: 1906ms
	BeginReloadAssembly (115ms)
		ExecutionOrderSort (0ms)
		DisableScriptedObjects (7ms)
		BackupInstance (0ms)
		ReleaseScriptingObjects (0ms)
		CreateAndSetChildDomain (49ms)
	RebuildCommonClasses (20ms)
	RebuildNativeTypeToScriptingClass (8ms)
	initialDomainReloadingComplete (19ms)
	LoadAllAssembliesAndSetupDomain (460ms)
		LoadAssemblies (448ms)
		RebuildTransferFunctionScriptingTraits (0ms)
		AnalyzeDomain (40ms)
			TypeCache.Refresh (30ms)
				TypeCache.ScanAssembly (0ms)
			ScanForSourceGeneratedMonoScriptInfo (0ms)
			ResolveRequiredComponents (9ms)
	FinalizeReload (1284ms)
		ReleaseScriptCaches (0ms)
		RebuildScriptCaches (0ms)
		SetupLoadedEditorAssemblies (525ms)
			LogAssemblyErrors (0ms)
			InitializePlatformSupportModulesInManaged (12ms)
			SetLoadedEditorAssemblies (4ms)
			RefreshPlugins (0ms)
			BeforeProcessingInitializeOnLoad (59ms)
			ProcessInitializeOnLoadAttributes (417ms)
			ProcessInitializeOnLoadMethodAttributes (32ms)
			AfterProcessingInitializeOnLoad (1ms)
			EditorAssembliesLoaded (0ms)
		ExecutionOrderSort2 (0ms)
		AwakeInstancesAfterBackupRestoration (7ms)
Shader 'TextMeshPro/Distance Field (UIHsvModifier)': fallback shader 'TextMeshPro/Mobile/Distance Field (UIHsv)' not found
Shader 'TextMeshPro/Distance Field (UIHsvModifier)': fallback shader 'TextMeshPro/Mobile/Distance Field (UIHsv)' not found
Refreshing native plugins compatible for Editor in 28.96 ms, found 3 plugins.
Preloading 0 native plugins for Editor in 0.00 ms.
Unloading 6643 Unused Serialized files (Serialized files now loaded: 0)
Unloading 70 unused Assets / (1.9 MB). Loaded Objects now: 7331.
Memory consumption went from 0.54 GB to 0.54 GB.
Total: 10.598791 ms (FindLiveObjects: 0.332417 ms CreateObjectMapping: 0.142166 ms MarkObjects: 8.906584 ms  DeleteObjects: 1.216709 ms)

Prepare: number of updated asset objects reloaded= 0
AssetImportParameters requested are different than current active one (requested -> active):
  custom:container-demuxer-ogg: 62fdf1f143b41e24485cea50d1cbac27 -> 
  custom:container-muxer-webm: aa71ff27fc2769a1b78a27578f13a17b -> 
  custom:video-decoder-webm-vp8: 9c59270c3fd7afecdb556c50c9e8de78 -> 
  custom:SearchIndexIgnoredProperties: e643bd26f0fe6173181afceb89e7c659 -> 
  custom:AudioImporter_EditorPlatform: 3918e3fc78b5a79bad01e8451be0beb8 -> 
  custom:audio-decoder-ogg-vorbis: bf7c407c2cedff20999df2af8eb42d56 -> 
  custom:audio-encoder-webm-vorbis: bf7c407c2cedff20999df2af8eb42d56 -> 
  custom:scripting/precompiled-assembly-types:Assembly-CSharp: 9ab6a026f5680e3dda840a28d13b90c9 -> dd865f2bf1c65a1c7720113f429c2ed7
  custom:video-decoder-ogg-theora: a1e56fd34408186e4bbccfd4996cb3dc -> 
  custom:CustomObjectIndexerAttribute: 9a22284fe3817be447336de3de66b15e -> 
  custom:container-demuxer-webm: 4f35f7cbe854078d1ac9338744f61a02 -> 
  custom:framework-osx-AVFoundation: e770b220cccbd017edd2c1fefb359320 -> 
  custom:video-encoder-webm-vp8: eb34c28f22e8b96e1ab97ce403110664 -> 
========================================================================
Received Prepare
Caller must complete domain reload
Begin MonoManager ReloadAssembly
Thread 0x16b5c3000 may have been prematurely finalized
Symbol file LoadedFromMemory is not a mono symbol file
- Loaded All Assemblies, in  0.530 seconds
Native extension for Android target not found
Native extension for OSXStandalone target not found
Native extension for WebGL target not found
[Package Manager] Server::EnsureServerProcessIsRunning -- launch failed, reason: Unity was launched with the -noUpm command-line argument
[Package Manager] UpmClient::Send -- Unable to send message (not connected to UPM process).
[Package Manager] Cannot connect to Unity Package Manager local server
[Package Manager] Server::EnsureServerProcessIsRunning -- launch failed, reason: Unity was launched with the -noUpm command-line argument
[Package Manager] UpmClient::Send -- Unable to send message (not connected to UPM process).
[Package Manager] Cannot connect to Unity Package Manager local server
Mono: successfully reloaded assembly
- Finished resetting the current domain, in  1.202 seconds
Domain Reload Profiling: 1732ms
	BeginReloadAssembly (120ms)
		ExecutionOrderSort (0ms)
		DisableScriptedObjects (9ms)
		BackupInstance (0ms)
		ReleaseScriptingObjects (0ms)
		CreateAndSetChildDomain (44ms)
	RebuildCommonClasses (22ms)
	RebuildNativeTypeToScriptingClass (8ms)
	initialDomainReloadingComplete (21ms)
	LoadAllAssembliesAndSetupDomain (359ms)
		LoadAssemblies (340ms)
		RebuildTransferFunctionScriptingTraits (0ms)
		AnalyzeDomain (55ms)
			TypeCache.Refresh (34ms)
				TypeCache.ScanAssembly (13ms)
			ScanForSourceGeneratedMonoScriptInfo (12ms)
			ResolveRequiredComponents (8ms)
	FinalizeReload (1202ms)
		ReleaseScriptCaches (0ms)
		RebuildScriptCaches (0ms)
		SetupLoadedEditorAssemblies (476ms)
			LogAssemblyErrors (0ms)
			InitializePlatformSupportModulesInManaged (10ms)
			SetLoadedEditorAssemblies (4ms)
			RefreshPlugins (0ms)
			BeforeProcessingInitializeOnLoad (52ms)
			ProcessInitializeOnLoadAttributes (380ms)
			ProcessInitializeOnLoadMethodAttributes (30ms)
			AfterProcessingInitializeOnLoad (1ms)
			EditorAssembliesLoaded (0ms)
		ExecutionOrderSort2 (0ms)
		AwakeInstancesAfterBackupRestoration (5ms)
Shader 'TextMeshPro/Distance Field (UIHsvModifier)': fallback shader 'TextMeshPro/Mobile/Distance Field (UIHsv)' not found
Shader 'TextMeshPro/Distance Field (UIHsvModifier)': fallback shader 'TextMeshPro/Mobile/Distance Field (UIHsv)' not found
Refreshing native plugins compatible for Editor in 24.28 ms, found 3 plugins.
Preloading 0 native plugins for Editor in 0.00 ms.
Unloading 6643 Unused Serialized files (Serialized files now loaded: 0)
Unloading 70 unused Assets / (1.9 MB). Loaded Objects now: 7335.
Memory consumption went from 0.55 GB to 0.55 GB.
Total: 4.761042 ms (FindLiveObjects: 0.400208 ms CreateObjectMapping: 0.116417 ms MarkObjects: 3.252458 ms  DeleteObjects: 0.991208 ms)

Prepare: number of updated asset objects reloaded= 0
AssetImportParameters requested are different than current active one (requested -> active):
  custom:container-demuxer-ogg: 62fdf1f143b41e24485cea50d1cbac27 -> 
  custom:container-muxer-webm: aa71ff27fc2769a1b78a27578f13a17b -> 
  custom:video-decoder-webm-vp8: 9c59270c3fd7afecdb556c50c9e8de78 -> 
  custom:SearchIndexIgnoredProperties: e643bd26f0fe6173181afceb89e7c659 -> 
  custom:AudioImporter_EditorPlatform: 3918e3fc78b5a79bad01e8451be0beb8 -> 
  custom:audio-decoder-ogg-vorbis: bf7c407c2cedff20999df2af8eb42d56 -> 
  custom:audio-encoder-webm-vorbis: bf7c407c2cedff20999df2af8eb42d56 -> 
  custom:scripting/precompiled-assembly-types:Assembly-CSharp: 9ab6a026f5680e3dda840a28d13b90c9 -> dd865f2bf1c65a1c7720113f429c2ed7
  custom:video-decoder-ogg-theora: a1e56fd34408186e4bbccfd4996cb3dc -> 
  custom:CustomObjectIndexerAttribute: 9a22284fe3817be447336de3de66b15e -> 
  custom:container-demuxer-webm: 4f35f7cbe854078d1ac9338744f61a02 -> 
  custom:framework-osx-AVFoundation: e770b220cccbd017edd2c1fefb359320 -> 
  custom:video-encoder-webm-vp8: eb34c28f22e8b96e1ab97ce403110664 -> 
========================================================================
Received Prepare
Caller must complete domain reload
Begin MonoManager ReloadAssembly
Thread 0x16b5c3000 may have been prematurely finalized
Symbol file LoadedFromMemory is not a mono symbol file
- Loaded All Assemblies, in  0.492 seconds
Native extension for Android target not found
Native extension for OSXStandalone target not found
Native extension for WebGL target not found
[Package Manager] Server::EnsureServerProcessIsRunning -- launch failed, reason: Unity was launched with the -noUpm command-line argument
[Package Manager] UpmClient::Send -- Unable to send message (not connected to UPM process).
[Package Manager] Cannot connect to Unity Package Manager local server
[Package Manager] Server::EnsureServerProcessIsRunning -- launch failed, reason: Unity was launched with the -noUpm command-line argument
[Package Manager] UpmClient::Send -- Unable to send message (not connected to UPM process).
[Package Manager] Cannot connect to Unity Package Manager local server
Mono: successfully reloaded assembly
- Finished resetting the current domain, in  1.334 seconds
Domain Reload Profiling: 1828ms
	BeginReloadAssembly (131ms)
		ExecutionOrderSort (0ms)
		DisableScriptedObjects (12ms)
		BackupInstance (0ms)
		ReleaseScriptingObjects (0ms)
		CreateAndSetChildDomain (51ms)
	RebuildCommonClasses (20ms)
	RebuildNativeTypeToScriptingClass (8ms)
	initialDomainReloadingComplete (23ms)
	LoadAllAssembliesAndSetupDomain (311ms)
		LoadAssemblies (304ms)
		RebuildTransferFunctionScriptingTraits (0ms)
		AnalyzeDomain (50ms)
			TypeCache.Refresh (39ms)
				TypeCache.ScanAssembly (0ms)
			ScanForSourceGeneratedMonoScriptInfo (0ms)
			ResolveRequiredComponents (10ms)
	FinalizeReload (1334ms)
		ReleaseScriptCaches (0ms)
		RebuildScriptCaches (0ms)
		SetupLoadedEditorAssemblies (518ms)
			LogAssemblyErrors (0ms)
			InitializePlatformSupportModulesInManaged (10ms)
			SetLoadedEditorAssemblies (6ms)
			RefreshPlugins (0ms)
			BeforeProcessingInitializeOnLoad (59ms)
			ProcessInitializeOnLoadAttributes (411ms)
			ProcessInitializeOnLoadMethodAttributes (31ms)
			AfterProcessingInitializeOnLoad (1ms)
			EditorAssembliesLoaded (0ms)
		ExecutionOrderSort2 (0ms)
		AwakeInstancesAfterBackupRestoration (7ms)
Shader 'TextMeshPro/Distance Field (UIHsvModifier)': fallback shader 'TextMeshPro/Mobile/Distance Field (UIHsv)' not found
Shader 'TextMeshPro/Distance Field (UIHsvModifier)': fallback shader 'TextMeshPro/Mobile/Distance Field (UIHsv)' not found
Refreshing native plugins compatible for Editor in 8.44 ms, found 3 plugins.
Preloading 0 native plugins for Editor in 0.00 ms.
Unloading 6643 Unused Serialized files (Serialized files now loaded: 0)
Unloading 70 unused Assets / (1.9 MB). Loaded Objects now: 7339.
Memory consumption went from 0.56 GB to 0.56 GB.
Total: 6.030125 ms (FindLiveObjects: 0.355292 ms CreateObjectMapping: 0.110875 ms MarkObjects: 4.532333 ms  DeleteObjects: 1.031042 ms)

Prepare: number of updated asset objects reloaded= 0
AssetImportParameters requested are different than current active one (requested -> active):
  custom:container-demuxer-ogg: 62fdf1f143b41e24485cea50d1cbac27 -> 
  custom:container-muxer-webm: aa71ff27fc2769a1b78a27578f13a17b -> 
  custom:video-decoder-webm-vp8: 9c59270c3fd7afecdb556c50c9e8de78 -> 
  custom:SearchIndexIgnoredProperties: e643bd26f0fe6173181afceb89e7c659 -> 
  custom:AudioImporter_EditorPlatform: 3918e3fc78b5a79bad01e8451be0beb8 -> 
  custom:audio-decoder-ogg-vorbis: bf7c407c2cedff20999df2af8eb42d56 -> 
  custom:audio-encoder-webm-vorbis: bf7c407c2cedff20999df2af8eb42d56 -> 
  custom:scripting/precompiled-assembly-types:Assembly-CSharp: 9ab6a026f5680e3dda840a28d13b90c9 -> dd865f2bf1c65a1c7720113f429c2ed7
  custom:video-decoder-ogg-theora: a1e56fd34408186e4bbccfd4996cb3dc -> 
  custom:CustomObjectIndexerAttribute: 9a22284fe3817be447336de3de66b15e -> 
  custom:container-demuxer-webm: 4f35f7cbe854078d1ac9338744f61a02 -> 
  custom:framework-osx-AVFoundation: e770b220cccbd017edd2c1fefb359320 -> 
  custom:video-encoder-webm-vp8: eb34c28f22e8b96e1ab97ce403110664 -> 
========================================================================
Received Prepare
Caller must complete domain reload
Begin MonoManager ReloadAssembly
Thread 0x16b5c3000 may have been prematurely finalized
Symbol file LoadedFromMemory is not a mono symbol file
- Loaded All Assemblies, in  0.742 seconds
Native extension for Android target not found
Native extension for OSXStandalone target not found
Native extension for WebGL target not found
[Package Manager] Server::EnsureServerProcessIsRunning -- launch failed, reason: Unity was launched with the -noUpm command-line argument
[Package Manager] UpmClient::Send -- Unable to send message (not connected to UPM process).
[Package Manager] Cannot connect to Unity Package Manager local server
[Package Manager] Server::EnsureServerProcessIsRunning -- launch failed, reason: Unity was launched with the -noUpm command-line argument
[Package Manager] UpmClient::Send -- Unable to send message (not connected to UPM process).
[Package Manager] Cannot connect to Unity Package Manager local server
Mono: successfully reloaded assembly
- Finished resetting the current domain, in  1.257 seconds
Domain Reload Profiling: 1999ms
	BeginReloadAssembly (152ms)
		ExecutionOrderSort (0ms)
		DisableScriptedObjects (10ms)
		BackupInstance (0ms)
		ReleaseScriptingObjects (0ms)
		CreateAndSetChildDomain (48ms)
	RebuildCommonClasses (20ms)
	RebuildNativeTypeToScriptingClass (10ms)
	initialDomainReloadingComplete (31ms)
	LoadAllAssembliesAndSetupDomain (528ms)
		LoadAssemblies (502ms)
		RebuildTransferFunctionScriptingTraits (0ms)
		AnalyzeDomain (85ms)
			TypeCache.Refresh (56ms)
				TypeCache.ScanAssembly (20ms)
			ScanForSourceGeneratedMonoScriptInfo (18ms)
			ResolveRequiredComponents (9ms)
	FinalizeReload (1257ms)
		ReleaseScriptCaches (0ms)
		RebuildScriptCaches (0ms)
		SetupLoadedEditorAssemblies (452ms)
			LogAssemblyErrors (0ms)
			InitializePlatformSupportModulesInManaged (9ms)
			SetLoadedEditorAssemblies (5ms)
			RefreshPlugins (0ms)
			BeforeProcessingInitializeOnLoad (49ms)
			ProcessInitializeOnLoadAttributes (360ms)
			ProcessInitializeOnLoadMethodAttributes (28ms)
			AfterProcessingInitializeOnLoad (1ms)
			EditorAssembliesLoaded (0ms)
		ExecutionOrderSort2 (0ms)
		AwakeInstancesAfterBackupRestoration (6ms)
Shader 'TextMeshPro/Distance Field (UIHsvModifier)': fallback shader 'TextMeshPro/Mobile/Distance Field (UIHsv)' not found
Shader 'TextMeshPro/Distance Field (UIHsvModifier)': fallback shader 'TextMeshPro/Mobile/Distance Field (UIHsv)' not found
Refreshing native plugins compatible for Editor in 10.53 ms, found 3 plugins.
Preloading 0 native plugins for Editor in 0.00 ms.
Unloading 6643 Unused Serialized files (Serialized files now loaded: 0)
Unloading 70 unused Assets / (1.8 MB). Loaded Objects now: 7343.
Memory consumption went from 0.57 GB to 0.57 GB.
Total: 4.413791 ms (FindLiveObjects: 0.284708 ms CreateObjectMapping: 0.084250 ms MarkObjects: 3.135333 ms  DeleteObjects: 0.908791 ms)

Prepare: number of updated asset objects reloaded= 0
AssetImportParameters requested are different than current active one (requested -> active):
  custom:container-demuxer-ogg: 62fdf1f143b41e24485cea50d1cbac27 -> 
  custom:container-muxer-webm: aa71ff27fc2769a1b78a27578f13a17b -> 
  custom:video-decoder-webm-vp8: 9c59270c3fd7afecdb556c50c9e8de78 -> 
  custom:SearchIndexIgnoredProperties: e643bd26f0fe6173181afceb89e7c659 -> 
  custom:AudioImporter_EditorPlatform: 3918e3fc78b5a79bad01e8451be0beb8 -> 
  custom:audio-decoder-ogg-vorbis: bf7c407c2cedff20999df2af8eb42d56 -> 
  custom:audio-encoder-webm-vorbis: bf7c407c2cedff20999df2af8eb42d56 -> 
  custom:scripting/precompiled-assembly-types:Assembly-CSharp: 9ab6a026f5680e3dda840a28d13b90c9 -> dd865f2bf1c65a1c7720113f429c2ed7
  custom:video-decoder-ogg-theora: a1e56fd34408186e4bbccfd4996cb3dc -> 
  custom:CustomObjectIndexerAttribute: 9a22284fe3817be447336de3de66b15e -> 
  custom:container-demuxer-webm: 4f35f7cbe854078d1ac9338744f61a02 -> 
  custom:framework-osx-AVFoundation: e770b220cccbd017edd2c1fefb359320 -> 
  custom:video-encoder-webm-vp8: eb34c28f22e8b96e1ab97ce403110664 -> 
========================================================================
Received Prepare
Caller must complete domain reload
Begin MonoManager ReloadAssembly
Thread 0x16b5c3000 may have been prematurely finalized
Symbol file LoadedFromMemory is not a mono symbol file
- Loaded All Assemblies, in  0.499 seconds
Native extension for Android target not found
Native extension for OSXStandalone target not found
Native extension for WebGL target not found
[Package Manager] Server::EnsureServerProcessIsRunning -- launch failed, reason: Unity was launched with the -noUpm command-line argument
[Package Manager] UpmClient::Send -- Unable to send message (not connected to UPM process).
[Package Manager] Cannot connect to Unity Package Manager local server
[Package Manager] Server::EnsureServerProcessIsRunning -- launch failed, reason: Unity was launched with the -noUpm command-line argument
[Package Manager] UpmClient::Send -- Unable to send message (not connected to UPM process).
[Package Manager] Cannot connect to Unity Package Manager local server
Mono: successfully reloaded assembly
- Finished resetting the current domain, in  1.289 seconds
Domain Reload Profiling: 1790ms
	BeginReloadAssembly (127ms)
		ExecutionOrderSort (0ms)
		DisableScriptedObjects (10ms)
		BackupInstance (0ms)
		ReleaseScriptingObjects (0ms)
		CreateAndSetChildDomain (45ms)
	RebuildCommonClasses (23ms)
	RebuildNativeTypeToScriptingClass (8ms)
	initialDomainReloadingComplete (20ms)
	LoadAllAssembliesAndSetupDomain (321ms)
		LoadAssemblies (322ms)
		RebuildTransferFunctionScriptingTraits (0ms)
		AnalyzeDomain (41ms)
			TypeCache.Refresh (29ms)
				TypeCache.ScanAssembly (0ms)
			ScanForSourceGeneratedMonoScriptInfo (0ms)
			ResolveRequiredComponents (10ms)
	FinalizeReload (1290ms)
		ReleaseScriptCaches (0ms)
		RebuildScriptCaches (0ms)
		SetupLoadedEditorAssemblies (528ms)
			LogAssemblyErrors (0ms)
			InitializePlatformSupportModulesInManaged (12ms)
			SetLoadedEditorAssemblies (5ms)
			RefreshPlugins (0ms)
			BeforeProcessingInitializeOnLoad (60ms)
			ProcessInitializeOnLoadAttributes (418ms)
			ProcessInitializeOnLoadMethodAttributes (30ms)
			AfterProcessingInitializeOnLoad (1ms)
			EditorAssembliesLoaded (1ms)
		ExecutionOrderSort2 (0ms)
		AwakeInstancesAfterBackupRestoration (9ms)
Shader 'TextMeshPro/Distance Field (UIHsvModifier)': fallback shader 'TextMeshPro/Mobile/Distance Field (UIHsv)' not found
Shader 'TextMeshPro/Distance Field (UIHsvModifier)': fallback shader 'TextMeshPro/Mobile/Distance Field (UIHsv)' not found
Refreshing native plugins compatible for Editor in 9.85 ms, found 3 plugins.
Preloading 0 native plugins for Editor in 0.00 ms.
Unloading 6643 Unused Serialized files (Serialized files now loaded: 0)
Unloading 70 unused Assets / (1.9 MB). Loaded Objects now: 7347.
Memory consumption went from 0.58 GB to 0.58 GB.
Total: 7.046625 ms (FindLiveObjects: 0.375625 ms CreateObjectMapping: 0.094750 ms MarkObjects: 5.220084 ms  DeleteObjects: 1.354666 ms)

Prepare: number of updated asset objects reloaded= 0
AssetImportParameters requested are different than current active one (requested -> active):
  custom:container-demuxer-ogg: 62fdf1f143b41e24485cea50d1cbac27 -> 
  custom:container-muxer-webm: aa71ff27fc2769a1b78a27578f13a17b -> 
  custom:video-decoder-webm-vp8: 9c59270c3fd7afecdb556c50c9e8de78 -> 
  custom:SearchIndexIgnoredProperties: e643bd26f0fe6173181afceb89e7c659 -> 
  custom:AudioImporter_EditorPlatform: 3918e3fc78b5a79bad01e8451be0beb8 -> 
  custom:audio-decoder-ogg-vorbis: bf7c407c2cedff20999df2af8eb42d56 -> 
  custom:audio-encoder-webm-vorbis: bf7c407c2cedff20999df2af8eb42d56 -> 
  custom:scripting/precompiled-assembly-types:Assembly-CSharp: 9ab6a026f5680e3dda840a28d13b90c9 -> dd865f2bf1c65a1c7720113f429c2ed7
  custom:video-decoder-ogg-theora: a1e56fd34408186e4bbccfd4996cb3dc -> 
  custom:CustomObjectIndexerAttribute: 9a22284fe3817be447336de3de66b15e -> 
  custom:container-demuxer-webm: 4f35f7cbe854078d1ac9338744f61a02 -> 
  custom:framework-osx-AVFoundation: e770b220cccbd017edd2c1fefb359320 -> 
  custom:video-encoder-webm-vp8: eb34c28f22e8b96e1ab97ce403110664 -> 
========================================================================
Received Prepare
Shader 'TextMeshPro/Distance Field (UIHsvModifier)': fallback shader 'TextMeshPro/Mobile/Distance Field (UIHsv)' not found
Shader 'TextMeshPro/Distance Field (UIHsvModifier)': fallback shader 'TextMeshPro/Mobile/Distance Field (UIHsv)' not found
Refreshing native plugins compatible for Editor in 9.72 ms, found 3 plugins.
Preloading 0 native plugins for Editor in 0.00 ms.
Unloading 32 Unused Serialized files (Serialized files now loaded: 0)
Unloading 32 unused Assets / (1.9 MB). Loaded Objects now: 7347.
Memory consumption went from 489.4 MB to 487.5 MB.
Total: 26.539542 ms (FindLiveObjects: 0.437959 ms CreateObjectMapping: 0.087875 ms MarkObjects: 24.956250 ms  DeleteObjects: 1.056875 ms)

Prepare: number of updated asset objects reloaded= 0
AssetImportParameters requested are different than current active one (requested -> active):
  custom:container-demuxer-ogg: 62fdf1f143b41e24485cea50d1cbac27 -> 
  custom:container-muxer-webm: aa71ff27fc2769a1b78a27578f13a17b -> 
  custom:video-decoder-webm-vp8: 9c59270c3fd7afecdb556c50c9e8de78 -> 
  custom:SearchIndexIgnoredProperties: e643bd26f0fe6173181afceb89e7c659 -> 
  custom:AudioImporter_EditorPlatform: 3918e3fc78b5a79bad01e8451be0beb8 -> 
  custom:audio-decoder-ogg-vorbis: bf7c407c2cedff20999df2af8eb42d56 -> 
  custom:audio-encoder-webm-vorbis: bf7c407c2cedff20999df2af8eb42d56 -> 
  custom:scripting/precompiled-assembly-types:Assembly-CSharp: 9ab6a026f5680e3dda840a28d13b90c9 -> dd865f2bf1c65a1c7720113f429c2ed7
  custom:video-decoder-ogg-theora: a1e56fd34408186e4bbccfd4996cb3dc -> 
  custom:CustomObjectIndexerAttribute: 9a22284fe3817be447336de3de66b15e -> 
  custom:container-demuxer-webm: 4f35f7cbe854078d1ac9338744f61a02 -> 
  custom:framework-osx-AVFoundation: e770b220cccbd017edd2c1fefb359320 -> 
  custom:video-encoder-webm-vp8: eb34c28f22e8b96e1ab97ce403110664 -> 
========================================================================
Received Prepare
Caller must complete domain reload
Begin MonoManager ReloadAssembly
Thread 0x16b5c3000 may have been prematurely finalized
Symbol file LoadedFromMemory is not a mono symbol file
- Loaded All Assemblies, in  0.797 seconds
Native extension for Android target not found
Native extension for OSXStandalone target not found
Native extension for WebGL target not found
[Package Manager] Server::EnsureServerProcessIsRunning -- launch failed, reason: Unity was launched with the -noUpm command-line argument
[Package Manager] UpmClient::Send -- Unable to send message (not connected to UPM process).
[Package Manager] Cannot connect to Unity Package Manager local server
[Package Manager] Server::EnsureServerProcessIsRunning -- launch failed, reason: Unity was launched with the -noUpm command-line argument
[Package Manager] UpmClient::Send -- Unable to send message (not connected to UPM process).
[Package Manager] Cannot connect to Unity Package Manager local server
Mono: successfully reloaded assembly
- Finished resetting the current domain, in  1.439 seconds
Domain Reload Profiling: 2238ms
	BeginReloadAssembly (230ms)
		ExecutionOrderSort (0ms)
		DisableScriptedObjects (23ms)
		BackupInstance (0ms)
		ReleaseScriptingObjects (0ms)
		CreateAndSetChildDomain (84ms)
	RebuildCommonClasses (28ms)
	RebuildNativeTypeToScriptingClass (9ms)
	initialDomainReloadingComplete (29ms)
	LoadAllAssembliesAndSetupDomain (502ms)
		LoadAssemblies (550ms)
		RebuildTransferFunctionScriptingTraits (0ms)
		AnalyzeDomain (39ms)
			TypeCache.Refresh (24ms)
				TypeCache.ScanAssembly (0ms)
			ScanForSourceGeneratedMonoScriptInfo (0ms)
			ResolveRequiredComponents (14ms)
	FinalizeReload (1439ms)
		ReleaseScriptCaches (0ms)
		RebuildScriptCaches (0ms)
		SetupLoadedEditorAssemblies (544ms)
			LogAssemblyErrors (0ms)
			InitializePlatformSupportModulesInManaged (12ms)
			SetLoadedEditorAssemblies (4ms)
			RefreshPlugins (0ms)
			BeforeProcessingInitializeOnLoad (56ms)
			ProcessInitializeOnLoadAttributes (438ms)
			ProcessInitializeOnLoadMethodAttributes (33ms)
			AfterProcessingInitializeOnLoad (1ms)
			EditorAssembliesLoaded (1ms)
		ExecutionOrderSort2 (0ms)
		AwakeInstancesAfterBackupRestoration (6ms)
Shader 'TextMeshPro/Distance Field (UIHsvModifier)': fallback shader 'TextMeshPro/Mobile/Distance Field (UIHsv)' not found
Shader 'TextMeshPro/Distance Field (UIHsvModifier)': fallback shader 'TextMeshPro/Mobile/Distance Field (UIHsv)' not found
Refreshing native plugins compatible for Editor in 26.07 ms, found 3 plugins.
Preloading 0 native plugins for Editor in 0.00 ms.
Unloading 6643 Unused Serialized files (Serialized files now loaded: 0)
Unloading 70 unused Assets / (1.9 MB). Loaded Objects now: 7351.
Memory consumption went from 0.59 GB to 0.58 GB.
Total: 4.339250 ms (FindLiveObjects: 0.253958 ms CreateObjectMapping: 0.084416 ms MarkObjects: 3.098458 ms  DeleteObjects: 0.901834 ms)

Prepare: number of updated asset objects reloaded= 0
AssetImportParameters requested are different than current active one (requested -> active):
  custom:container-demuxer-ogg: 62fdf1f143b41e24485cea50d1cbac27 -> 
  custom:container-muxer-webm: aa71ff27fc2769a1b78a27578f13a17b -> 
  custom:video-decoder-webm-vp8: 9c59270c3fd7afecdb556c50c9e8de78 -> 
  custom:SearchIndexIgnoredProperties: e643bd26f0fe6173181afceb89e7c659 -> 
  custom:AudioImporter_EditorPlatform: 3918e3fc78b5a79bad01e8451be0beb8 -> 
  custom:audio-decoder-ogg-vorbis: bf7c407c2cedff20999df2af8eb42d56 -> 
  custom:audio-encoder-webm-vorbis: bf7c407c2cedff20999df2af8eb42d56 -> 
  custom:scripting/precompiled-assembly-types:Assembly-CSharp: 9ab6a026f5680e3dda840a28d13b90c9 -> dd865f2bf1c65a1c7720113f429c2ed7
  custom:video-decoder-ogg-theora: a1e56fd34408186e4bbccfd4996cb3dc -> 
  custom:CustomObjectIndexerAttribute: 9a22284fe3817be447336de3de66b15e -> 
  custom:container-demuxer-webm: 4f35f7cbe854078d1ac9338744f61a02 -> 
  custom:framework-osx-AVFoundation: e770b220cccbd017edd2c1fefb359320 -> 
  custom:video-encoder-webm-vp8: eb34c28f22e8b96e1ab97ce403110664 -> 
========================================================================
Received Prepare
Caller must complete domain reload
Begin MonoManager ReloadAssembly
Thread 0x16b5c3000 may have been prematurely finalized
Symbol file LoadedFromMemory is not a mono symbol file
- Loaded All Assemblies, in  0.713 seconds
Native extension for Android target not found
Native extension for OSXStandalone target not found
Native extension for WebGL target not found
[Package Manager] Server::EnsureServerProcessIsRunning -- launch failed, reason: Unity was launched with the -noUpm command-line argument
[Package Manager] UpmClient::Send -- Unable to send message (not connected to UPM process).
[Package Manager] Cannot connect to Unity Package Manager local server
[Package Manager] Server::EnsureServerProcessIsRunning -- launch failed, reason: Unity was launched with the -noUpm command-line argument
[Package Manager] UpmClient::Send -- Unable to send message (not connected to UPM process).
[Package Manager] Cannot connect to Unity Package Manager local server
Mono: successfully reloaded assembly
- Finished resetting the current domain, in  1.226 seconds
Domain Reload Profiling: 1941ms
	BeginReloadAssembly (173ms)
		ExecutionOrderSort (0ms)
		DisableScriptedObjects (16ms)
		BackupInstance (0ms)
		ReleaseScriptingObjects (0ms)
		CreateAndSetChildDomain (58ms)
	RebuildCommonClasses (27ms)
	RebuildNativeTypeToScriptingClass (10ms)
	initialDomainReloadingComplete (25ms)
	LoadAllAssembliesAndSetupDomain (480ms)
		LoadAssemblies (464ms)
		RebuildTransferFunctionScriptingTraits (0ms)
		AnalyzeDomain (85ms)
			TypeCache.Refresh (41ms)
				TypeCache.ScanAssembly (16ms)
			ScanForSourceGeneratedMonoScriptInfo (32ms)
			ResolveRequiredComponents (11ms)
	FinalizeReload (1226ms)
		ReleaseScriptCaches (0ms)
		RebuildScriptCaches (0ms)
		SetupLoadedEditorAssemblies (460ms)
			LogAssemblyErrors (0ms)
			InitializePlatformSupportModulesInManaged (9ms)
			SetLoadedEditorAssemblies (4ms)
			RefreshPlugins (0ms)
			BeforeProcessingInitializeOnLoad (50ms)
			ProcessInitializeOnLoadAttributes (368ms)
			ProcessInitializeOnLoadMethodAttributes (27ms)
			AfterProcessingInitializeOnLoad (1ms)
			EditorAssembliesLoaded (0ms)
		ExecutionOrderSort2 (0ms)
		AwakeInstancesAfterBackupRestoration (5ms)
Shader 'TextMeshPro/Distance Field (UIHsvModifier)': fallback shader 'TextMeshPro/Mobile/Distance Field (UIHsv)' not found
Shader 'TextMeshPro/Distance Field (UIHsvModifier)': fallback shader 'TextMeshPro/Mobile/Distance Field (UIHsv)' not found
Refreshing native plugins compatible for Editor in 9.42 ms, found 3 plugins.
Preloading 0 native plugins for Editor in 0.00 ms.
Unloading 6643 Unused Serialized files (Serialized files now loaded: 0)
Unloading 70 unused Assets / (1.8 MB). Loaded Objects now: 7355.
Memory consumption went from 0.60 GB to 0.59 GB.
Total: 6.387583 ms (FindLiveObjects: 0.820875 ms CreateObjectMapping: 0.107500 ms MarkObjects: 4.235416 ms  DeleteObjects: 1.223166 ms)

Prepare: number of updated asset objects reloaded= 0
AssetImportParameters requested are different than current active one (requested -> active):
  custom:container-demuxer-ogg: 62fdf1f143b41e24485cea50d1cbac27 -> 
  custom:container-muxer-webm: aa71ff27fc2769a1b78a27578f13a17b -> 
  custom:video-decoder-webm-vp8: 9c59270c3fd7afecdb556c50c9e8de78 -> 
  custom:SearchIndexIgnoredProperties: e643bd26f0fe6173181afceb89e7c659 -> 
  custom:AudioImporter_EditorPlatform: 3918e3fc78b5a79bad01e8451be0beb8 -> 
  custom:audio-decoder-ogg-vorbis: bf7c407c2cedff20999df2af8eb42d56 -> 
  custom:audio-encoder-webm-vorbis: bf7c407c2cedff20999df2af8eb42d56 -> 
  custom:scripting/precompiled-assembly-types:Assembly-CSharp: 9ab6a026f5680e3dda840a28d13b90c9 -> dd865f2bf1c65a1c7720113f429c2ed7
  custom:video-decoder-ogg-theora: a1e56fd34408186e4bbccfd4996cb3dc -> 
  custom:CustomObjectIndexerAttribute: 9a22284fe3817be447336de3de66b15e -> 
  custom:container-demuxer-webm: 4f35f7cbe854078d1ac9338744f61a02 -> 
  custom:framework-osx-AVFoundation: e770b220cccbd017edd2c1fefb359320 -> 
  custom:video-encoder-webm-vp8: eb34c28f22e8b96e1ab97ce403110664 -> 
========================================================================
Received Prepare
Caller must complete domain reload
Begin MonoManager ReloadAssembly
Thread 0x16b5c3000 may have been prematurely finalized
Symbol file LoadedFromMemory is not a mono symbol file
- Loaded All Assemblies, in  0.590 seconds
Native extension for Android target not found
Native extension for OSXStandalone target not found
Native extension for WebGL target not found
[Package Manager] Server::EnsureServerProcessIsRunning -- launch failed, reason: Unity was launched with the -noUpm command-line argument
[Package Manager] UpmClient::Send -- Unable to send message (not connected to UPM process).
[Package Manager] Cannot connect to Unity Package Manager local server
[Package Manager] Server::EnsureServerProcessIsRunning -- launch failed, reason: Unity was launched with the -noUpm command-line argument
[Package Manager] UpmClient::Send -- Unable to send message (not connected to UPM process).
[Package Manager] Cannot connect to Unity Package Manager local server
Mono: successfully reloaded assembly
- Finished resetting the current domain, in  1.447 seconds
Domain Reload Profiling: 2039ms
	BeginReloadAssembly (168ms)
		ExecutionOrderSort (0ms)
		DisableScriptedObjects (13ms)
		BackupInstance (0ms)
		ReleaseScriptingObjects (0ms)
		CreateAndSetChildDomain (49ms)
	RebuildCommonClasses (24ms)
	RebuildNativeTypeToScriptingClass (11ms)
	initialDomainReloadingComplete (28ms)
	LoadAllAssembliesAndSetupDomain (361ms)
		LoadAssemblies (399ms)
		RebuildTransferFunctionScriptingTraits (0ms)
		AnalyzeDomain (39ms)
			TypeCache.Refresh (24ms)
				TypeCache.ScanAssembly (0ms)
			ScanForSourceGeneratedMonoScriptInfo (0ms)
			ResolveRequiredComponents (14ms)
	FinalizeReload (1447ms)
		ReleaseScriptCaches (0ms)
		RebuildScriptCaches (0ms)
		SetupLoadedEditorAssemblies (583ms)
			LogAssemblyErrors (0ms)
			InitializePlatformSupportModulesInManaged (19ms)
			SetLoadedEditorAssemblies (11ms)
			RefreshPlugins (0ms)
			BeforeProcessingInitializeOnLoad (60ms)
			ProcessInitializeOnLoadAttributes (455ms)
			ProcessInitializeOnLoadMethodAttributes (37ms)
			AfterProcessingInitializeOnLoad (1ms)
			EditorAssembliesLoaded (0ms)
		ExecutionOrderSort2 (0ms)
		AwakeInstancesAfterBackupRestoration (7ms)
Shader 'TextMeshPro/Distance Field (UIHsvModifier)': fallback shader 'TextMeshPro/Mobile/Distance Field (UIHsv)' not found
Shader 'TextMeshPro/Distance Field (UIHsvModifier)': fallback shader 'TextMeshPro/Mobile/Distance Field (UIHsv)' not found
Refreshing native plugins compatible for Editor in 42.91 ms, found 3 plugins.
Preloading 0 native plugins for Editor in 0.00 ms.
Unloading 6643 Unused Serialized files (Serialized files now loaded: 0)
Unloading 70 unused Assets / (1.9 MB). Loaded Objects now: 7359.
Memory consumption went from 0.61 GB to 0.60 GB.
Total: 6.348916 ms (FindLiveObjects: 0.518291 ms CreateObjectMapping: 0.108167 ms MarkObjects: 4.530291 ms  DeleteObjects: 1.191333 ms)

Prepare: number of updated asset objects reloaded= 0
AssetImportParameters requested are different than current active one (requested -> active):
  custom:container-demuxer-ogg: 62fdf1f143b41e24485cea50d1cbac27 -> 
  custom:container-muxer-webm: aa71ff27fc2769a1b78a27578f13a17b -> 
  custom:video-decoder-webm-vp8: 9c59270c3fd7afecdb556c50c9e8de78 -> 
  custom:SearchIndexIgnoredProperties: e643bd26f0fe6173181afceb89e7c659 -> 
  custom:AudioImporter_EditorPlatform: 3918e3fc78b5a79bad01e8451be0beb8 -> 
  custom:audio-decoder-ogg-vorbis: bf7c407c2cedff20999df2af8eb42d56 -> 
  custom:audio-encoder-webm-vorbis: bf7c407c2cedff20999df2af8eb42d56 -> 
  custom:scripting/precompiled-assembly-types:Assembly-CSharp: 9ab6a026f5680e3dda840a28d13b90c9 -> dd865f2bf1c65a1c7720113f429c2ed7
  custom:video-decoder-ogg-theora: a1e56fd34408186e4bbccfd4996cb3dc -> 
  custom:CustomObjectIndexerAttribute: 9a22284fe3817be447336de3de66b15e -> 
  custom:container-demuxer-webm: 4f35f7cbe854078d1ac9338744f61a02 -> 
  custom:framework-osx-AVFoundation: e770b220cccbd017edd2c1fefb359320 -> 
  custom:video-encoder-webm-vp8: eb34c28f22e8b96e1ab97ce403110664 -> 
========================================================================
Received Prepare
Caller must complete domain reload
Begin MonoManager ReloadAssembly
Thread 0x16b5c3000 may have been prematurely finalized
Symbol file LoadedFromMemory is not a mono symbol file
- Loaded All Assemblies, in  1.067 seconds
Native extension for Android target not found
Native extension for OSXStandalone target not found
Native extension for WebGL target not found
[Package Manager] Server::EnsureServerProcessIsRunning -- launch failed, reason: Unity was launched with the -noUpm command-line argument
[Package Manager] UpmClient::Send -- Unable to send message (not connected to UPM process).
[Package Manager] Cannot connect to Unity Package Manager local server
[Package Manager] Server::EnsureServerProcessIsRunning -- launch failed, reason: Unity was launched with the -noUpm command-line argument
[Package Manager] UpmClient::Send -- Unable to send message (not connected to UPM process).
[Package Manager] Cannot connect to Unity Package Manager local server
Mono: successfully reloaded assembly
- Finished resetting the current domain, in  1.294 seconds
Domain Reload Profiling: 2362ms
	BeginReloadAssembly (408ms)
		ExecutionOrderSort (0ms)
		DisableScriptedObjects (46ms)
		BackupInstance (0ms)
		ReleaseScriptingObjects (1ms)
		CreateAndSetChildDomain (132ms)
	RebuildCommonClasses (28ms)
	RebuildNativeTypeToScriptingClass (9ms)
	initialDomainReloadingComplete (25ms)
	LoadAllAssembliesAndSetupDomain (598ms)
		LoadAssemblies (682ms)
		RebuildTransferFunctionScriptingTraits (0ms)
		AnalyzeDomain (80ms)
			TypeCache.Refresh (48ms)
				TypeCache.ScanAssembly (15ms)
			ScanForSourceGeneratedMonoScriptInfo (23ms)
			ResolveRequiredComponents (9ms)
	FinalizeReload (1294ms)
		ReleaseScriptCaches (0ms)
		RebuildScriptCaches (0ms)
		SetupLoadedEditorAssemblies (473ms)
			LogAssemblyErrors (0ms)
			InitializePlatformSupportModulesInManaged (10ms)
			SetLoadedEditorAssemblies (4ms)
			RefreshPlugins (0ms)
			BeforeProcessingInitializeOnLoad (52ms)
			ProcessInitializeOnLoadAttributes (377ms)
			ProcessInitializeOnLoadMethodAttributes (29ms)
			AfterProcessingInitializeOnLoad (1ms)
			EditorAssembliesLoaded (1ms)
		ExecutionOrderSort2 (0ms)
		AwakeInstancesAfterBackupRestoration (6ms)
Shader 'TextMeshPro/Distance Field (UIHsvModifier)': fallback shader 'TextMeshPro/Mobile/Distance Field (UIHsv)' not found
Shader 'TextMeshPro/Distance Field (UIHsvModifier)': fallback shader 'TextMeshPro/Mobile/Distance Field (UIHsv)' not found
Refreshing native plugins compatible for Editor in 34.06 ms, found 3 plugins.
Preloading 0 native plugins for Editor in 0.00 ms.
Unloading 6643 Unused Serialized files (Serialized files now loaded: 0)
Unloading 70 unused Assets / (1.9 MB). Loaded Objects now: 7363.
Memory consumption went from 0.62 GB to 0.61 GB.
Total: 5.693791 ms (FindLiveObjects: 0.532208 ms CreateObjectMapping: 0.103417 ms MarkObjects: 4.037917 ms  DeleteObjects: 1.019458 ms)

Prepare: number of updated asset objects reloaded= 0
AssetImportParameters requested are different than current active one (requested -> active):
  custom:container-demuxer-ogg: 62fdf1f143b41e24485cea50d1cbac27 -> 
  custom:container-muxer-webm: aa71ff27fc2769a1b78a27578f13a17b -> 
  custom:video-decoder-webm-vp8: 9c59270c3fd7afecdb556c50c9e8de78 -> 
  custom:SearchIndexIgnoredProperties: e643bd26f0fe6173181afceb89e7c659 -> 
  custom:AudioImporter_EditorPlatform: 3918e3fc78b5a79bad01e8451be0beb8 -> 
  custom:audio-decoder-ogg-vorbis: bf7c407c2cedff20999df2af8eb42d56 -> 
  custom:audio-encoder-webm-vorbis: bf7c407c2cedff20999df2af8eb42d56 -> 
  custom:scripting/precompiled-assembly-types:Assembly-CSharp: 9ab6a026f5680e3dda840a28d13b90c9 -> dd865f2bf1c65a1c7720113f429c2ed7
  custom:video-decoder-ogg-theora: a1e56fd34408186e4bbccfd4996cb3dc -> 
  custom:CustomObjectIndexerAttribute: 9a22284fe3817be447336de3de66b15e -> 
  custom:container-demuxer-webm: 4f35f7cbe854078d1ac9338744f61a02 -> 
  custom:framework-osx-AVFoundation: e770b220cccbd017edd2c1fefb359320 -> 
  custom:video-encoder-webm-vp8: eb34c28f22e8b96e1ab97ce403110664 -> 
========================================================================
Received Prepare
Caller must complete domain reload
Begin MonoManager ReloadAssembly
Thread 0x16b5c3000 may have been prematurely finalized
Symbol file LoadedFromMemory is not a mono symbol file
- Loaded All Assemblies, in  0.678 seconds
Native extension for Android target not found
Native extension for OSXStandalone target not found
Native extension for WebGL target not found
[Package Manager] Server::EnsureServerProcessIsRunning -- launch failed, reason: Unity was launched with the -noUpm command-line argument
[Package Manager] UpmClient::Send -- Unable to send message (not connected to UPM process).
[Package Manager] Cannot connect to Unity Package Manager local server
[Package Manager] Server::EnsureServerProcessIsRunning -- launch failed, reason: Unity was launched with the -noUpm command-line argument
[Package Manager] UpmClient::Send -- Unable to send message (not connected to UPM process).
[Package Manager] Cannot connect to Unity Package Manager local server
Mono: successfully reloaded assembly
- Finished resetting the current domain, in  2.101 seconds
Domain Reload Profiling: 2780ms
	BeginReloadAssembly (167ms)
		ExecutionOrderSort (0ms)
		DisableScriptedObjects (10ms)
		BackupInstance (0ms)
		ReleaseScriptingObjects (0ms)
		CreateAndSetChildDomain (60ms)
	RebuildCommonClasses (28ms)
	RebuildNativeTypeToScriptingClass (9ms)
	initialDomainReloadingComplete (41ms)
	LoadAllAssembliesAndSetupDomain (433ms)
		LoadAssemblies (445ms)
		RebuildTransferFunctionScriptingTraits (0ms)
		AnalyzeDomain (55ms)
			TypeCache.Refresh (32ms)
				TypeCache.ScanAssembly (0ms)
			ScanForSourceGeneratedMonoScriptInfo (1ms)
			ResolveRequiredComponents (22ms)
	FinalizeReload (2101ms)
		ReleaseScriptCaches (0ms)
		RebuildScriptCaches (0ms)
		SetupLoadedEditorAssemblies (659ms)
			LogAssemblyErrors (0ms)
			InitializePlatformSupportModulesInManaged (20ms)
			SetLoadedEditorAssemblies (9ms)
			RefreshPlugins (0ms)
			BeforeProcessingInitializeOnLoad (63ms)
			ProcessInitializeOnLoadAttributes (532ms)
			ProcessInitializeOnLoadMethodAttributes (33ms)
			AfterProcessingInitializeOnLoad (1ms)
			EditorAssembliesLoaded (0ms)
		ExecutionOrderSort2 (0ms)
		AwakeInstancesAfterBackupRestoration (8ms)
Shader 'TextMeshPro/Distance Field (UIHsvModifier)': fallback shader 'TextMeshPro/Mobile/Distance Field (UIHsv)' not found
Shader 'TextMeshPro/Distance Field (UIHsvModifier)': fallback shader 'TextMeshPro/Mobile/Distance Field (UIHsv)' not found
Refreshing native plugins compatible for Editor in 14.98 ms, found 3 plugins.
Preloading 0 native plugins for Editor in 0.00 ms.
Unloading 6643 Unused Serialized files (Serialized files now loaded: 0)
Unloading 70 unused Assets / (1.9 MB). Loaded Objects now: 7367.
Memory consumption went from 0.62 GB to 0.62 GB.
Total: 17.467292 ms (FindLiveObjects: 0.530375 ms CreateObjectMapping: 0.099167 ms MarkObjects: 15.795750 ms  DeleteObjects: 1.041542 ms)

Prepare: number of updated asset objects reloaded= 0
AssetImportParameters requested are different than current active one (requested -> active):
  custom:container-demuxer-ogg: 62fdf1f143b41e24485cea50d1cbac27 -> 
  custom:container-muxer-webm: aa71ff27fc2769a1b78a27578f13a17b -> 
  custom:video-decoder-webm-vp8: 9c59270c3fd7afecdb556c50c9e8de78 -> 
  custom:SearchIndexIgnoredProperties: e643bd26f0fe6173181afceb89e7c659 -> 
  custom:AudioImporter_EditorPlatform: 3918e3fc78b5a79bad01e8451be0beb8 -> 
  custom:audio-decoder-ogg-vorbis: bf7c407c2cedff20999df2af8eb42d56 -> 
  custom:audio-encoder-webm-vorbis: bf7c407c2cedff20999df2af8eb42d56 -> 
  custom:scripting/precompiled-assembly-types:Assembly-CSharp: 9ab6a026f5680e3dda840a28d13b90c9 -> dd865f2bf1c65a1c7720113f429c2ed7
  custom:video-decoder-ogg-theora: a1e56fd34408186e4bbccfd4996cb3dc -> 
  custom:CustomObjectIndexerAttribute: 9a22284fe3817be447336de3de66b15e -> 
  custom:container-demuxer-webm: 4f35f7cbe854078d1ac9338744f61a02 -> 
  custom:framework-osx-AVFoundation: e770b220cccbd017edd2c1fefb359320 -> 
  custom:video-encoder-webm-vp8: eb34c28f22e8b96e1ab97ce403110664 -> 
========================================================================
Received Prepare
Caller must complete domain reload
Begin MonoManager ReloadAssembly
Thread 0x16b5c3000 may have been prematurely finalized
Symbol file LoadedFromMemory is not a mono symbol file
- Loaded All Assemblies, in  0.540 seconds
Native extension for Android target not found
Native extension for OSXStandalone target not found
Native extension for WebGL target not found
[Package Manager] Server::EnsureServerProcessIsRunning -- launch failed, reason: Unity was launched with the -noUpm command-line argument
[Package Manager] UpmClient::Send -- Unable to send message (not connected to UPM process).
[Package Manager] Cannot connect to Unity Package Manager local server
[Package Manager] Server::EnsureServerProcessIsRunning -- launch failed, reason: Unity was launched with the -noUpm command-line argument
[Package Manager] UpmClient::Send -- Unable to send message (not connected to UPM process).
[Package Manager] Cannot connect to Unity Package Manager local server
Mono: successfully reloaded assembly
- Finished resetting the current domain, in  1.192 seconds
Domain Reload Profiling: 1733ms
	BeginReloadAssembly (122ms)
		ExecutionOrderSort (0ms)
		DisableScriptedObjects (14ms)
		BackupInstance (0ms)
		ReleaseScriptingObjects (0ms)
		CreateAndSetChildDomain (44ms)
	RebuildCommonClasses (21ms)
	RebuildNativeTypeToScriptingClass (8ms)
	initialDomainReloadingComplete (18ms)
	LoadAllAssembliesAndSetupDomain (371ms)
		LoadAssemblies (326ms)
		RebuildTransferFunctionScriptingTraits (0ms)
		AnalyzeDomain (83ms)
			TypeCache.Refresh (55ms)
				TypeCache.ScanAssembly (13ms)
			ScanForSourceGeneratedMonoScriptInfo (19ms)
			ResolveRequiredComponents (8ms)
	FinalizeReload (1193ms)
		ReleaseScriptCaches (0ms)
		RebuildScriptCaches (0ms)
		SetupLoadedEditorAssemblies (445ms)
			LogAssemblyErrors (0ms)
			InitializePlatformSupportModulesInManaged (10ms)
			SetLoadedEditorAssemblies (4ms)
			RefreshPlugins (0ms)
			BeforeProcessingInitializeOnLoad (50ms)
			ProcessInitializeOnLoadAttributes (353ms)
			ProcessInitializeOnLoadMethodAttributes (27ms)
			AfterProcessingInitializeOnLoad (1ms)
			EditorAssembliesLoaded (0ms)
		ExecutionOrderSort2 (0ms)
		AwakeInstancesAfterBackupRestoration (5ms)
Shader 'TextMeshPro/Distance Field (UIHsvModifier)': fallback shader 'TextMeshPro/Mobile/Distance Field (UIHsv)' not found
Shader 'TextMeshPro/Distance Field (UIHsvModifier)': fallback shader 'TextMeshPro/Mobile/Distance Field (UIHsv)' not found
Refreshing native plugins compatible for Editor in 6.92 ms, found 3 plugins.
Preloading 0 native plugins for Editor in 0.00 ms.
Unloading 6643 Unused Serialized files (Serialized files now loaded: 0)
Unloading 70 unused Assets / (1.9 MB). Loaded Objects now: 7371.
Memory consumption went from 0.63 GB to 0.63 GB.
Total: 4.769041 ms (FindLiveObjects: 0.302750 ms CreateObjectMapping: 0.099084 ms MarkObjects: 3.409959 ms  DeleteObjects: 0.956208 ms)

Prepare: number of updated asset objects reloaded= 0
AssetImportParameters requested are different than current active one (requested -> active):
  custom:container-demuxer-ogg: 62fdf1f143b41e24485cea50d1cbac27 -> 
  custom:container-muxer-webm: aa71ff27fc2769a1b78a27578f13a17b -> 
  custom:video-decoder-webm-vp8: 9c59270c3fd7afecdb556c50c9e8de78 -> 
  custom:SearchIndexIgnoredProperties: e643bd26f0fe6173181afceb89e7c659 -> 
  custom:AudioImporter_EditorPlatform: 3918e3fc78b5a79bad01e8451be0beb8 -> 
  custom:audio-decoder-ogg-vorbis: bf7c407c2cedff20999df2af8eb42d56 -> 
  custom:audio-encoder-webm-vorbis: bf7c407c2cedff20999df2af8eb42d56 -> 
  custom:scripting/precompiled-assembly-types:Assembly-CSharp: 9ab6a026f5680e3dda840a28d13b90c9 -> dd865f2bf1c65a1c7720113f429c2ed7
  custom:video-decoder-ogg-theora: a1e56fd34408186e4bbccfd4996cb3dc -> 
  custom:CustomObjectIndexerAttribute: 9a22284fe3817be447336de3de66b15e -> 
  custom:container-demuxer-webm: 4f35f7cbe854078d1ac9338744f61a02 -> 
  custom:framework-osx-AVFoundation: e770b220cccbd017edd2c1fefb359320 -> 
  custom:video-encoder-webm-vp8: eb34c28f22e8b96e1ab97ce403110664 -> 
========================================================================
Received Prepare
Caller must complete domain reload
Begin MonoManager ReloadAssembly
Thread 0x16b5c3000 may have been prematurely finalized
Symbol file LoadedFromMemory is not a mono symbol file
- Loaded All Assemblies, in  0.445 seconds
Native extension for Android target not found
Native extension for OSXStandalone target not found
Native extension for WebGL target not found
[Package Manager] Server::EnsureServerProcessIsRunning -- launch failed, reason: Unity was launched with the -noUpm command-line argument
[Package Manager] UpmClient::Send -- Unable to send message (not connected to UPM process).
[Package Manager] Cannot connect to Unity Package Manager local server
[Package Manager] Server::EnsureServerProcessIsRunning -- launch failed, reason: Unity was launched with the -noUpm command-line argument
[Package Manager] UpmClient::Send -- Unable to send message (not connected to UPM process).
[Package Manager] Cannot connect to Unity Package Manager local server
Mono: successfully reloaded assembly
- Finished resetting the current domain, in  1.002 seconds
Domain Reload Profiling: 1447ms
	BeginReloadAssembly (130ms)
		ExecutionOrderSort (0ms)
		DisableScriptedObjects (11ms)
		BackupInstance (0ms)
		ReleaseScriptingObjects (0ms)
		CreateAndSetChildDomain (51ms)
	RebuildCommonClasses (22ms)
	RebuildNativeTypeToScriptingClass (8ms)
	initialDomainReloadingComplete (23ms)
	LoadAllAssembliesAndSetupDomain (263ms)
		LoadAssemblies (283ms)
		RebuildTransferFunctionScriptingTraits (0ms)
		AnalyzeDomain (20ms)
			TypeCache.Refresh (11ms)
				TypeCache.ScanAssembly (0ms)
			ScanForSourceGeneratedMonoScriptInfo (0ms)
			ResolveRequiredComponents (8ms)
	FinalizeReload (1002ms)
		ReleaseScriptCaches (0ms)
		RebuildScriptCaches (0ms)
		SetupLoadedEditorAssemblies (665ms)
			LogAssemblyErrors (0ms)
			InitializePlatformSupportModulesInManaged (12ms)
			SetLoadedEditorAssemblies (5ms)
			RefreshPlugins (0ms)
			BeforeProcessingInitializeOnLoad (76ms)
			ProcessInitializeOnLoadAttributes (519ms)
			ProcessInitializeOnLoadMethodAttributes (51ms)
			AfterProcessingInitializeOnLoad (2ms)
			EditorAssembliesLoaded (1ms)
		ExecutionOrderSort2 (0ms)
		AwakeInstancesAfterBackupRestoration (10ms)
Shader 'TextMeshPro/Distance Field (UIHsvModifier)': fallback shader 'TextMeshPro/Mobile/Distance Field (UIHsv)' not found
Shader 'TextMeshPro/Distance Field (UIHsvModifier)': fallback shader 'TextMeshPro/Mobile/Distance Field (UIHsv)' not found
Refreshing native plugins compatible for Editor in 9.41 ms, found 3 plugins.
Preloading 0 native plugins for Editor in 0.00 ms.
Unloading 6643 Unused Serialized files (Serialized files now loaded: 0)
Unloading 70 unused Assets / (1.9 MB). Loaded Objects now: 7375.
Memory consumption went from 0.64 GB to 0.64 GB.
Total: 17.768875 ms (FindLiveObjects: 0.690375 ms CreateObjectMapping: 0.108584 ms MarkObjects: 15.185125 ms  DeleteObjects: 1.783250 ms)

Prepare: number of updated asset objects reloaded= 0
AssetImportParameters requested are different than current active one (requested -> active):
  custom:container-demuxer-ogg: 62fdf1f143b41e24485cea50d1cbac27 -> 
  custom:container-muxer-webm: aa71ff27fc2769a1b78a27578f13a17b -> 
  custom:video-decoder-webm-vp8: 9c59270c3fd7afecdb556c50c9e8de78 -> 
  custom:SearchIndexIgnoredProperties: e643bd26f0fe6173181afceb89e7c659 -> 
  custom:AudioImporter_EditorPlatform: 3918e3fc78b5a79bad01e8451be0beb8 -> 
  custom:audio-decoder-ogg-vorbis: bf7c407c2cedff20999df2af8eb42d56 -> 
  custom:audio-encoder-webm-vorbis: bf7c407c2cedff20999df2af8eb42d56 -> 
  custom:scripting/precompiled-assembly-types:Assembly-CSharp: 9ab6a026f5680e3dda840a28d13b90c9 -> dd865f2bf1c65a1c7720113f429c2ed7
  custom:video-decoder-ogg-theora: a1e56fd34408186e4bbccfd4996cb3dc -> 
  custom:CustomObjectIndexerAttribute: 9a22284fe3817be447336de3de66b15e -> 
  custom:container-demuxer-webm: 4f35f7cbe854078d1ac9338744f61a02 -> 
  custom:framework-osx-AVFoundation: e770b220cccbd017edd2c1fefb359320 -> 
  custom:video-encoder-webm-vp8: eb34c28f22e8b96e1ab97ce403110664 -> 
========================================================================
Received Prepare
Caller must complete domain reload
Begin MonoManager ReloadAssembly
Thread 0x16b5c3000 may have been prematurely finalized
Symbol file LoadedFromMemory is not a mono symbol file
- Loaded All Assemblies, in  0.866 seconds
Native extension for Android target not found
Native extension for OSXStandalone target not found
Native extension for WebGL target not found
[Package Manager] Server::EnsureServerProcessIsRunning -- launch failed, reason: Unity was launched with the -noUpm command-line argument
[Package Manager] UpmClient::Send -- Unable to send message (not connected to UPM process).
[Package Manager] Cannot connect to Unity Package Manager local server
[Package Manager] Server::EnsureServerProcessIsRunning -- launch failed, reason: Unity was launched with the -noUpm command-line argument
[Package Manager] UpmClient::Send -- Unable to send message (not connected to UPM process).
[Package Manager] Cannot connect to Unity Package Manager local server
Mono: successfully reloaded assembly
- Finished resetting the current domain, in  1.231 seconds
Domain Reload Profiling: 2098ms
	BeginReloadAssembly (376ms)
		ExecutionOrderSort (0ms)
		DisableScriptedObjects (22ms)
		BackupInstance (0ms)
		ReleaseScriptingObjects (0ms)
		CreateAndSetChildDomain (126ms)
	RebuildCommonClasses (24ms)
	RebuildNativeTypeToScriptingClass (8ms)
	initialDomainReloadingComplete (24ms)
	LoadAllAssembliesAndSetupDomain (434ms)
		LoadAssemblies (560ms)
		RebuildTransferFunctionScriptingTraits (0ms)
		AnalyzeDomain (61ms)
			TypeCache.Refresh (33ms)
				TypeCache.ScanAssembly (12ms)
			ScanForSourceGeneratedMonoScriptInfo (18ms)
			ResolveRequiredComponents (9ms)
	FinalizeReload (1232ms)
		ReleaseScriptCaches (0ms)
		RebuildScriptCaches (0ms)
		SetupLoadedEditorAssemblies (447ms)
			LogAssemblyErrors (0ms)
			InitializePlatformSupportModulesInManaged (9ms)
			SetLoadedEditorAssemblies (4ms)
			RefreshPlugins (0ms)
			BeforeProcessingInitializeOnLoad (50ms)
			ProcessInitializeOnLoadAttributes (355ms)
			ProcessInitializeOnLoadMethodAttributes (28ms)
			AfterProcessingInitializeOnLoad (1ms)
			EditorAssembliesLoaded (0ms)
		ExecutionOrderSort2 (0ms)
		AwakeInstancesAfterBackupRestoration (6ms)
Shader 'TextMeshPro/Distance Field (UIHsvModifier)': fallback shader 'TextMeshPro/Mobile/Distance Field (UIHsv)' not found
Shader 'TextMeshPro/Distance Field (UIHsvModifier)': fallback shader 'TextMeshPro/Mobile/Distance Field (UIHsv)' not found
Refreshing native plugins compatible for Editor in 6.67 ms, found 3 plugins.
Preloading 0 native plugins for Editor in 0.00 ms.
Unloading 6643 Unused Serialized files (Serialized files now loaded: 0)
Unloading 70 unused Assets / (1.8 MB). Loaded Objects now: 7379.
Memory consumption went from 0.65 GB to 0.65 GB.
Total: 4.942458 ms (FindLiveObjects: 0.290708 ms CreateObjectMapping: 0.096500 ms MarkObjects: 3.674541 ms  DeleteObjects: 0.879834 ms)

Prepare: number of updated asset objects reloaded= 0
AssetImportParameters requested are different than current active one (requested -> active):
  custom:container-demuxer-ogg: 62fdf1f143b41e24485cea50d1cbac27 -> 
  custom:container-muxer-webm: aa71ff27fc2769a1b78a27578f13a17b -> 
  custom:video-decoder-webm-vp8: 9c59270c3fd7afecdb556c50c9e8de78 -> 
  custom:SearchIndexIgnoredProperties: e643bd26f0fe6173181afceb89e7c659 -> 
  custom:AudioImporter_EditorPlatform: 3918e3fc78b5a79bad01e8451be0beb8 -> 
  custom:audio-decoder-ogg-vorbis: bf7c407c2cedff20999df2af8eb42d56 -> 
  custom:audio-encoder-webm-vorbis: bf7c407c2cedff20999df2af8eb42d56 -> 
  custom:scripting/precompiled-assembly-types:Assembly-CSharp: 9ab6a026f5680e3dda840a28d13b90c9 -> dd865f2bf1c65a1c7720113f429c2ed7
  custom:video-decoder-ogg-theora: a1e56fd34408186e4bbccfd4996cb3dc -> 
  custom:CustomObjectIndexerAttribute: 9a22284fe3817be447336de3de66b15e -> 
  custom:container-demuxer-webm: 4f35f7cbe854078d1ac9338744f61a02 -> 
  custom:framework-osx-AVFoundation: e770b220cccbd017edd2c1fefb359320 -> 
  custom:video-encoder-webm-vp8: eb34c28f22e8b96e1ab97ce403110664 -> 
========================================================================
Received Prepare
Caller must complete domain reload
Begin MonoManager ReloadAssembly
Thread 0x16b5c3000 may have been prematurely finalized
Symbol file LoadedFromMemory is not a mono symbol file
- Loaded All Assemblies, in  0.602 seconds
Native extension for Android target not found
Native extension for OSXStandalone target not found
Native extension for WebGL target not found
[Package Manager] Server::EnsureServerProcessIsRunning -- launch failed, reason: Unity was launched with the -noUpm command-line argument
[Package Manager] UpmClient::Send -- Unable to send message (not connected to UPM process).
[Package Manager] Cannot connect to Unity Package Manager local server
[Package Manager] Server::EnsureServerProcessIsRunning -- launch failed, reason: Unity was launched with the -noUpm command-line argument
[Package Manager] UpmClient::Send -- Unable to send message (not connected to UPM process).
[Package Manager] Cannot connect to Unity Package Manager local server
Mono: successfully reloaded assembly
- Finished resetting the current domain, in  1.471 seconds
Domain Reload Profiling: 2075ms
	BeginReloadAssembly (157ms)
		ExecutionOrderSort (0ms)
		DisableScriptedObjects (13ms)
		BackupInstance (0ms)
		ReleaseScriptingObjects (0ms)
		CreateAndSetChildDomain (52ms)
	RebuildCommonClasses (23ms)
	RebuildNativeTypeToScriptingClass (9ms)
	initialDomainReloadingComplete (26ms)
	LoadAllAssembliesAndSetupDomain (390ms)
		LoadAssemblies (406ms)
		RebuildTransferFunctionScriptingTraits (0ms)
		AnalyzeDomain (45ms)
			TypeCache.Refresh (24ms)
				TypeCache.ScanAssembly (0ms)
			ScanForSourceGeneratedMonoScriptInfo (0ms)
			ResolveRequiredComponents (18ms)
	FinalizeReload (1471ms)
		ReleaseScriptCaches (0ms)
		RebuildScriptCaches (0ms)
		SetupLoadedEditorAssemblies (564ms)
			LogAssemblyErrors (0ms)
			InitializePlatformSupportModulesInManaged (10ms)
			SetLoadedEditorAssemblies (11ms)
			RefreshPlugins (0ms)
			BeforeProcessingInitializeOnLoad (64ms)
			ProcessInitializeOnLoadAttributes (441ms)
			ProcessInitializeOnLoadMethodAttributes (37ms)
			AfterProcessingInitializeOnLoad (1ms)
			EditorAssembliesLoaded (0ms)
		ExecutionOrderSort2 (0ms)
		AwakeInstancesAfterBackupRestoration (6ms)
Shader 'TextMeshPro/Distance Field (UIHsvModifier)': fallback shader 'TextMeshPro/Mobile/Distance Field (UIHsv)' not found
Shader 'TextMeshPro/Distance Field (UIHsvModifier)': fallback shader 'TextMeshPro/Mobile/Distance Field (UIHsv)' not found
Refreshing native plugins compatible for Editor in 39.81 ms, found 3 plugins.
Preloading 0 native plugins for Editor in 0.00 ms.
Unloading 6643 Unused Serialized files (Serialized files now loaded: 0)
Unloading 70 unused Assets / (1.9 MB). Loaded Objects now: 7383.
Memory consumption went from 0.66 GB to 0.66 GB.
Total: 5.452291 ms (FindLiveObjects: 0.323416 ms CreateObjectMapping: 0.097792 ms MarkObjects: 3.881708 ms  DeleteObjects: 1.147000 ms)

Prepare: number of updated asset objects reloaded= 0
AssetImportParameters requested are different than current active one (requested -> active):
  custom:container-demuxer-ogg: 62fdf1f143b41e24485cea50d1cbac27 -> 
  custom:container-muxer-webm: aa71ff27fc2769a1b78a27578f13a17b -> 
  custom:video-decoder-webm-vp8: 9c59270c3fd7afecdb556c50c9e8de78 -> 
  custom:SearchIndexIgnoredProperties: e643bd26f0fe6173181afceb89e7c659 -> 
  custom:AudioImporter_EditorPlatform: 3918e3fc78b5a79bad01e8451be0beb8 -> 
  custom:audio-decoder-ogg-vorbis: bf7c407c2cedff20999df2af8eb42d56 -> 
  custom:audio-encoder-webm-vorbis: bf7c407c2cedff20999df2af8eb42d56 -> 
  custom:scripting/precompiled-assembly-types:Assembly-CSharp: 9ab6a026f5680e3dda840a28d13b90c9 -> dd865f2bf1c65a1c7720113f429c2ed7
  custom:video-decoder-ogg-theora: a1e56fd34408186e4bbccfd4996cb3dc -> 
  custom:CustomObjectIndexerAttribute: 9a22284fe3817be447336de3de66b15e -> 
  custom:container-demuxer-webm: 4f35f7cbe854078d1ac9338744f61a02 -> 
  custom:framework-osx-AVFoundation: e770b220cccbd017edd2c1fefb359320 -> 
  custom:video-encoder-webm-vp8: eb34c28f22e8b96e1ab97ce403110664 -> 
========================================================================
Received Prepare
Caller must complete domain reload
Begin MonoManager ReloadAssembly
Thread 0x16b5c3000 may have been prematurely finalized
Symbol file LoadedFromMemory is not a mono symbol file
- Loaded All Assemblies, in  0.914 seconds
Native extension for Android target not found
Native extension for OSXStandalone target not found
Native extension for WebGL target not found
[Package Manager] Server::EnsureServerProcessIsRunning -- launch failed, reason: Unity was launched with the -noUpm command-line argument
[Package Manager] UpmClient::Send -- Unable to send message (not connected to UPM process).
[Package Manager] Cannot connect to Unity Package Manager local server
[Package Manager] Server::EnsureServerProcessIsRunning -- launch failed, reason: Unity was launched with the -noUpm command-line argument
[Package Manager] UpmClient::Send -- Unable to send message (not connected to UPM process).
[Package Manager] Cannot connect to Unity Package Manager local server
Mono: successfully reloaded assembly
- Finished resetting the current domain, in  1.328 seconds
Domain Reload Profiling: 2421ms
	BeginReloadAssembly (217ms)
		ExecutionOrderSort (0ms)
		DisableScriptedObjects (15ms)
		BackupInstance (0ms)
		ReleaseScriptingObjects (0ms)
		CreateAndSetChildDomain (62ms)
	RebuildCommonClasses (24ms)
	RebuildNativeTypeToScriptingClass (10ms)
	initialDomainReloadingComplete (24ms)
	LoadAllAssembliesAndSetupDomain (818ms)
		LoadAssemblies (696ms)
		RebuildTransferFunctionScriptingTraits (0ms)
		AnalyzeDomain (50ms)
			TypeCache.Refresh (27ms)
				TypeCache.ScanAssembly (0ms)
			ScanForSourceGeneratedMonoScriptInfo (1ms)
			ResolveRequiredComponents (21ms)
	FinalizeReload (1328ms)
		ReleaseScriptCaches (0ms)
		RebuildScriptCaches (0ms)
		SetupLoadedEditorAssemblies (527ms)
			LogAssemblyErrors (0ms)
			InitializePlatformSupportModulesInManaged (10ms)
			SetLoadedEditorAssemblies (4ms)
			RefreshPlugins (0ms)
			BeforeProcessingInitializeOnLoad (62ms)
			ProcessInitializeOnLoadAttributes (412ms)
			ProcessInitializeOnLoadMethodAttributes (37ms)
			AfterProcessingInitializeOnLoad (1ms)
			EditorAssembliesLoaded (1ms)
		ExecutionOrderSort2 (0ms)
		AwakeInstancesAfterBackupRestoration (7ms)
Shader 'TextMeshPro/Distance Field (UIHsvModifier)': fallback shader 'TextMeshPro/Mobile/Distance Field (UIHsv)' not found
Shader 'TextMeshPro/Distance Field (UIHsvModifier)': fallback shader 'TextMeshPro/Mobile/Distance Field (UIHsv)' not found
Refreshing native plugins compatible for Editor in 24.08 ms, found 3 plugins.
Preloading 0 native plugins for Editor in 0.00 ms.
Unloading 6643 Unused Serialized files (Serialized files now loaded: 0)
Unloading 70 unused Assets / (1.9 MB). Loaded Objects now: 7387.
Memory consumption went from 0.67 GB to 0.67 GB.
Total: 6.135750 ms (FindLiveObjects: 0.271958 ms CreateObjectMapping: 0.085500 ms MarkObjects: 4.585875 ms  DeleteObjects: 1.189083 ms)

Prepare: number of updated asset objects reloaded= 0
AssetImportParameters requested are different than current active one (requested -> active):
  custom:container-demuxer-ogg: 62fdf1f143b41e24485cea50d1cbac27 -> 
  custom:container-muxer-webm: aa71ff27fc2769a1b78a27578f13a17b -> 
  custom:video-decoder-webm-vp8: 9c59270c3fd7afecdb556c50c9e8de78 -> 
  custom:SearchIndexIgnoredProperties: e643bd26f0fe6173181afceb89e7c659 -> 
  custom:AudioImporter_EditorPlatform: 3918e3fc78b5a79bad01e8451be0beb8 -> 
  custom:audio-decoder-ogg-vorbis: bf7c407c2cedff20999df2af8eb42d56 -> 
  custom:audio-encoder-webm-vorbis: bf7c407c2cedff20999df2af8eb42d56 -> 
  custom:scripting/precompiled-assembly-types:Assembly-CSharp: 9ab6a026f5680e3dda840a28d13b90c9 -> dd865f2bf1c65a1c7720113f429c2ed7
  custom:video-decoder-ogg-theora: a1e56fd34408186e4bbccfd4996cb3dc -> 
  custom:CustomObjectIndexerAttribute: 9a22284fe3817be447336de3de66b15e -> 
  custom:container-demuxer-webm: 4f35f7cbe854078d1ac9338744f61a02 -> 
  custom:framework-osx-AVFoundation: e770b220cccbd017edd2c1fefb359320 -> 
  custom:video-encoder-webm-vp8: eb34c28f22e8b96e1ab97ce403110664 -> 
========================================================================
Received Prepare
Caller must complete domain reload
Begin MonoManager ReloadAssembly
Thread 0x16b5c3000 may have been prematurely finalized
Symbol file LoadedFromMemory is not a mono symbol file
- Loaded All Assemblies, in  0.484 seconds
Native extension for Android target not found
Native extension for OSXStandalone target not found
Native extension for WebGL target not found
[Package Manager] Server::EnsureServerProcessIsRunning -- launch failed, reason: Unity was launched with the -noUpm command-line argument
[Package Manager] UpmClient::Send -- Unable to send message (not connected to UPM process).
[Package Manager] Cannot connect to Unity Package Manager local server
[Package Manager] Server::EnsureServerProcessIsRunning -- launch failed, reason: Unity was launched with the -noUpm command-line argument
[Package Manager] UpmClient::Send -- Unable to send message (not connected to UPM process).
[Package Manager] Cannot connect to Unity Package Manager local server
Mono: successfully reloaded assembly
- Finished resetting the current domain, in  1.326 seconds
Domain Reload Profiling: 1811ms
	BeginReloadAssembly (126ms)
		ExecutionOrderSort (0ms)
		DisableScriptedObjects (10ms)
		BackupInstance (0ms)
		ReleaseScriptingObjects (0ms)
		CreateAndSetChildDomain (46ms)
	RebuildCommonClasses (22ms)
	RebuildNativeTypeToScriptingClass (8ms)
	initialDomainReloadingComplete (21ms)
	LoadAllAssembliesAndSetupDomain (308ms)
		LoadAssemblies (302ms)
		RebuildTransferFunctionScriptingTraits (0ms)
		AnalyzeDomain (47ms)
			TypeCache.Refresh (34ms)
				TypeCache.ScanAssembly (0ms)
			ScanForSourceGeneratedMonoScriptInfo (0ms)
			ResolveRequiredComponents (12ms)
	FinalizeReload (1327ms)
		ReleaseScriptCaches (0ms)
		RebuildScriptCaches (0ms)
		SetupLoadedEditorAssemblies (533ms)
			LogAssemblyErrors (0ms)
			InitializePlatformSupportModulesInManaged (9ms)
			SetLoadedEditorAssemblies (11ms)
			RefreshPlugins (0ms)
			BeforeProcessingInitializeOnLoad (52ms)
			ProcessInitializeOnLoadAttributes (428ms)
			ProcessInitializeOnLoadMethodAttributes (31ms)
			AfterProcessingInitializeOnLoad (1ms)
			EditorAssembliesLoaded (1ms)
		ExecutionOrderSort2 (0ms)
		AwakeInstancesAfterBackupRestoration (7ms)
Shader 'TextMeshPro/Distance Field (UIHsvModifier)': fallback shader 'TextMeshPro/Mobile/Distance Field (UIHsv)' not found
Shader 'TextMeshPro/Distance Field (UIHsvModifier)': fallback shader 'TextMeshPro/Mobile/Distance Field (UIHsv)' not found
Refreshing native plugins compatible for Editor in 27.15 ms, found 3 plugins.
Preloading 0 native plugins for Editor in 0.00 ms.
Unloading 6643 Unused Serialized files (Serialized files now loaded: 0)
Unloading 70 unused Assets / (1.9 MB). Loaded Objects now: 7391.
Memory consumption went from 0.68 GB to 0.68 GB.
Total: 11.189166 ms (FindLiveObjects: 0.356875 ms CreateObjectMapping: 0.088750 ms MarkObjects: 9.802666 ms  DeleteObjects: 0.940584 ms)

Prepare: number of updated asset objects reloaded= 0
AssetImportParameters requested are different than current active one (requested -> active):
  custom:container-demuxer-ogg: 62fdf1f143b41e24485cea50d1cbac27 -> 
  custom:container-muxer-webm: aa71ff27fc2769a1b78a27578f13a17b -> 
  custom:video-decoder-webm-vp8: 9c59270c3fd7afecdb556c50c9e8de78 -> 
  custom:SearchIndexIgnoredProperties: e643bd26f0fe6173181afceb89e7c659 -> 
  custom:AudioImporter_EditorPlatform: 3918e3fc78b5a79bad01e8451be0beb8 -> 
  custom:audio-decoder-ogg-vorbis: bf7c407c2cedff20999df2af8eb42d56 -> 
  custom:audio-encoder-webm-vorbis: bf7c407c2cedff20999df2af8eb42d56 -> 
  custom:scripting/precompiled-assembly-types:Assembly-CSharp: 9ab6a026f5680e3dda840a28d13b90c9 -> dd865f2bf1c65a1c7720113f429c2ed7
  custom:video-decoder-ogg-theora: a1e56fd34408186e4bbccfd4996cb3dc -> 
  custom:CustomObjectIndexerAttribute: 9a22284fe3817be447336de3de66b15e -> 
  custom:container-demuxer-webm: 4f35f7cbe854078d1ac9338744f61a02 -> 
  custom:framework-osx-AVFoundation: e770b220cccbd017edd2c1fefb359320 -> 
  custom:video-encoder-webm-vp8: eb34c28f22e8b96e1ab97ce403110664 -> 
========================================================================
Received Prepare
Caller must complete domain reload
Begin MonoManager ReloadAssembly
Thread 0x16b5c3000 may have been prematurely finalized
Symbol file LoadedFromMemory is not a mono symbol file
- Loaded All Assemblies, in  0.705 seconds
Native extension for Android target not found
Native extension for OSXStandalone target not found
Native extension for WebGL target not found
[Package Manager] Server::EnsureServerProcessIsRunning -- launch failed, reason: Unity was launched with the -noUpm command-line argument
[Package Manager] UpmClient::Send -- Unable to send message (not connected to UPM process).
[Package Manager] Cannot connect to Unity Package Manager local server
[Package Manager] Server::EnsureServerProcessIsRunning -- launch failed, reason: Unity was launched with the -noUpm command-line argument
[Package Manager] UpmClient::Send -- Unable to send message (not connected to UPM process).
[Package Manager] Cannot connect to Unity Package Manager local server
Mono: successfully reloaded assembly
- Finished resetting the current domain, in  1.157 seconds
Domain Reload Profiling: 1863ms
	BeginReloadAssembly (154ms)
		ExecutionOrderSort (0ms)
		DisableScriptedObjects (10ms)
		BackupInstance (0ms)
		ReleaseScriptingObjects (0ms)
		CreateAndSetChildDomain (55ms)
	RebuildCommonClasses (22ms)
	RebuildNativeTypeToScriptingClass (8ms)
	initialDomainReloadingComplete (19ms)
	LoadAllAssembliesAndSetupDomain (503ms)
		LoadAssemblies (466ms)
		RebuildTransferFunctionScriptingTraits (0ms)
		AnalyzeDomain (92ms)
			TypeCache.Refresh (57ms)
				TypeCache.ScanAssembly (16ms)
			ScanForSourceGeneratedMonoScriptInfo (25ms)
			ResolveRequiredComponents (9ms)
	FinalizeReload (1157ms)
		ReleaseScriptCaches (0ms)
		RebuildScriptCaches (0ms)
		SetupLoadedEditorAssemblies (469ms)
			LogAssemblyErrors (0ms)
			InitializePlatformSupportModulesInManaged (9ms)
			SetLoadedEditorAssemblies (5ms)
			RefreshPlugins (0ms)
			BeforeProcessingInitializeOnLoad (52ms)
			ProcessInitializeOnLoadAttributes (375ms)
			ProcessInitializeOnLoadMethodAttributes (27ms)
			AfterProcessingInitializeOnLoad (1ms)
			EditorAssembliesLoaded (0ms)
		ExecutionOrderSort2 (0ms)
		AwakeInstancesAfterBackupRestoration (5ms)
Shader 'TextMeshPro/Distance Field (UIHsvModifier)': fallback shader 'TextMeshPro/Mobile/Distance Field (UIHsv)' not found
Shader 'TextMeshPro/Distance Field (UIHsvModifier)': fallback shader 'TextMeshPro/Mobile/Distance Field (UIHsv)' not found
Refreshing native plugins compatible for Editor in 7.02 ms, found 3 plugins.
Preloading 0 native plugins for Editor in 0.00 ms.
Unloading 6643 Unused Serialized files (Serialized files now loaded: 0)
Unloading 70 unused Assets / (1.9 MB). Loaded Objects now: 7395.
Memory consumption went from 0.69 GB to 0.69 GB.
Total: 4.538000 ms (FindLiveObjects: 0.298375 ms CreateObjectMapping: 0.103375 ms MarkObjects: 3.183459 ms  DeleteObjects: 0.952083 ms)

Prepare: number of updated asset objects reloaded= 0
AssetImportParameters requested are different than current active one (requested -> active):
  custom:container-demuxer-ogg: 62fdf1f143b41e24485cea50d1cbac27 -> 
  custom:container-muxer-webm: aa71ff27fc2769a1b78a27578f13a17b -> 
  custom:video-decoder-webm-vp8: 9c59270c3fd7afecdb556c50c9e8de78 -> 
  custom:SearchIndexIgnoredProperties: e643bd26f0fe6173181afceb89e7c659 -> 
  custom:AudioImporter_EditorPlatform: 3918e3fc78b5a79bad01e8451be0beb8 -> 
  custom:audio-decoder-ogg-vorbis: bf7c407c2cedff20999df2af8eb42d56 -> 
  custom:audio-encoder-webm-vorbis: bf7c407c2cedff20999df2af8eb42d56 -> 
  custom:scripting/precompiled-assembly-types:Assembly-CSharp: 9ab6a026f5680e3dda840a28d13b90c9 -> dd865f2bf1c65a1c7720113f429c2ed7
  custom:video-decoder-ogg-theora: a1e56fd34408186e4bbccfd4996cb3dc -> 
  custom:CustomObjectIndexerAttribute: 9a22284fe3817be447336de3de66b15e -> 
  custom:container-demuxer-webm: 4f35f7cbe854078d1ac9338744f61a02 -> 
  custom:framework-osx-AVFoundation: e770b220cccbd017edd2c1fefb359320 -> 
  custom:video-encoder-webm-vp8: eb34c28f22e8b96e1ab97ce403110664 -> 
========================================================================
Received Prepare
Caller must complete domain reload
Begin MonoManager ReloadAssembly
Thread 0x16b5c3000 may have been prematurely finalized
Symbol file LoadedFromMemory is not a mono symbol file
- Loaded All Assemblies, in  0.494 seconds
Native extension for Android target not found
Native extension for OSXStandalone target not found
Native extension for WebGL target not found
[Package Manager] Server::EnsureServerProcessIsRunning -- launch failed, reason: Unity was launched with the -noUpm command-line argument
[Package Manager] UpmClient::Send -- Unable to send message (not connected to UPM process).
[Package Manager] Cannot connect to Unity Package Manager local server
[Package Manager] Server::EnsureServerProcessIsRunning -- launch failed, reason: Unity was launched with the -noUpm command-line argument
[Package Manager] UpmClient::Send -- Unable to send message (not connected to UPM process).
[Package Manager] Cannot connect to Unity Package Manager local server
Mono: successfully reloaded assembly
- Finished resetting the current domain, in  1.309 seconds
Domain Reload Profiling: 1804ms
	BeginReloadAssembly (126ms)
		ExecutionOrderSort (2ms)
		DisableScriptedObjects (9ms)
		BackupInstance (0ms)
		ReleaseScriptingObjects (0ms)
		CreateAndSetChildDomain (45ms)
	RebuildCommonClasses (21ms)
	RebuildNativeTypeToScriptingClass (8ms)
	initialDomainReloadingComplete (23ms)
	LoadAllAssembliesAndSetupDomain (317ms)
		LoadAssemblies (325ms)
		RebuildTransferFunctionScriptingTraits (0ms)
		AnalyzeDomain (31ms)
			TypeCache.Refresh (22ms)
				TypeCache.ScanAssembly (0ms)
			ScanForSourceGeneratedMonoScriptInfo (0ms)
			ResolveRequiredComponents (8ms)
	FinalizeReload (1310ms)
		ReleaseScriptCaches (0ms)
		RebuildScriptCaches (0ms)
		SetupLoadedEditorAssemblies (526ms)
			LogAssemblyErrors (0ms)
			InitializePlatformSupportModulesInManaged (10ms)
			SetLoadedEditorAssemblies (5ms)
			RefreshPlugins (0ms)
			BeforeProcessingInitializeOnLoad (63ms)
			ProcessInitializeOnLoadAttributes (413ms)
			ProcessInitializeOnLoadMethodAttributes (34ms)
			AfterProcessingInitializeOnLoad (1ms)
			EditorAssembliesLoaded (0ms)
		ExecutionOrderSort2 (0ms)
		AwakeInstancesAfterBackupRestoration (7ms)
Shader 'TextMeshPro/Distance Field (UIHsvModifier)': fallback shader 'TextMeshPro/Mobile/Distance Field (UIHsv)' not found
Shader 'TextMeshPro/Distance Field (UIHsvModifier)': fallback shader 'TextMeshPro/Mobile/Distance Field (UIHsv)' not found
Refreshing native plugins compatible for Editor in 10.98 ms, found 3 plugins.
Preloading 0 native plugins for Editor in 0.00 ms.
Unloading 6643 Unused Serialized files (Serialized files now loaded: 0)
Unloading 70 unused Assets / (1.9 MB). Loaded Objects now: 7399.
Memory consumption went from 0.70 GB to 0.70 GB.
Total: 5.478667 ms (FindLiveObjects: 0.331042 ms CreateObjectMapping: 0.143083 ms MarkObjects: 3.911333 ms  DeleteObjects: 1.092792 ms)

Prepare: number of updated asset objects reloaded= 0
AssetImportParameters requested are different than current active one (requested -> active):
  custom:container-demuxer-ogg: 62fdf1f143b41e24485cea50d1cbac27 -> 
  custom:container-muxer-webm: aa71ff27fc2769a1b78a27578f13a17b -> 
  custom:video-decoder-webm-vp8: 9c59270c3fd7afecdb556c50c9e8de78 -> 
  custom:SearchIndexIgnoredProperties: e643bd26f0fe6173181afceb89e7c659 -> 
  custom:AudioImporter_EditorPlatform: 3918e3fc78b5a79bad01e8451be0beb8 -> 
  custom:audio-decoder-ogg-vorbis: bf7c407c2cedff20999df2af8eb42d56 -> 
  custom:audio-encoder-webm-vorbis: bf7c407c2cedff20999df2af8eb42d56 -> 
  custom:scripting/precompiled-assembly-types:Assembly-CSharp: 9ab6a026f5680e3dda840a28d13b90c9 -> dd865f2bf1c65a1c7720113f429c2ed7
  custom:video-decoder-ogg-theora: a1e56fd34408186e4bbccfd4996cb3dc -> 
  custom:CustomObjectIndexerAttribute: 9a22284fe3817be447336de3de66b15e -> 
  custom:container-demuxer-webm: 4f35f7cbe854078d1ac9338744f61a02 -> 
  custom:framework-osx-AVFoundation: e770b220cccbd017edd2c1fefb359320 -> 
  custom:video-encoder-webm-vp8: eb34c28f22e8b96e1ab97ce403110664 -> 
========================================================================
Received Prepare
Caller must complete domain reload
Begin MonoManager ReloadAssembly
Thread 0x16b5c3000 may have been prematurely finalized
Symbol file LoadedFromMemory is not a mono symbol file
- Loaded All Assemblies, in  0.648 seconds
Native extension for Android target not found
Native extension for OSXStandalone target not found
Native extension for WebGL target not found
[Package Manager] Server::EnsureServerProcessIsRunning -- launch failed, reason: Unity was launched with the -noUpm command-line argument
[Package Manager] UpmClient::Send -- Unable to send message (not connected to UPM process).
[Package Manager] Cannot connect to Unity Package Manager local server
[Package Manager] Server::EnsureServerProcessIsRunning -- launch failed, reason: Unity was launched with the -noUpm command-line argument
[Package Manager] UpmClient::Send -- Unable to send message (not connected to UPM process).
[Package Manager] Cannot connect to Unity Package Manager local server
Mono: successfully reloaded assembly
- Finished resetting the current domain, in  1.158 seconds
Domain Reload Profiling: 1807ms
	BeginReloadAssembly (148ms)
		ExecutionOrderSort (0ms)
		DisableScriptedObjects (13ms)
		BackupInstance (0ms)
		ReleaseScriptingObjects (0ms)
		CreateAndSetChildDomain (57ms)
	RebuildCommonClasses (29ms)
	RebuildNativeTypeToScriptingClass (9ms)
	initialDomainReloadingComplete (24ms)
	LoadAllAssembliesAndSetupDomain (439ms)
		LoadAssemblies (412ms)
		RebuildTransferFunctionScriptingTraits (0ms)
		AnalyzeDomain (76ms)
			TypeCache.Refresh (53ms)
				TypeCache.ScanAssembly (17ms)
			ScanForSourceGeneratedMonoScriptInfo (13ms)
			ResolveRequiredComponents (9ms)
	FinalizeReload (1158ms)
		ReleaseScriptCaches (0ms)
		RebuildScriptCaches (0ms)
		SetupLoadedEditorAssemblies (460ms)
			LogAssemblyErrors (0ms)
			InitializePlatformSupportModulesInManaged (10ms)
			SetLoadedEditorAssemblies (4ms)
			RefreshPlugins (0ms)
			BeforeProcessingInitializeOnLoad (51ms)
			ProcessInitializeOnLoadAttributes (368ms)
			ProcessInitializeOnLoadMethodAttributes (25ms)
			AfterProcessingInitializeOnLoad (1ms)
			EditorAssembliesLoaded (0ms)
		ExecutionOrderSort2 (0ms)
		AwakeInstancesAfterBackupRestoration (6ms)
Shader 'TextMeshPro/Distance Field (UIHsvModifier)': fallback shader 'TextMeshPro/Mobile/Distance Field (UIHsv)' not found
Shader 'TextMeshPro/Distance Field (UIHsvModifier)': fallback shader 'TextMeshPro/Mobile/Distance Field (UIHsv)' not found
Refreshing native plugins compatible for Editor in 34.68 ms, found 3 plugins.
Preloading 0 native plugins for Editor in 0.00 ms.
Unloading 6643 Unused Serialized files (Serialized files now loaded: 0)
Unloading 70 unused Assets / (1.9 MB). Loaded Objects now: 7403.
Memory consumption went from 0.71 GB to 0.71 GB.
Total: 7.925708 ms (FindLiveObjects: 0.470709 ms CreateObjectMapping: 0.092625 ms MarkObjects: 6.287583 ms  DeleteObjects: 1.074000 ms)

Prepare: number of updated asset objects reloaded= 0
AssetImportParameters requested are different than current active one (requested -> active):
  custom:container-demuxer-ogg: 62fdf1f143b41e24485cea50d1cbac27 -> 
  custom:container-muxer-webm: aa71ff27fc2769a1b78a27578f13a17b -> 
  custom:video-decoder-webm-vp8: 9c59270c3fd7afecdb556c50c9e8de78 -> 
  custom:SearchIndexIgnoredProperties: e643bd26f0fe6173181afceb89e7c659 -> 
  custom:AudioImporter_EditorPlatform: 3918e3fc78b5a79bad01e8451be0beb8 -> 
  custom:audio-decoder-ogg-vorbis: bf7c407c2cedff20999df2af8eb42d56 -> 
  custom:audio-encoder-webm-vorbis: bf7c407c2cedff20999df2af8eb42d56 -> 
  custom:scripting/precompiled-assembly-types:Assembly-CSharp: 9ab6a026f5680e3dda840a28d13b90c9 -> dd865f2bf1c65a1c7720113f429c2ed7
  custom:video-decoder-ogg-theora: a1e56fd34408186e4bbccfd4996cb3dc -> 
  custom:CustomObjectIndexerAttribute: 9a22284fe3817be447336de3de66b15e -> 
  custom:container-demuxer-webm: 4f35f7cbe854078d1ac9338744f61a02 -> 
  custom:framework-osx-AVFoundation: e770b220cccbd017edd2c1fefb359320 -> 
  custom:video-encoder-webm-vp8: eb34c28f22e8b96e1ab97ce403110664 -> 
========================================================================
Received Prepare
Caller must complete domain reload
Begin MonoManager ReloadAssembly
Thread 0x16b5c3000 may have been prematurely finalized
Symbol file LoadedFromMemory is not a mono symbol file
- Loaded All Assemblies, in  0.503 seconds
Native extension for Android target not found
Native extension for OSXStandalone target not found
Native extension for WebGL target not found
[Package Manager] Server::EnsureServerProcessIsRunning -- launch failed, reason: Unity was launched with the -noUpm command-line argument
[Package Manager] UpmClient::Send -- Unable to send message (not connected to UPM process).
[Package Manager] Cannot connect to Unity Package Manager local server
[Package Manager] Server::EnsureServerProcessIsRunning -- launch failed, reason: Unity was launched with the -noUpm command-line argument
[Package Manager] UpmClient::Send -- Unable to send message (not connected to UPM process).
[Package Manager] Cannot connect to Unity Package Manager local server
Mono: successfully reloaded assembly
- Finished resetting the current domain, in  1.379 seconds
Domain Reload Profiling: 1884ms
	BeginReloadAssembly (135ms)
		ExecutionOrderSort (0ms)
		DisableScriptedObjects (10ms)
		BackupInstance (0ms)
		ReleaseScriptingObjects (0ms)
		CreateAndSetChildDomain (57ms)
	RebuildCommonClasses (21ms)
	RebuildNativeTypeToScriptingClass (8ms)
	initialDomainReloadingComplete (22ms)
	LoadAllAssembliesAndSetupDomain (318ms)
		LoadAssemblies (306ms)
		RebuildTransferFunctionScriptingTraits (0ms)
		AnalyzeDomain (51ms)
			TypeCache.Refresh (38ms)
				TypeCache.ScanAssembly (0ms)
			ScanForSourceGeneratedMonoScriptInfo (0ms)
			ResolveRequiredComponents (11ms)
	FinalizeReload (1380ms)
		ReleaseScriptCaches (0ms)
		RebuildScriptCaches (0ms)
		SetupLoadedEditorAssemblies (528ms)
			LogAssemblyErrors (0ms)
			InitializePlatformSupportModulesInManaged (12ms)
			SetLoadedEditorAssemblies (8ms)
			RefreshPlugins (0ms)
			BeforeProcessingInitializeOnLoad (59ms)
			ProcessInitializeOnLoadAttributes (412ms)
			ProcessInitializeOnLoadMethodAttributes (36ms)
			AfterProcessingInitializeOnLoad (1ms)
			EditorAssembliesLoaded (0ms)
		ExecutionOrderSort2 (0ms)
		AwakeInstancesAfterBackupRestoration (7ms)
Shader 'TextMeshPro/Distance Field (UIHsvModifier)': fallback shader 'TextMeshPro/Mobile/Distance Field (UIHsv)' not found
Shader 'TextMeshPro/Distance Field (UIHsvModifier)': fallback shader 'TextMeshPro/Mobile/Distance Field (UIHsv)' not found
Refreshing native plugins compatible for Editor in 9.69 ms, found 3 plugins.
Preloading 0 native plugins for Editor in 0.00 ms.
Unloading 6643 Unused Serialized files (Serialized files now loaded: 0)
Unloading 70 unused Assets / (1.8 MB). Loaded Objects now: 7407.
Memory consumption went from 0.72 GB to 0.72 GB.
Total: 5.189250 ms (FindLiveObjects: 0.259416 ms CreateObjectMapping: 0.093833 ms MarkObjects: 3.690959 ms  DeleteObjects: 1.144208 ms)

Prepare: number of updated asset objects reloaded= 0
AssetImportParameters requested are different than current active one (requested -> active):
  custom:container-demuxer-ogg: 62fdf1f143b41e24485cea50d1cbac27 -> 
  custom:container-muxer-webm: aa71ff27fc2769a1b78a27578f13a17b -> 
  custom:video-decoder-webm-vp8: 9c59270c3fd7afecdb556c50c9e8de78 -> 
  custom:SearchIndexIgnoredProperties: e643bd26f0fe6173181afceb89e7c659 -> 
  custom:AudioImporter_EditorPlatform: 3918e3fc78b5a79bad01e8451be0beb8 -> 
  custom:audio-decoder-ogg-vorbis: bf7c407c2cedff20999df2af8eb42d56 -> 
  custom:audio-encoder-webm-vorbis: bf7c407c2cedff20999df2af8eb42d56 -> 
  custom:scripting/precompiled-assembly-types:Assembly-CSharp: 9ab6a026f5680e3dda840a28d13b90c9 -> dd865f2bf1c65a1c7720113f429c2ed7
  custom:video-decoder-ogg-theora: a1e56fd34408186e4bbccfd4996cb3dc -> 
  custom:CustomObjectIndexerAttribute: 9a22284fe3817be447336de3de66b15e -> 
  custom:container-demuxer-webm: 4f35f7cbe854078d1ac9338744f61a02 -> 
  custom:framework-osx-AVFoundation: e770b220cccbd017edd2c1fefb359320 -> 
  custom:video-encoder-webm-vp8: eb34c28f22e8b96e1ab97ce403110664 -> 
========================================================================
Received Prepare
Caller must complete domain reload
Begin MonoManager ReloadAssembly
Thread 0x16b5c3000 may have been prematurely finalized
Symbol file LoadedFromMemory is not a mono symbol file
- Loaded All Assemblies, in  0.532 seconds
Native extension for Android target not found
Native extension for OSXStandalone target not found
Native extension for WebGL target not found
[Package Manager] Server::EnsureServerProcessIsRunning -- launch failed, reason: Unity was launched with the -noUpm command-line argument
[Package Manager] UpmClient::Send -- Unable to send message (not connected to UPM process).
[Package Manager] Cannot connect to Unity Package Manager local server
[Package Manager] Server::EnsureServerProcessIsRunning -- launch failed, reason: Unity was launched with the -noUpm command-line argument
[Package Manager] UpmClient::Send -- Unable to send message (not connected to UPM process).
[Package Manager] Cannot connect to Unity Package Manager local server
Mono: successfully reloaded assembly
- Finished resetting the current domain, in  1.231 seconds
Domain Reload Profiling: 1765ms
	BeginReloadAssembly (126ms)
		ExecutionOrderSort (0ms)
		DisableScriptedObjects (9ms)
		BackupInstance (0ms)
		ReleaseScriptingObjects (0ms)
		CreateAndSetChildDomain (53ms)
	RebuildCommonClasses (24ms)
	RebuildNativeTypeToScriptingClass (8ms)
	initialDomainReloadingComplete (22ms)
	LoadAllAssembliesAndSetupDomain (353ms)
		LoadAssemblies (294ms)
		RebuildTransferFunctionScriptingTraits (0ms)
		AnalyzeDomain (95ms)
			TypeCache.Refresh (60ms)
				TypeCache.ScanAssembly (17ms)
			ScanForSourceGeneratedMonoScriptInfo (18ms)
			ResolveRequiredComponents (13ms)
	FinalizeReload (1232ms)
		ReleaseScriptCaches (0ms)
		RebuildScriptCaches (0ms)
		SetupLoadedEditorAssemblies (531ms)
			LogAssemblyErrors (0ms)
			InitializePlatformSupportModulesInManaged (10ms)
			SetLoadedEditorAssemblies (4ms)
			RefreshPlugins (0ms)
			BeforeProcessingInitializeOnLoad (71ms)
			ProcessInitializeOnLoadAttributes (414ms)
			ProcessInitializeOnLoadMethodAttributes (30ms)
			AfterProcessingInitializeOnLoad (1ms)
			EditorAssembliesLoaded (0ms)
		ExecutionOrderSort2 (0ms)
		AwakeInstancesAfterBackupRestoration (6ms)
Shader 'TextMeshPro/Distance Field (UIHsvModifier)': fallback shader 'TextMeshPro/Mobile/Distance Field (UIHsv)' not found
Shader 'TextMeshPro/Distance Field (UIHsvModifier)': fallback shader 'TextMeshPro/Mobile/Distance Field (UIHsv)' not found
Refreshing native plugins compatible for Editor in 9.16 ms, found 3 plugins.
Preloading 0 native plugins for Editor in 0.00 ms.
Unloading 6643 Unused Serialized files (Serialized files now loaded: 0)
Unloading 70 unused Assets / (1.8 MB). Loaded Objects now: 7411.
Memory consumption went from 0.73 GB to 0.73 GB.
Total: 4.394083 ms (FindLiveObjects: 0.294125 ms CreateObjectMapping: 0.096542 ms MarkObjects: 3.094542 ms  DeleteObjects: 0.908375 ms)

Prepare: number of updated asset objects reloaded= 0
AssetImportParameters requested are different than current active one (requested -> active):
  custom:container-demuxer-ogg: 62fdf1f143b41e24485cea50d1cbac27 -> 
  custom:container-muxer-webm: aa71ff27fc2769a1b78a27578f13a17b -> 
  custom:video-decoder-webm-vp8: 9c59270c3fd7afecdb556c50c9e8de78 -> 
  custom:SearchIndexIgnoredProperties: e643bd26f0fe6173181afceb89e7c659 -> 
  custom:AudioImporter_EditorPlatform: 3918e3fc78b5a79bad01e8451be0beb8 -> 
  custom:audio-decoder-ogg-vorbis: bf7c407c2cedff20999df2af8eb42d56 -> 
  custom:audio-encoder-webm-vorbis: bf7c407c2cedff20999df2af8eb42d56 -> 
  custom:scripting/precompiled-assembly-types:Assembly-CSharp: 9ab6a026f5680e3dda840a28d13b90c9 -> dd865f2bf1c65a1c7720113f429c2ed7
  custom:video-decoder-ogg-theora: a1e56fd34408186e4bbccfd4996cb3dc -> 
  custom:CustomObjectIndexerAttribute: 9a22284fe3817be447336de3de66b15e -> 
  custom:container-demuxer-webm: 4f35f7cbe854078d1ac9338744f61a02 -> 
  custom:framework-osx-AVFoundation: e770b220cccbd017edd2c1fefb359320 -> 
  custom:video-encoder-webm-vp8: eb34c28f22e8b96e1ab97ce403110664 -> 
========================================================================
Received Prepare
Caller must complete domain reload
Begin MonoManager ReloadAssembly
Thread 0x16b5c3000 may have been prematurely finalized
Symbol file LoadedFromMemory is not a mono symbol file
- Loaded All Assemblies, in  0.531 seconds
Native extension for Android target not found
Native extension for OSXStandalone target not found
Native extension for WebGL target not found
[Package Manager] Server::EnsureServerProcessIsRunning -- launch failed, reason: Unity was launched with the -noUpm command-line argument
[Package Manager] UpmClient::Send -- Unable to send message (not connected to UPM process).
[Package Manager] Cannot connect to Unity Package Manager local server
[Package Manager] Server::EnsureServerProcessIsRunning -- launch failed, reason: Unity was launched with the -noUpm command-line argument
[Package Manager] UpmClient::Send -- Unable to send message (not connected to UPM process).
[Package Manager] Cannot connect to Unity Package Manager local server
Mono: successfully reloaded assembly
- Finished resetting the current domain, in  1.298 seconds
Domain Reload Profiling: 1830ms
	BeginReloadAssembly (143ms)
		ExecutionOrderSort (0ms)
		DisableScriptedObjects (11ms)
		BackupInstance (0ms)
		ReleaseScriptingObjects (0ms)
		CreateAndSetChildDomain (60ms)
	RebuildCommonClasses (21ms)
	RebuildNativeTypeToScriptingClass (8ms)
	initialDomainReloadingComplete (24ms)
	LoadAllAssembliesAndSetupDomain (336ms)
		LoadAssemblies (336ms)
		RebuildTransferFunctionScriptingTraits (0ms)
		AnalyzeDomain (43ms)
			TypeCache.Refresh (31ms)
				TypeCache.ScanAssembly (0ms)
			ScanForSourceGeneratedMonoScriptInfo (0ms)
			ResolveRequiredComponents (11ms)
	FinalizeReload (1298ms)
		ReleaseScriptCaches (0ms)
		RebuildScriptCaches (0ms)
		SetupLoadedEditorAssemblies (505ms)
			LogAssemblyErrors (0ms)
			InitializePlatformSupportModulesInManaged (14ms)
			SetLoadedEditorAssemblies (5ms)
			RefreshPlugins (0ms)
			BeforeProcessingInitializeOnLoad (53ms)
			ProcessInitializeOnLoadAttributes (401ms)
			ProcessInitializeOnLoadMethodAttributes (30ms)
			AfterProcessingInitializeOnLoad (1ms)
			EditorAssembliesLoaded (0ms)
		ExecutionOrderSort2 (0ms)
		AwakeInstancesAfterBackupRestoration (6ms)
Shader 'TextMeshPro/Distance Field (UIHsvModifier)': fallback shader 'TextMeshPro/Mobile/Distance Field (UIHsv)' not found
Shader 'TextMeshPro/Distance Field (UIHsvModifier)': fallback shader 'TextMeshPro/Mobile/Distance Field (UIHsv)' not found
Refreshing native plugins compatible for Editor in 9.43 ms, found 3 plugins.
Preloading 0 native plugins for Editor in 0.00 ms.
Unloading 6643 Unused Serialized files (Serialized files now loaded: 0)
Unloading 70 unused Assets / (1.9 MB). Loaded Objects now: 7415.
Memory consumption went from 0.74 GB to 0.74 GB.
Total: 5.644667 ms (FindLiveObjects: 0.354250 ms CreateObjectMapping: 0.111083 ms MarkObjects: 3.908000 ms  DeleteObjects: 1.270542 ms)

Prepare: number of updated asset objects reloaded= 0
AssetImportParameters requested are different than current active one (requested -> active):
  custom:container-demuxer-ogg: 62fdf1f143b41e24485cea50d1cbac27 -> 
  custom:container-muxer-webm: aa71ff27fc2769a1b78a27578f13a17b -> 
  custom:video-decoder-webm-vp8: 9c59270c3fd7afecdb556c50c9e8de78 -> 
  custom:SearchIndexIgnoredProperties: e643bd26f0fe6173181afceb89e7c659 -> 
  custom:AudioImporter_EditorPlatform: 3918e3fc78b5a79bad01e8451be0beb8 -> 
  custom:audio-decoder-ogg-vorbis: bf7c407c2cedff20999df2af8eb42d56 -> 
  custom:audio-encoder-webm-vorbis: bf7c407c2cedff20999df2af8eb42d56 -> 
  custom:scripting/precompiled-assembly-types:Assembly-CSharp: 9ab6a026f5680e3dda840a28d13b90c9 -> dd865f2bf1c65a1c7720113f429c2ed7
  custom:video-decoder-ogg-theora: a1e56fd34408186e4bbccfd4996cb3dc -> 
  custom:CustomObjectIndexerAttribute: 9a22284fe3817be447336de3de66b15e -> 
  custom:container-demuxer-webm: 4f35f7cbe854078d1ac9338744f61a02 -> 
  custom:framework-osx-AVFoundation: e770b220cccbd017edd2c1fefb359320 -> 
  custom:video-encoder-webm-vp8: eb34c28f22e8b96e1ab97ce403110664 -> 
========================================================================
Received Prepare
Caller must complete domain reload
Begin MonoManager ReloadAssembly
Thread 0x16b5c3000 may have been prematurely finalized
Symbol file LoadedFromMemory is not a mono symbol file
- Loaded All Assemblies, in  0.458 seconds
Native extension for Android target not found
Native extension for OSXStandalone target not found
Native extension for WebGL target not found
[Package Manager] Server::EnsureServerProcessIsRunning -- launch failed, reason: Unity was launched with the -noUpm command-line argument
[Package Manager] UpmClient::Send -- Unable to send message (not connected to UPM process).
[Package Manager] Cannot connect to Unity Package Manager local server
[Package Manager] Server::EnsureServerProcessIsRunning -- launch failed, reason: Unity was launched with the -noUpm command-line argument
[Package Manager] UpmClient::Send -- Unable to send message (not connected to UPM process).
[Package Manager] Cannot connect to Unity Package Manager local server
Mono: successfully reloaded assembly
- Finished resetting the current domain, in  1.311 seconds
Domain Reload Profiling: 1769ms
	BeginReloadAssembly (141ms)
		ExecutionOrderSort (0ms)
		DisableScriptedObjects (15ms)
		BackupInstance (0ms)
		ReleaseScriptingObjects (0ms)
		CreateAndSetChildDomain (57ms)
	RebuildCommonClasses (22ms)
	RebuildNativeTypeToScriptingClass (8ms)
	initialDomainReloadingComplete (22ms)
	LoadAllAssembliesAndSetupDomain (266ms)
		LoadAssemblies (291ms)
		RebuildTransferFunctionScriptingTraits (0ms)
		AnalyzeDomain (20ms)
			TypeCache.Refresh (11ms)
				TypeCache.ScanAssembly (0ms)
			ScanForSourceGeneratedMonoScriptInfo (0ms)
			ResolveRequiredComponents (8ms)
	FinalizeReload (1311ms)
		ReleaseScriptCaches (0ms)
		RebuildScriptCaches (0ms)
		SetupLoadedEditorAssemblies (519ms)
			LogAssemblyErrors (1ms)
			InitializePlatformSupportModulesInManaged (14ms)
			SetLoadedEditorAssemblies (7ms)
			RefreshPlugins (0ms)
			BeforeProcessingInitializeOnLoad (52ms)
			ProcessInitializeOnLoadAttributes (413ms)
			ProcessInitializeOnLoadMethodAttributes (32ms)
			AfterProcessingInitializeOnLoad (1ms)
			EditorAssembliesLoaded (0ms)
		ExecutionOrderSort2 (0ms)
		AwakeInstancesAfterBackupRestoration (7ms)
Shader 'TextMeshPro/Distance Field (UIHsvModifier)': fallback shader 'TextMeshPro/Mobile/Distance Field (UIHsv)' not found
Shader 'TextMeshPro/Distance Field (UIHsvModifier)': fallback shader 'TextMeshPro/Mobile/Distance Field (UIHsv)' not found
Refreshing native plugins compatible for Editor in 26.13 ms, found 3 plugins.
Preloading 0 native plugins for Editor in 0.00 ms.
Unloading 6643 Unused Serialized files (Serialized files now loaded: 0)
Unloading 70 unused Assets / (1.9 MB). Loaded Objects now: 7419.
Memory consumption went from 0.75 GB to 0.75 GB.
Total: 5.834750 ms (FindLiveObjects: 0.444750 ms CreateObjectMapping: 0.103125 ms MarkObjects: 3.977875 ms  DeleteObjects: 1.308583 ms)

Prepare: number of updated asset objects reloaded= 0
AssetImportParameters requested are different than current active one (requested -> active):
  custom:container-demuxer-ogg: 62fdf1f143b41e24485cea50d1cbac27 -> 
  custom:container-muxer-webm: aa71ff27fc2769a1b78a27578f13a17b -> 
  custom:video-decoder-webm-vp8: 9c59270c3fd7afecdb556c50c9e8de78 -> 
  custom:SearchIndexIgnoredProperties: e643bd26f0fe6173181afceb89e7c659 -> 
  custom:AudioImporter_EditorPlatform: 3918e3fc78b5a79bad01e8451be0beb8 -> 
  custom:audio-decoder-ogg-vorbis: bf7c407c2cedff20999df2af8eb42d56 -> 
  custom:audio-encoder-webm-vorbis: bf7c407c2cedff20999df2af8eb42d56 -> 
  custom:scripting/precompiled-assembly-types:Assembly-CSharp: 9ab6a026f5680e3dda840a28d13b90c9 -> dd865f2bf1c65a1c7720113f429c2ed7
  custom:video-decoder-ogg-theora: a1e56fd34408186e4bbccfd4996cb3dc -> 
  custom:CustomObjectIndexerAttribute: 9a22284fe3817be447336de3de66b15e -> 
  custom:container-demuxer-webm: 4f35f7cbe854078d1ac9338744f61a02 -> 
  custom:framework-osx-AVFoundation: e770b220cccbd017edd2c1fefb359320 -> 
  custom:video-encoder-webm-vp8: eb34c28f22e8b96e1ab97ce403110664 -> 
========================================================================
Received Prepare
Caller must complete domain reload
Begin MonoManager ReloadAssembly
Thread 0x16b5c3000 may have been prematurely finalized
Symbol file LoadedFromMemory is not a mono symbol file
- Loaded All Assemblies, in  0.722 seconds
Native extension for Android target not found
Native extension for OSXStandalone target not found
Native extension for WebGL target not found
[Package Manager] Server::EnsureServerProcessIsRunning -- launch failed, reason: Unity was launched with the -noUpm command-line argument
[Package Manager] UpmClient::Send -- Unable to send message (not connected to UPM process).
[Package Manager] Cannot connect to Unity Package Manager local server
[Package Manager] Server::EnsureServerProcessIsRunning -- launch failed, reason: Unity was launched with the -noUpm command-line argument
[Package Manager] UpmClient::Send -- Unable to send message (not connected to UPM process).
[Package Manager] Cannot connect to Unity Package Manager local server
Mono: successfully reloaded assembly
- Finished resetting the current domain, in  1.417 seconds
Domain Reload Profiling: 2138ms
	BeginReloadAssembly (120ms)
		ExecutionOrderSort (0ms)
		DisableScriptedObjects (11ms)
		BackupInstance (0ms)
		ReleaseScriptingObjects (0ms)
		CreateAndSetChildDomain (48ms)
	RebuildCommonClasses (20ms)
	RebuildNativeTypeToScriptingClass (9ms)
	initialDomainReloadingComplete (18ms)
	LoadAllAssembliesAndSetupDomain (554ms)
		LoadAssemblies (506ms)
		RebuildTransferFunctionScriptingTraits (0ms)
		AnalyzeDomain (85ms)
			TypeCache.Refresh (50ms)
				TypeCache.ScanAssembly (13ms)
			ScanForSourceGeneratedMonoScriptInfo (25ms)
			ResolveRequiredComponents (8ms)
	FinalizeReload (1417ms)
		ReleaseScriptCaches (0ms)
		RebuildScriptCaches (0ms)
		SetupLoadedEditorAssemblies (458ms)
			LogAssemblyErrors (0ms)
			InitializePlatformSupportModulesInManaged (10ms)
			SetLoadedEditorAssemblies (4ms)
			RefreshPlugins (0ms)
			BeforeProcessingInitializeOnLoad (51ms)
			ProcessInitializeOnLoadAttributes (362ms)
			ProcessInitializeOnLoadMethodAttributes (30ms)
			AfterProcessingInitializeOnLoad (1ms)
			EditorAssembliesLoaded (0ms)
		ExecutionOrderSort2 (0ms)
		AwakeInstancesAfterBackupRestoration (6ms)
Shader 'TextMeshPro/Distance Field (UIHsvModifier)': fallback shader 'TextMeshPro/Mobile/Distance Field (UIHsv)' not found
Shader 'TextMeshPro/Distance Field (UIHsvModifier)': fallback shader 'TextMeshPro/Mobile/Distance Field (UIHsv)' not found
Refreshing native plugins compatible for Editor in 33.17 ms, found 3 plugins.
Preloading 0 native plugins for Editor in 0.00 ms.
Unloading 6643 Unused Serialized files (Serialized files now loaded: 0)
Unloading 70 unused Assets / (1.9 MB). Loaded Objects now: 7423.
Memory consumption went from 0.76 GB to 0.75 GB.
Total: 5.517500 ms (FindLiveObjects: 0.287417 ms CreateObjectMapping: 0.099583 ms MarkObjects: 3.862750 ms  DeleteObjects: 1.267334 ms)

Prepare: number of updated asset objects reloaded= 0
AssetImportParameters requested are different than current active one (requested -> active):
  custom:container-demuxer-ogg: 62fdf1f143b41e24485cea50d1cbac27 -> 
  custom:container-muxer-webm: aa71ff27fc2769a1b78a27578f13a17b -> 
  custom:video-decoder-webm-vp8: 9c59270c3fd7afecdb556c50c9e8de78 -> 
  custom:SearchIndexIgnoredProperties: e643bd26f0fe6173181afceb89e7c659 -> 
  custom:AudioImporter_EditorPlatform: 3918e3fc78b5a79bad01e8451be0beb8 -> 
  custom:audio-decoder-ogg-vorbis: bf7c407c2cedff20999df2af8eb42d56 -> 
  custom:audio-encoder-webm-vorbis: bf7c407c2cedff20999df2af8eb42d56 -> 
  custom:scripting/precompiled-assembly-types:Assembly-CSharp: 9ab6a026f5680e3dda840a28d13b90c9 -> dd865f2bf1c65a1c7720113f429c2ed7
  custom:video-decoder-ogg-theora: a1e56fd34408186e4bbccfd4996cb3dc -> 
  custom:CustomObjectIndexerAttribute: 9a22284fe3817be447336de3de66b15e -> 
  custom:container-demuxer-webm: 4f35f7cbe854078d1ac9338744f61a02 -> 
  custom:framework-osx-AVFoundation: e770b220cccbd017edd2c1fefb359320 -> 
  custom:video-encoder-webm-vp8: eb34c28f22e8b96e1ab97ce403110664 -> 
========================================================================
Received Prepare
Caller must complete domain reload
Begin MonoManager ReloadAssembly
Thread 0x16b5c3000 may have been prematurely finalized
Symbol file LoadedFromMemory is not a mono symbol file
- Loaded All Assemblies, in  0.558 seconds
Native extension for Android target not found
Native extension for OSXStandalone target not found
Native extension for WebGL target not found
[Package Manager] Server::EnsureServerProcessIsRunning -- launch failed, reason: Unity was launched with the -noUpm command-line argument
[Package Manager] UpmClient::Send -- Unable to send message (not connected to UPM process).
[Package Manager] Cannot connect to Unity Package Manager local server
[Package Manager] Server::EnsureServerProcessIsRunning -- launch failed, reason: Unity was launched with the -noUpm command-line argument
[Package Manager] UpmClient::Send -- Unable to send message (not connected to UPM process).
[Package Manager] Cannot connect to Unity Package Manager local server
Mono: successfully reloaded assembly
- Finished resetting the current domain, in  1.434 seconds
Domain Reload Profiling: 1997ms
	BeginReloadAssembly (154ms)
		ExecutionOrderSort (0ms)
		DisableScriptedObjects (11ms)
		BackupInstance (0ms)
		ReleaseScriptingObjects (0ms)
		CreateAndSetChildDomain (54ms)
	RebuildCommonClasses (21ms)
	RebuildNativeTypeToScriptingClass (8ms)
	initialDomainReloadingComplete (22ms)
	LoadAllAssembliesAndSetupDomain (358ms)
		LoadAssemblies (357ms)
		RebuildTransferFunctionScriptingTraits (0ms)
		AnalyzeDomain (57ms)
			TypeCache.Refresh (37ms)
				TypeCache.ScanAssembly (0ms)
			ScanForSourceGeneratedMonoScriptInfo (1ms)
			ResolveRequiredComponents (15ms)
	FinalizeReload (1434ms)
		ReleaseScriptCaches (0ms)
		RebuildScriptCaches (0ms)
		SetupLoadedEditorAssemblies (526ms)
			LogAssemblyErrors (0ms)
			InitializePlatformSupportModulesInManaged (13ms)
			SetLoadedEditorAssemblies (10ms)
			RefreshPlugins (0ms)
			BeforeProcessingInitializeOnLoad (58ms)
			ProcessInitializeOnLoadAttributes (410ms)
			ProcessInitializeOnLoadMethodAttributes (33ms)
			AfterProcessingInitializeOnLoad (1ms)
			EditorAssembliesLoaded (1ms)
		ExecutionOrderSort2 (0ms)
		AwakeInstancesAfterBackupRestoration (7ms)
Shader 'TextMeshPro/Distance Field (UIHsvModifier)': fallback shader 'TextMeshPro/Mobile/Distance Field (UIHsv)' not found
Shader 'TextMeshPro/Distance Field (UIHsvModifier)': fallback shader 'TextMeshPro/Mobile/Distance Field (UIHsv)' not found
Refreshing native plugins compatible for Editor in 9.98 ms, found 3 plugins.
Preloading 0 native plugins for Editor in 0.00 ms.
Unloading 6643 Unused Serialized files (Serialized files now loaded: 0)
Unloading 70 unused Assets / (1.9 MB). Loaded Objects now: 7427.
Memory consumption went from 0.77 GB to 0.76 GB.
Total: 5.876334 ms (FindLiveObjects: 0.276333 ms CreateObjectMapping: 0.095000 ms MarkObjects: 4.240958 ms  DeleteObjects: 1.263167 ms)

Prepare: number of updated asset objects reloaded= 0
AssetImportParameters requested are different than current active one (requested -> active):
  custom:container-demuxer-ogg: 62fdf1f143b41e24485cea50d1cbac27 -> 
  custom:container-muxer-webm: aa71ff27fc2769a1b78a27578f13a17b -> 
  custom:video-decoder-webm-vp8: 9c59270c3fd7afecdb556c50c9e8de78 -> 
  custom:SearchIndexIgnoredProperties: e643bd26f0fe6173181afceb89e7c659 -> 
  custom:AudioImporter_EditorPlatform: 3918e3fc78b5a79bad01e8451be0beb8 -> 
  custom:audio-decoder-ogg-vorbis: bf7c407c2cedff20999df2af8eb42d56 -> 
  custom:audio-encoder-webm-vorbis: bf7c407c2cedff20999df2af8eb42d56 -> 
  custom:scripting/precompiled-assembly-types:Assembly-CSharp: 9ab6a026f5680e3dda840a28d13b90c9 -> dd865f2bf1c65a1c7720113f429c2ed7
  custom:video-decoder-ogg-theora: a1e56fd34408186e4bbccfd4996cb3dc -> 
  custom:CustomObjectIndexerAttribute: 9a22284fe3817be447336de3de66b15e -> 
  custom:container-demuxer-webm: 4f35f7cbe854078d1ac9338744f61a02 -> 
  custom:framework-osx-AVFoundation: e770b220cccbd017edd2c1fefb359320 -> 
  custom:video-encoder-webm-vp8: eb34c28f22e8b96e1ab97ce403110664 -> 
========================================================================
Received Prepare
Caller must complete domain reload
Begin MonoManager ReloadAssembly
Thread 0x16b5c3000 may have been prematurely finalized
Symbol file LoadedFromMemory is not a mono symbol file
- Loaded All Assemblies, in  0.880 seconds
Native extension for Android target not found
Native extension for OSXStandalone target not found
Native extension for WebGL target not found
[Package Manager] Server::EnsureServerProcessIsRunning -- launch failed, reason: Unity was launched with the -noUpm command-line argument
[Package Manager] UpmClient::Send -- Unable to send message (not connected to UPM process).
[Package Manager] Cannot connect to Unity Package Manager local server
[Package Manager] Server::EnsureServerProcessIsRunning -- launch failed, reason: Unity was launched with the -noUpm command-line argument
[Package Manager] UpmClient::Send -- Unable to send message (not connected to UPM process).
[Package Manager] Cannot connect to Unity Package Manager local server
Mono: successfully reloaded assembly
- Finished resetting the current domain, in  1.280 seconds
Domain Reload Profiling: 2160ms
	BeginReloadAssembly (241ms)
		ExecutionOrderSort (0ms)
		DisableScriptedObjects (19ms)
		BackupInstance (0ms)
		ReleaseScriptingObjects (0ms)
		CreateAndSetChildDomain (105ms)
	RebuildCommonClasses (22ms)
	RebuildNativeTypeToScriptingClass (8ms)
	initialDomainReloadingComplete (23ms)
	LoadAllAssembliesAndSetupDomain (587ms)
		LoadAssemblies (599ms)
		RebuildTransferFunctionScriptingTraits (0ms)
		AnalyzeDomain (68ms)
			TypeCache.Refresh (39ms)
				TypeCache.ScanAssembly (16ms)
			ScanForSourceGeneratedMonoScriptInfo (17ms)
			ResolveRequiredComponents (11ms)
	FinalizeReload (1280ms)
		ReleaseScriptCaches (0ms)
		RebuildScriptCaches (0ms)
		SetupLoadedEditorAssemblies (453ms)
			LogAssemblyErrors (0ms)
			InitializePlatformSupportModulesInManaged (9ms)
			SetLoadedEditorAssemblies (4ms)
			RefreshPlugins (0ms)
			BeforeProcessingInitializeOnLoad (49ms)
			ProcessInitializeOnLoadAttributes (361ms)
			ProcessInitializeOnLoadMethodAttributes (29ms)
			AfterProcessingInitializeOnLoad (1ms)
			EditorAssembliesLoaded (1ms)
		ExecutionOrderSort2 (0ms)
		AwakeInstancesAfterBackupRestoration (7ms)
Shader 'TextMeshPro/Distance Field (UIHsvModifier)': fallback shader 'TextMeshPro/Mobile/Distance Field (UIHsv)' not found
Shader 'TextMeshPro/Distance Field (UIHsvModifier)': fallback shader 'TextMeshPro/Mobile/Distance Field (UIHsv)' not found
Refreshing native plugins compatible for Editor in 36.66 ms, found 3 plugins.
Preloading 0 native plugins for Editor in 0.00 ms.
Unloading 6643 Unused Serialized files (Serialized files now loaded: 0)
Unloading 70 unused Assets / (1.9 MB). Loaded Objects now: 7431.
Memory consumption went from 0.78 GB to 0.77 GB.
Total: 8.110375 ms (FindLiveObjects: 0.458000 ms CreateObjectMapping: 0.088625 ms MarkObjects: 6.547708 ms  DeleteObjects: 1.015250 ms)

Prepare: number of updated asset objects reloaded= 0
AssetImportParameters requested are different than current active one (requested -> active):
  custom:container-demuxer-ogg: 62fdf1f143b41e24485cea50d1cbac27 -> 
  custom:container-muxer-webm: aa71ff27fc2769a1b78a27578f13a17b -> 
  custom:video-decoder-webm-vp8: 9c59270c3fd7afecdb556c50c9e8de78 -> 
  custom:SearchIndexIgnoredProperties: e643bd26f0fe6173181afceb89e7c659 -> 
  custom:AudioImporter_EditorPlatform: 3918e3fc78b5a79bad01e8451be0beb8 -> 
  custom:audio-decoder-ogg-vorbis: bf7c407c2cedff20999df2af8eb42d56 -> 
  custom:audio-encoder-webm-vorbis: bf7c407c2cedff20999df2af8eb42d56 -> 
  custom:scripting/precompiled-assembly-types:Assembly-CSharp: 9ab6a026f5680e3dda840a28d13b90c9 -> dd865f2bf1c65a1c7720113f429c2ed7
  custom:video-decoder-ogg-theora: a1e56fd34408186e4bbccfd4996cb3dc -> 
  custom:CustomObjectIndexerAttribute: 9a22284fe3817be447336de3de66b15e -> 
  custom:container-demuxer-webm: 4f35f7cbe854078d1ac9338744f61a02 -> 
  custom:framework-osx-AVFoundation: e770b220cccbd017edd2c1fefb359320 -> 
  custom:video-encoder-webm-vp8: eb34c28f22e8b96e1ab97ce403110664 -> 
========================================================================
Received Prepare
Caller must complete domain reload
Begin MonoManager ReloadAssembly
Thread 0x16b5c3000 may have been prematurely finalized
Symbol file LoadedFromMemory is not a mono symbol file
- Loaded All Assemblies, in  0.625 seconds
Native extension for Android target not found
Native extension for OSXStandalone target not found
Native extension for WebGL target not found
[Package Manager] Server::EnsureServerProcessIsRunning -- launch failed, reason: Unity was launched with the -noUpm command-line argument
[Package Manager] UpmClient::Send -- Unable to send message (not connected to UPM process).
[Package Manager] Cannot connect to Unity Package Manager local server
[Package Manager] Server::EnsureServerProcessIsRunning -- launch failed, reason: Unity was launched with the -noUpm command-line argument
[Package Manager] UpmClient::Send -- Unable to send message (not connected to UPM process).
[Package Manager] Cannot connect to Unity Package Manager local server
Mono: successfully reloaded assembly
- Finished resetting the current domain, in  1.948 seconds
Domain Reload Profiling: 2575ms
	BeginReloadAssembly (174ms)
		ExecutionOrderSort (0ms)
		DisableScriptedObjects (12ms)
		BackupInstance (0ms)
		ReleaseScriptingObjects (0ms)
		CreateAndSetChildDomain (49ms)
	RebuildCommonClasses (23ms)
	RebuildNativeTypeToScriptingClass (8ms)
	initialDomainReloadingComplete (24ms)
	LoadAllAssembliesAndSetupDomain (397ms)
		LoadAssemblies (442ms)
		RebuildTransferFunctionScriptingTraits (0ms)
		AnalyzeDomain (29ms)
			TypeCache.Refresh (16ms)
				TypeCache.ScanAssembly (0ms)
			ScanForSourceGeneratedMonoScriptInfo (0ms)
			ResolveRequiredComponents (11ms)
	FinalizeReload (1949ms)
		ReleaseScriptCaches (0ms)
		RebuildScriptCaches (0ms)
		SetupLoadedEditorAssemblies (592ms)
			LogAssemblyErrors (0ms)
			InitializePlatformSupportModulesInManaged (10ms)
			SetLoadedEditorAssemblies (5ms)
			RefreshPlugins (0ms)
			BeforeProcessingInitializeOnLoad (56ms)
			ProcessInitializeOnLoadAttributes (484ms)
			ProcessInitializeOnLoadMethodAttributes (36ms)
			AfterProcessingInitializeOnLoad (1ms)
			EditorAssembliesLoaded (0ms)
		ExecutionOrderSort2 (0ms)
		AwakeInstancesAfterBackupRestoration (8ms)
Shader 'TextMeshPro/Distance Field (UIHsvModifier)': fallback shader 'TextMeshPro/Mobile/Distance Field (UIHsv)' not found
Shader 'TextMeshPro/Distance Field (UIHsvModifier)': fallback shader 'TextMeshPro/Mobile/Distance Field (UIHsv)' not found
Refreshing native plugins compatible for Editor in 39.75 ms, found 3 plugins.
Preloading 0 native plugins for Editor in 0.00 ms.
Unloading 6643 Unused Serialized files (Serialized files now loaded: 0)
Unloading 70 unused Assets / (1.8 MB). Loaded Objects now: 7435.
Memory consumption went from 0.78 GB to 0.78 GB.
Total: 4.957542 ms (FindLiveObjects: 0.489875 ms CreateObjectMapping: 0.091083 ms MarkObjects: 3.443667 ms  DeleteObjects: 0.930875 ms)

Prepare: number of updated asset objects reloaded= 0
AssetImportParameters requested are different than current active one (requested -> active):
  custom:container-demuxer-ogg: 62fdf1f143b41e24485cea50d1cbac27 -> 
  custom:container-muxer-webm: aa71ff27fc2769a1b78a27578f13a17b -> 
  custom:video-decoder-webm-vp8: 9c59270c3fd7afecdb556c50c9e8de78 -> 
  custom:SearchIndexIgnoredProperties: e643bd26f0fe6173181afceb89e7c659 -> 
  custom:AudioImporter_EditorPlatform: 3918e3fc78b5a79bad01e8451be0beb8 -> 
  custom:audio-decoder-ogg-vorbis: bf7c407c2cedff20999df2af8eb42d56 -> 
  custom:audio-encoder-webm-vorbis: bf7c407c2cedff20999df2af8eb42d56 -> 
  custom:scripting/precompiled-assembly-types:Assembly-CSharp: 9ab6a026f5680e3dda840a28d13b90c9 -> dd865f2bf1c65a1c7720113f429c2ed7
  custom:video-decoder-ogg-theora: a1e56fd34408186e4bbccfd4996cb3dc -> 
  custom:CustomObjectIndexerAttribute: 9a22284fe3817be447336de3de66b15e -> 
  custom:container-demuxer-webm: 4f35f7cbe854078d1ac9338744f61a02 -> 
  custom:framework-osx-AVFoundation: e770b220cccbd017edd2c1fefb359320 -> 
  custom:video-encoder-webm-vp8: eb34c28f22e8b96e1ab97ce403110664 -> 
========================================================================
Received Prepare
Caller must complete domain reload
Begin MonoManager ReloadAssembly
Thread 0x16b5c3000 may have been prematurely finalized
Symbol file LoadedFromMemory is not a mono symbol file
- Loaded All Assemblies, in  0.726 seconds
Native extension for Android target not found
Native extension for OSXStandalone target not found
Native extension for WebGL target not found
[Package Manager] Server::EnsureServerProcessIsRunning -- launch failed, reason: Unity was launched with the -noUpm command-line argument
[Package Manager] UpmClient::Send -- Unable to send message (not connected to UPM process).
[Package Manager] Cannot connect to Unity Package Manager local server
[Package Manager] Server::EnsureServerProcessIsRunning -- launch failed, reason: Unity was launched with the -noUpm command-line argument
[Package Manager] UpmClient::Send -- Unable to send message (not connected to UPM process).
[Package Manager] Cannot connect to Unity Package Manager local server
Mono: successfully reloaded assembly
- Finished resetting the current domain, in  1.663 seconds
Domain Reload Profiling: 2390ms
	BeginReloadAssembly (195ms)
		ExecutionOrderSort (0ms)
		DisableScriptedObjects (9ms)
		BackupInstance (0ms)
		ReleaseScriptingObjects (0ms)
		CreateAndSetChildDomain (60ms)
	RebuildCommonClasses (22ms)
	RebuildNativeTypeToScriptingClass (9ms)
	initialDomainReloadingComplete (19ms)
	LoadAllAssembliesAndSetupDomain (482ms)
		LoadAssemblies (498ms)
		RebuildTransferFunctionScriptingTraits (0ms)
		AnalyzeDomain (85ms)
			TypeCache.Refresh (52ms)
				TypeCache.ScanAssembly (15ms)
			ScanForSourceGeneratedMonoScriptInfo (24ms)
			ResolveRequiredComponents (8ms)
	FinalizeReload (1664ms)
		ReleaseScriptCaches (0ms)
		RebuildScriptCaches (0ms)
		SetupLoadedEditorAssemblies (480ms)
			LogAssemblyErrors (0ms)
			InitializePlatformSupportModulesInManaged (11ms)
			SetLoadedEditorAssemblies (4ms)
			RefreshPlugins (0ms)
			BeforeProcessingInitializeOnLoad (50ms)
			ProcessInitializeOnLoadAttributes (386ms)
			ProcessInitializeOnLoadMethodAttributes (28ms)
			AfterProcessingInitializeOnLoad (1ms)
			EditorAssembliesLoaded (0ms)
		ExecutionOrderSort2 (0ms)
		AwakeInstancesAfterBackupRestoration (6ms)
Shader 'TextMeshPro/Distance Field (UIHsvModifier)': fallback shader 'TextMeshPro/Mobile/Distance Field (UIHsv)' not found
Shader 'TextMeshPro/Distance Field (UIHsvModifier)': fallback shader 'TextMeshPro/Mobile/Distance Field (UIHsv)' not found
Refreshing native plugins compatible for Editor in 7.15 ms, found 3 plugins.
Preloading 0 native plugins for Editor in 0.00 ms.
Unloading 6643 Unused Serialized files (Serialized files now loaded: 0)
Unloading 70 unused Assets / (1.8 MB). Loaded Objects now: 7439.
Memory consumption went from 0.79 GB to 0.79 GB.
Total: 4.956917 ms (FindLiveObjects: 0.320833 ms CreateObjectMapping: 0.095833 ms MarkObjects: 3.505375 ms  DeleteObjects: 1.034333 ms)

Prepare: number of updated asset objects reloaded= 0
AssetImportParameters requested are different than current active one (requested -> active):
  custom:container-demuxer-ogg: 62fdf1f143b41e24485cea50d1cbac27 -> 
  custom:container-muxer-webm: aa71ff27fc2769a1b78a27578f13a17b -> 
  custom:video-decoder-webm-vp8: 9c59270c3fd7afecdb556c50c9e8de78 -> 
  custom:SearchIndexIgnoredProperties: e643bd26f0fe6173181afceb89e7c659 -> 
  custom:AudioImporter_EditorPlatform: 3918e3fc78b5a79bad01e8451be0beb8 -> 
  custom:audio-decoder-ogg-vorbis: bf7c407c2cedff20999df2af8eb42d56 -> 
  custom:audio-encoder-webm-vorbis: bf7c407c2cedff20999df2af8eb42d56 -> 
  custom:scripting/precompiled-assembly-types:Assembly-CSharp: 9ab6a026f5680e3dda840a28d13b90c9 -> dd865f2bf1c65a1c7720113f429c2ed7
  custom:video-decoder-ogg-theora: a1e56fd34408186e4bbccfd4996cb3dc -> 
  custom:CustomObjectIndexerAttribute: 9a22284fe3817be447336de3de66b15e -> 
  custom:container-demuxer-webm: 4f35f7cbe854078d1ac9338744f61a02 -> 
  custom:framework-osx-AVFoundation: e770b220cccbd017edd2c1fefb359320 -> 
  custom:video-encoder-webm-vp8: eb34c28f22e8b96e1ab97ce403110664 -> 
========================================================================
Received Prepare
Caller must complete domain reload
Begin MonoManager ReloadAssembly
Thread 0x16b5c3000 may have been prematurely finalized
Symbol file LoadedFromMemory is not a mono symbol file
- Loaded All Assemblies, in  0.495 seconds
Native extension for Android target not found
Native extension for OSXStandalone target not found
Native extension for WebGL target not found
[Package Manager] Server::EnsureServerProcessIsRunning -- launch failed, reason: Unity was launched with the -noUpm command-line argument
[Package Manager] UpmClient::Send -- Unable to send message (not connected to UPM process).
[Package Manager] Cannot connect to Unity Package Manager local server
[Package Manager] Server::EnsureServerProcessIsRunning -- launch failed, reason: Unity was launched with the -noUpm command-line argument
[Package Manager] UpmClient::Send -- Unable to send message (not connected to UPM process).
[Package Manager] Cannot connect to Unity Package Manager local server
Mono: successfully reloaded assembly
- Finished resetting the current domain, in  1.478 seconds
Domain Reload Profiling: 1975ms
	BeginReloadAssembly (129ms)
		ExecutionOrderSort (0ms)
		DisableScriptedObjects (12ms)
		BackupInstance (0ms)
		ReleaseScriptingObjects (0ms)
		CreateAndSetChildDomain (50ms)
	RebuildCommonClasses (21ms)
	RebuildNativeTypeToScriptingClass (8ms)
	initialDomainReloadingComplete (21ms)
	LoadAllAssembliesAndSetupDomain (318ms)
		LoadAssemblies (299ms)
		RebuildTransferFunctionScriptingTraits (0ms)
		AnalyzeDomain (59ms)
			TypeCache.Refresh (45ms)
				TypeCache.ScanAssembly (0ms)
			ScanForSourceGeneratedMonoScriptInfo (0ms)
			ResolveRequiredComponents (13ms)
	FinalizeReload (1479ms)
		ReleaseScriptCaches (0ms)
		RebuildScriptCaches (0ms)
		SetupLoadedEditorAssemblies (525ms)
			LogAssemblyErrors (0ms)
			InitializePlatformSupportModulesInManaged (14ms)
			SetLoadedEditorAssemblies (5ms)
			RefreshPlugins (0ms)
			BeforeProcessingInitializeOnLoad (52ms)
			ProcessInitializeOnLoadAttributes (420ms)
			ProcessInitializeOnLoadMethodAttributes (33ms)
			AfterProcessingInitializeOnLoad (1ms)
			EditorAssembliesLoaded (1ms)
		ExecutionOrderSort2 (0ms)
		AwakeInstancesAfterBackupRestoration (7ms)
Shader 'TextMeshPro/Distance Field (UIHsvModifier)': fallback shader 'TextMeshPro/Mobile/Distance Field (UIHsv)' not found
Shader 'TextMeshPro/Distance Field (UIHsvModifier)': fallback shader 'TextMeshPro/Mobile/Distance Field (UIHsv)' not found
Refreshing native plugins compatible for Editor in 10.92 ms, found 3 plugins.
Preloading 0 native plugins for Editor in 0.00 ms.
Unloading 6643 Unused Serialized files (Serialized files now loaded: 0)
Unloading 70 unused Assets / (1.9 MB). Loaded Objects now: 7443.
Memory consumption went from 0.80 GB to 0.80 GB.
Total: 6.387958 ms (FindLiveObjects: 0.314625 ms CreateObjectMapping: 0.101417 ms MarkObjects: 4.846250 ms  DeleteObjects: 1.124875 ms)

Prepare: number of updated asset objects reloaded= 0
AssetImportParameters requested are different than current active one (requested -> active):
  custom:container-demuxer-ogg: 62fdf1f143b41e24485cea50d1cbac27 -> 
  custom:container-muxer-webm: aa71ff27fc2769a1b78a27578f13a17b -> 
  custom:video-decoder-webm-vp8: 9c59270c3fd7afecdb556c50c9e8de78 -> 
  custom:SearchIndexIgnoredProperties: e643bd26f0fe6173181afceb89e7c659 -> 
  custom:AudioImporter_EditorPlatform: 3918e3fc78b5a79bad01e8451be0beb8 -> 
  custom:audio-decoder-ogg-vorbis: bf7c407c2cedff20999df2af8eb42d56 -> 
  custom:audio-encoder-webm-vorbis: bf7c407c2cedff20999df2af8eb42d56 -> 
  custom:scripting/precompiled-assembly-types:Assembly-CSharp: 9ab6a026f5680e3dda840a28d13b90c9 -> dd865f2bf1c65a1c7720113f429c2ed7
  custom:video-decoder-ogg-theora: a1e56fd34408186e4bbccfd4996cb3dc -> 
  custom:CustomObjectIndexerAttribute: 9a22284fe3817be447336de3de66b15e -> 
  custom:container-demuxer-webm: 4f35f7cbe854078d1ac9338744f61a02 -> 
  custom:framework-osx-AVFoundation: e770b220cccbd017edd2c1fefb359320 -> 
  custom:video-encoder-webm-vp8: eb34c28f22e8b96e1ab97ce403110664 -> 
========================================================================
Received Prepare
Caller must complete domain reload
Begin MonoManager ReloadAssembly
Thread 0x16b5c3000 may have been prematurely finalized
Symbol file LoadedFromMemory is not a mono symbol file
- Loaded All Assemblies, in  0.522 seconds
Native extension for Android target not found
Native extension for OSXStandalone target not found
Native extension for WebGL target not found
[Package Manager] Server::EnsureServerProcessIsRunning -- launch failed, reason: Unity was launched with the -noUpm command-line argument
[Package Manager] UpmClient::Send -- Unable to send message (not connected to UPM process).
[Package Manager] Cannot connect to Unity Package Manager local server
[Package Manager] Server::EnsureServerProcessIsRunning -- launch failed, reason: Unity was launched with the -noUpm command-line argument
[Package Manager] UpmClient::Send -- Unable to send message (not connected to UPM process).
[Package Manager] Cannot connect to Unity Package Manager local server
Mono: successfully reloaded assembly
- Finished resetting the current domain, in  1.177 seconds
Domain Reload Profiling: 1699ms
	BeginReloadAssembly (114ms)
		ExecutionOrderSort (0ms)
		DisableScriptedObjects (7ms)
		BackupInstance (0ms)
		ReleaseScriptingObjects (0ms)
		CreateAndSetChildDomain (45ms)
	RebuildCommonClasses (20ms)
	RebuildNativeTypeToScriptingClass (11ms)
	initialDomainReloadingComplete (19ms)
	LoadAllAssembliesAndSetupDomain (357ms)
		LoadAssemblies (329ms)
		RebuildTransferFunctionScriptingTraits (0ms)
		AnalyzeDomain (66ms)
			TypeCache.Refresh (41ms)
				TypeCache.ScanAssembly (13ms)
			ScanForSourceGeneratedMonoScriptInfo (14ms)
			ResolveRequiredComponents (10ms)
	FinalizeReload (1177ms)
		ReleaseScriptCaches (0ms)
		RebuildScriptCaches (0ms)
		SetupLoadedEditorAssemblies (450ms)
			LogAssemblyErrors (0ms)
			InitializePlatformSupportModulesInManaged (11ms)
			SetLoadedEditorAssemblies (4ms)
			RefreshPlugins (0ms)
			BeforeProcessingInitializeOnLoad (49ms)
			ProcessInitializeOnLoadAttributes (359ms)
			ProcessInitializeOnLoadMethodAttributes (27ms)
			AfterProcessingInitializeOnLoad (1ms)
			EditorAssembliesLoaded (0ms)
		ExecutionOrderSort2 (0ms)
		AwakeInstancesAfterBackupRestoration (6ms)
Shader 'TextMeshPro/Distance Field (UIHsvModifier)': fallback shader 'TextMeshPro/Mobile/Distance Field (UIHsv)' not found
Shader 'TextMeshPro/Distance Field (UIHsvModifier)': fallback shader 'TextMeshPro/Mobile/Distance Field (UIHsv)' not found
Refreshing native plugins compatible for Editor in 6.72 ms, found 3 plugins.
Preloading 0 native plugins for Editor in 0.00 ms.
Unloading 6643 Unused Serialized files (Serialized files now loaded: 0)
Unloading 70 unused Assets / (1.9 MB). Loaded Objects now: 7447.
Memory consumption went from 0.81 GB to 0.81 GB.
Total: 4.309666 ms (FindLiveObjects: 0.300500 ms CreateObjectMapping: 0.089458 ms MarkObjects: 2.952000 ms  DeleteObjects: 0.967083 ms)

Prepare: number of updated asset objects reloaded= 0
AssetImportParameters requested are different than current active one (requested -> active):
  custom:container-demuxer-ogg: 62fdf1f143b41e24485cea50d1cbac27 -> 
  custom:container-muxer-webm: aa71ff27fc2769a1b78a27578f13a17b -> 
  custom:video-decoder-webm-vp8: 9c59270c3fd7afecdb556c50c9e8de78 -> 
  custom:SearchIndexIgnoredProperties: e643bd26f0fe6173181afceb89e7c659 -> 
  custom:AudioImporter_EditorPlatform: 3918e3fc78b5a79bad01e8451be0beb8 -> 
  custom:audio-decoder-ogg-vorbis: bf7c407c2cedff20999df2af8eb42d56 -> 
  custom:audio-encoder-webm-vorbis: bf7c407c2cedff20999df2af8eb42d56 -> 
  custom:scripting/precompiled-assembly-types:Assembly-CSharp: 9ab6a026f5680e3dda840a28d13b90c9 -> dd865f2bf1c65a1c7720113f429c2ed7
  custom:video-decoder-ogg-theora: a1e56fd34408186e4bbccfd4996cb3dc -> 
  custom:CustomObjectIndexerAttribute: 9a22284fe3817be447336de3de66b15e -> 
  custom:container-demuxer-webm: 4f35f7cbe854078d1ac9338744f61a02 -> 
  custom:framework-osx-AVFoundation: e770b220cccbd017edd2c1fefb359320 -> 
  custom:video-encoder-webm-vp8: eb34c28f22e8b96e1ab97ce403110664 -> 
========================================================================
Received Prepare
Caller must complete domain reload
Begin MonoManager ReloadAssembly
Thread 0x16b5c3000 may have been prematurely finalized
Symbol file LoadedFromMemory is not a mono symbol file
- Loaded All Assemblies, in  0.490 seconds
Native extension for Android target not found
Native extension for OSXStandalone target not found
Native extension for WebGL target not found
[Package Manager] Server::EnsureServerProcessIsRunning -- launch failed, reason: Unity was launched with the -noUpm command-line argument
[Package Manager] UpmClient::Send -- Unable to send message (not connected to UPM process).
[Package Manager] Cannot connect to Unity Package Manager local server
[Package Manager] Server::EnsureServerProcessIsRunning -- launch failed, reason: Unity was launched with the -noUpm command-line argument
[Package Manager] UpmClient::Send -- Unable to send message (not connected to UPM process).
[Package Manager] Cannot connect to Unity Package Manager local server
Mono: successfully reloaded assembly
- Finished resetting the current domain, in  1.053 seconds
Domain Reload Profiling: 1543ms
	BeginReloadAssembly (147ms)
		ExecutionOrderSort (0ms)
		DisableScriptedObjects (9ms)
		BackupInstance (0ms)
		ReleaseScriptingObjects (0ms)
		CreateAndSetChildDomain (53ms)
	RebuildCommonClasses (22ms)
	RebuildNativeTypeToScriptingClass (8ms)
	initialDomainReloadingComplete (21ms)
	LoadAllAssembliesAndSetupDomain (292ms)
		LoadAssemblies (322ms)
		RebuildTransferFunctionScriptingTraits (0ms)
		AnalyzeDomain (32ms)
			TypeCache.Refresh (23ms)
				TypeCache.ScanAssembly (0ms)
			ScanForSourceGeneratedMonoScriptInfo (0ms)
			ResolveRequiredComponents (8ms)
	FinalizeReload (1053ms)
		ReleaseScriptCaches (0ms)
		RebuildScriptCaches (0ms)
		SetupLoadedEditorAssemblies (505ms)
			LogAssemblyErrors (0ms)
			InitializePlatformSupportModulesInManaged (13ms)
			SetLoadedEditorAssemblies (7ms)
			RefreshPlugins (0ms)
			BeforeProcessingInitializeOnLoad (53ms)
			ProcessInitializeOnLoadAttributes (400ms)
			ProcessInitializeOnLoadMethodAttributes (31ms)
			AfterProcessingInitializeOnLoad (1ms)
			EditorAssembliesLoaded (1ms)
		ExecutionOrderSort2 (0ms)
		AwakeInstancesAfterBackupRestoration (7ms)
Shader 'TextMeshPro/Distance Field (UIHsvModifier)': fallback shader 'TextMeshPro/Mobile/Distance Field (UIHsv)' not found
Shader 'TextMeshPro/Distance Field (UIHsvModifier)': fallback shader 'TextMeshPro/Mobile/Distance Field (UIHsv)' not found
Refreshing native plugins compatible for Editor in 9.35 ms, found 3 plugins.
Preloading 0 native plugins for Editor in 0.00 ms.
Unloading 6643 Unused Serialized files (Serialized files now loaded: 0)
Unloading 70 unused Assets / (1.9 MB). Loaded Objects now: 7451.
Memory consumption went from 0.82 GB to 0.82 GB.
Total: 6.341041 ms (FindLiveObjects: 0.359584 ms CreateObjectMapping: 0.096791 ms MarkObjects: 4.622125 ms  DeleteObjects: 1.261000 ms)

Prepare: number of updated asset objects reloaded= 0
AssetImportParameters requested are different than current active one (requested -> active):
  custom:container-demuxer-ogg: 62fdf1f143b41e24485cea50d1cbac27 -> 
  custom:container-muxer-webm: aa71ff27fc2769a1b78a27578f13a17b -> 
  custom:video-decoder-webm-vp8: 9c59270c3fd7afecdb556c50c9e8de78 -> 
  custom:SearchIndexIgnoredProperties: e643bd26f0fe6173181afceb89e7c659 -> 
  custom:AudioImporter_EditorPlatform: 3918e3fc78b5a79bad01e8451be0beb8 -> 
  custom:audio-decoder-ogg-vorbis: bf7c407c2cedff20999df2af8eb42d56 -> 
  custom:audio-encoder-webm-vorbis: bf7c407c2cedff20999df2af8eb42d56 -> 
  custom:scripting/precompiled-assembly-types:Assembly-CSharp: 9ab6a026f5680e3dda840a28d13b90c9 -> dd865f2bf1c65a1c7720113f429c2ed7
  custom:video-decoder-ogg-theora: a1e56fd34408186e4bbccfd4996cb3dc -> 
  custom:CustomObjectIndexerAttribute: 9a22284fe3817be447336de3de66b15e -> 
  custom:container-demuxer-webm: 4f35f7cbe854078d1ac9338744f61a02 -> 
  custom:framework-osx-AVFoundation: e770b220cccbd017edd2c1fefb359320 -> 
  custom:video-encoder-webm-vp8: eb34c28f22e8b96e1ab97ce403110664 -> 
========================================================================
Received Prepare
Caller must complete domain reload
Begin MonoManager ReloadAssembly
Thread 0x16b5c3000 may have been prematurely finalized
Symbol file LoadedFromMemory is not a mono symbol file
- Loaded All Assemblies, in  0.575 seconds
Native extension for Android target not found
Native extension for OSXStandalone target not found
Native extension for WebGL target not found
[Package Manager] Server::EnsureServerProcessIsRunning -- launch failed, reason: Unity was launched with the -noUpm command-line argument
[Package Manager] UpmClient::Send -- Unable to send message (not connected to UPM process).
[Package Manager] Cannot connect to Unity Package Manager local server
[Package Manager] Server::EnsureServerProcessIsRunning -- launch failed, reason: Unity was launched with the -noUpm command-line argument
[Package Manager] UpmClient::Send -- Unable to send message (not connected to UPM process).
[Package Manager] Cannot connect to Unity Package Manager local server
Mono: successfully reloaded assembly
- Finished resetting the current domain, in  1.240 seconds
Domain Reload Profiling: 1815ms
	BeginReloadAssembly (123ms)
		ExecutionOrderSort (0ms)
		DisableScriptedObjects (8ms)
		BackupInstance (0ms)
		ReleaseScriptingObjects (0ms)
		CreateAndSetChildDomain (49ms)
	RebuildCommonClasses (20ms)
	RebuildNativeTypeToScriptingClass (8ms)
	initialDomainReloadingComplete (25ms)
	LoadAllAssembliesAndSetupDomain (400ms)
		LoadAssemblies (330ms)
		RebuildTransferFunctionScriptingTraits (0ms)
		AnalyzeDomain (110ms)
			TypeCache.Refresh (89ms)
				TypeCache.ScanAssembly (19ms)
			ScanForSourceGeneratedMonoScriptInfo (11ms)
			ResolveRequiredComponents (9ms)
	FinalizeReload (1240ms)
		ReleaseScriptCaches (0ms)
		RebuildScriptCaches (0ms)
		SetupLoadedEditorAssemblies (454ms)
			LogAssemblyErrors (0ms)
			InitializePlatformSupportModulesInManaged (9ms)
			SetLoadedEditorAssemblies (6ms)
			RefreshPlugins (0ms)
			BeforeProcessingInitializeOnLoad (51ms)
			ProcessInitializeOnLoadAttributes (358ms)
			ProcessInitializeOnLoadMethodAttributes (28ms)
			AfterProcessingInitializeOnLoad (1ms)
			EditorAssembliesLoaded (0ms)
		ExecutionOrderSort2 (0ms)
		AwakeInstancesAfterBackupRestoration (6ms)
Shader 'TextMeshPro/Distance Field (UIHsvModifier)': fallback shader 'TextMeshPro/Mobile/Distance Field (UIHsv)' not found
Shader 'TextMeshPro/Distance Field (UIHsvModifier)': fallback shader 'TextMeshPro/Mobile/Distance Field (UIHsv)' not found
Refreshing native plugins compatible for Editor in 7.09 ms, found 3 plugins.
Preloading 0 native plugins for Editor in 0.00 ms.
Unloading 6643 Unused Serialized files (Serialized files now loaded: 0)
Unloading 70 unused Assets / (1.8 MB). Loaded Objects now: 7455.
Memory consumption went from 0.83 GB to 0.83 GB.
Total: 4.303500 ms (FindLiveObjects: 0.300250 ms CreateObjectMapping: 0.087958 ms MarkObjects: 3.029500 ms  DeleteObjects: 0.885209 ms)

Prepare: number of updated asset objects reloaded= 0
AssetImportParameters requested are different than current active one (requested -> active):
  custom:container-demuxer-ogg: 62fdf1f143b41e24485cea50d1cbac27 -> 
  custom:container-muxer-webm: aa71ff27fc2769a1b78a27578f13a17b -> 
  custom:video-decoder-webm-vp8: 9c59270c3fd7afecdb556c50c9e8de78 -> 
  custom:SearchIndexIgnoredProperties: e643bd26f0fe6173181afceb89e7c659 -> 
  custom:AudioImporter_EditorPlatform: 3918e3fc78b5a79bad01e8451be0beb8 -> 
  custom:audio-decoder-ogg-vorbis: bf7c407c2cedff20999df2af8eb42d56 -> 
  custom:audio-encoder-webm-vorbis: bf7c407c2cedff20999df2af8eb42d56 -> 
  custom:scripting/precompiled-assembly-types:Assembly-CSharp: 9ab6a026f5680e3dda840a28d13b90c9 -> dd865f2bf1c65a1c7720113f429c2ed7
  custom:video-decoder-ogg-theora: a1e56fd34408186e4bbccfd4996cb3dc -> 
  custom:CustomObjectIndexerAttribute: 9a22284fe3817be447336de3de66b15e -> 
  custom:container-demuxer-webm: 4f35f7cbe854078d1ac9338744f61a02 -> 
  custom:framework-osx-AVFoundation: e770b220cccbd017edd2c1fefb359320 -> 
  custom:video-encoder-webm-vp8: eb34c28f22e8b96e1ab97ce403110664 -> 
========================================================================
Received Prepare
Caller must complete domain reload
Begin MonoManager ReloadAssembly
Thread 0x16b5c3000 may have been prematurely finalized
Symbol file LoadedFromMemory is not a mono symbol file
- Loaded All Assemblies, in  0.474 seconds
Native extension for Android target not found
Native extension for OSXStandalone target not found
Native extension for WebGL target not found
[Package Manager] Server::EnsureServerProcessIsRunning -- launch failed, reason: Unity was launched with the -noUpm command-line argument
[Package Manager] UpmClient::Send -- Unable to send message (not connected to UPM process).
[Package Manager] Cannot connect to Unity Package Manager local server
[Package Manager] Server::EnsureServerProcessIsRunning -- launch failed, reason: Unity was launched with the -noUpm command-line argument
[Package Manager] UpmClient::Send -- Unable to send message (not connected to UPM process).
[Package Manager] Cannot connect to Unity Package Manager local server
Mono: successfully reloaded assembly
- Finished resetting the current domain, in  0.792 seconds
Domain Reload Profiling: 1267ms
	BeginReloadAssembly (132ms)
		ExecutionOrderSort (0ms)
		DisableScriptedObjects (11ms)
		BackupInstance (0ms)
		ReleaseScriptingObjects (0ms)
		CreateAndSetChildDomain (51ms)
	RebuildCommonClasses (21ms)
	RebuildNativeTypeToScriptingClass (8ms)
	initialDomainReloadingComplete (24ms)
	LoadAllAssembliesAndSetupDomain (289ms)
		LoadAssemblies (294ms)
		RebuildTransferFunctionScriptingTraits (0ms)
		AnalyzeDomain (38ms)
			TypeCache.Refresh (24ms)
				TypeCache.ScanAssembly (0ms)
			ScanForSourceGeneratedMonoScriptInfo (0ms)
			ResolveRequiredComponents (12ms)
	FinalizeReload (792ms)
		ReleaseScriptCaches (0ms)
		RebuildScriptCaches (0ms)
		SetupLoadedEditorAssemblies (477ms)
			LogAssemblyErrors (0ms)
			InitializePlatformSupportModulesInManaged (13ms)
			SetLoadedEditorAssemblies (4ms)
			RefreshPlugins (0ms)
			BeforeProcessingInitializeOnLoad (51ms)
			ProcessInitializeOnLoadAttributes (380ms)
			ProcessInitializeOnLoadMethodAttributes (27ms)
			AfterProcessingInitializeOnLoad (1ms)
			EditorAssembliesLoaded (0ms)
		ExecutionOrderSort2 (0ms)
		AwakeInstancesAfterBackupRestoration (6ms)
Shader 'TextMeshPro/Distance Field (UIHsvModifier)': fallback shader 'TextMeshPro/Mobile/Distance Field (UIHsv)' not found
Shader 'TextMeshPro/Distance Field (UIHsvModifier)': fallback shader 'TextMeshPro/Mobile/Distance Field (UIHsv)' not found
Refreshing native plugins compatible for Editor in 7.54 ms, found 3 plugins.
Preloading 0 native plugins for Editor in 0.00 ms.
Unloading 6643 Unused Serialized files (Serialized files now loaded: 0)
Unloading 70 unused Assets / (1.9 MB). Loaded Objects now: 7459.
Memory consumption went from 0.84 GB to 0.84 GB.
Total: 14.886458 ms (FindLiveObjects: 0.349834 ms CreateObjectMapping: 0.142666 ms MarkObjects: 13.001125 ms  DeleteObjects: 1.392166 ms)

Prepare: number of updated asset objects reloaded= 0
AssetImportParameters requested are different than current active one (requested -> active):
  custom:container-demuxer-ogg: 62fdf1f143b41e24485cea50d1cbac27 -> 
  custom:container-muxer-webm: aa71ff27fc2769a1b78a27578f13a17b -> 
  custom:video-decoder-webm-vp8: 9c59270c3fd7afecdb556c50c9e8de78 -> 
  custom:SearchIndexIgnoredProperties: e643bd26f0fe6173181afceb89e7c659 -> 
  custom:AudioImporter_EditorPlatform: 3918e3fc78b5a79bad01e8451be0beb8 -> 
  custom:audio-decoder-ogg-vorbis: bf7c407c2cedff20999df2af8eb42d56 -> 
  custom:audio-encoder-webm-vorbis: bf7c407c2cedff20999df2af8eb42d56 -> 
  custom:scripting/precompiled-assembly-types:Assembly-CSharp: 9ab6a026f5680e3dda840a28d13b90c9 -> dd865f2bf1c65a1c7720113f429c2ed7
  custom:video-decoder-ogg-theora: a1e56fd34408186e4bbccfd4996cb3dc -> 
  custom:CustomObjectIndexerAttribute: 9a22284fe3817be447336de3de66b15e -> 
  custom:container-demuxer-webm: 4f35f7cbe854078d1ac9338744f61a02 -> 
  custom:framework-osx-AVFoundation: e770b220cccbd017edd2c1fefb359320 -> 
  custom:video-encoder-webm-vp8: eb34c28f22e8b96e1ab97ce403110664 -> 
========================================================================
Received Prepare
Caller must complete domain reload
Begin MonoManager ReloadAssembly
Thread 0x16b5c3000 may have been prematurely finalized
Symbol file LoadedFromMemory is not a mono symbol file
- Loaded All Assemblies, in  0.513 seconds
Native extension for Android target not found
Native extension for OSXStandalone target not found
Native extension for WebGL target not found
[Package Manager] Server::EnsureServerProcessIsRunning -- launch failed, reason: Unity was launched with the -noUpm command-line argument
[Package Manager] UpmClient::Send -- Unable to send message (not connected to UPM process).
[Package Manager] Cannot connect to Unity Package Manager local server
[Package Manager] Server::EnsureServerProcessIsRunning -- launch failed, reason: Unity was launched with the -noUpm command-line argument
[Package Manager] UpmClient::Send -- Unable to send message (not connected to UPM process).
[Package Manager] Cannot connect to Unity Package Manager local server
Mono: successfully reloaded assembly
- Finished resetting the current domain, in  1.313 seconds
Domain Reload Profiling: 1826ms
	BeginReloadAssembly (110ms)
		ExecutionOrderSort (0ms)
		DisableScriptedObjects (8ms)
		BackupInstance (0ms)
		ReleaseScriptingObjects (0ms)
		CreateAndSetChildDomain (44ms)
	RebuildCommonClasses (24ms)
	RebuildNativeTypeToScriptingClass (8ms)
	initialDomainReloadingComplete (20ms)
	LoadAllAssembliesAndSetupDomain (352ms)
		LoadAssemblies (328ms)
		RebuildTransferFunctionScriptingTraits (0ms)
		AnalyzeDomain (58ms)
			TypeCache.Refresh (38ms)
				TypeCache.ScanAssembly (13ms)
			ScanForSourceGeneratedMonoScriptInfo (12ms)
			ResolveRequiredComponents (7ms)
	FinalizeReload (1314ms)
		ReleaseScriptCaches (0ms)
		RebuildScriptCaches (0ms)
		SetupLoadedEditorAssemblies (450ms)
			LogAssemblyErrors (0ms)
			InitializePlatformSupportModulesInManaged (9ms)
			SetLoadedEditorAssemblies (5ms)
			RefreshPlugins (0ms)
			BeforeProcessingInitializeOnLoad (52ms)
			ProcessInitializeOnLoadAttributes (355ms)
			ProcessInitializeOnLoadMethodAttributes (27ms)
			AfterProcessingInitializeOnLoad (1ms)
			EditorAssembliesLoaded (0ms)
		ExecutionOrderSort2 (0ms)
		AwakeInstancesAfterBackupRestoration (6ms)
Shader 'TextMeshPro/Distance Field (UIHsvModifier)': fallback shader 'TextMeshPro/Mobile/Distance Field (UIHsv)' not found
Shader 'TextMeshPro/Distance Field (UIHsvModifier)': fallback shader 'TextMeshPro/Mobile/Distance Field (UIHsv)' not found
Refreshing native plugins compatible for Editor in 7.23 ms, found 3 plugins.
Preloading 0 native plugins for Editor in 0.00 ms.
Unloading 6643 Unused Serialized files (Serialized files now loaded: 0)
Unloading 70 unused Assets / (1.9 MB). Loaded Objects now: 7463.
Memory consumption went from 0.85 GB to 0.85 GB.
Total: 5.190708 ms (FindLiveObjects: 0.295000 ms CreateObjectMapping: 0.089666 ms MarkObjects: 3.715625 ms  DeleteObjects: 1.089375 ms)

Prepare: number of updated asset objects reloaded= 0
AssetImportParameters requested are different than current active one (requested -> active):
  custom:container-demuxer-ogg: 62fdf1f143b41e24485cea50d1cbac27 -> 
  custom:container-muxer-webm: aa71ff27fc2769a1b78a27578f13a17b -> 
  custom:video-decoder-webm-vp8: 9c59270c3fd7afecdb556c50c9e8de78 -> 
  custom:SearchIndexIgnoredProperties: e643bd26f0fe6173181afceb89e7c659 -> 
  custom:AudioImporter_EditorPlatform: 3918e3fc78b5a79bad01e8451be0beb8 -> 
  custom:audio-decoder-ogg-vorbis: bf7c407c2cedff20999df2af8eb42d56 -> 
  custom:audio-encoder-webm-vorbis: bf7c407c2cedff20999df2af8eb42d56 -> 
  custom:scripting/precompiled-assembly-types:Assembly-CSharp: 9ab6a026f5680e3dda840a28d13b90c9 -> dd865f2bf1c65a1c7720113f429c2ed7
  custom:video-decoder-ogg-theora: a1e56fd34408186e4bbccfd4996cb3dc -> 
  custom:CustomObjectIndexerAttribute: 9a22284fe3817be447336de3de66b15e -> 
  custom:container-demuxer-webm: 4f35f7cbe854078d1ac9338744f61a02 -> 
  custom:framework-osx-AVFoundation: e770b220cccbd017edd2c1fefb359320 -> 
  custom:video-encoder-webm-vp8: eb34c28f22e8b96e1ab97ce403110664 -> 
========================================================================
Received Prepare
Caller must complete domain reload
Begin MonoManager ReloadAssembly
Thread 0x16b5c3000 may have been prematurely finalized
Symbol file LoadedFromMemory is not a mono symbol file
- Loaded All Assemblies, in  0.483 seconds
Native extension for Android target not found
Native extension for OSXStandalone target not found
Native extension for WebGL target not found
[Package Manager] Server::EnsureServerProcessIsRunning -- launch failed, reason: Unity was launched with the -noUpm command-line argument
[Package Manager] UpmClient::Send -- Unable to send message (not connected to UPM process).
[Package Manager] Cannot connect to Unity Package Manager local server
[Package Manager] Server::EnsureServerProcessIsRunning -- launch failed, reason: Unity was launched with the -noUpm command-line argument
[Package Manager] UpmClient::Send -- Unable to send message (not connected to UPM process).
[Package Manager] Cannot connect to Unity Package Manager local server
Mono: successfully reloaded assembly
- Finished resetting the current domain, in  1.235 seconds
Domain Reload Profiling: 1720ms
	BeginReloadAssembly (133ms)
		ExecutionOrderSort (0ms)
		DisableScriptedObjects (10ms)
		BackupInstance (0ms)
		ReleaseScriptingObjects (0ms)
		CreateAndSetChildDomain (51ms)
	RebuildCommonClasses (20ms)
	RebuildNativeTypeToScriptingClass (8ms)
	initialDomainReloadingComplete (21ms)
	LoadAllAssembliesAndSetupDomain (302ms)
		LoadAssemblies (308ms)
		RebuildTransferFunctionScriptingTraits (0ms)
		AnalyzeDomain (35ms)
			TypeCache.Refresh (24ms)
				TypeCache.ScanAssembly (0ms)
			ScanForSourceGeneratedMonoScriptInfo (0ms)
			ResolveRequiredComponents (9ms)
	FinalizeReload (1236ms)
		ReleaseScriptCaches (0ms)
		RebuildScriptCaches (0ms)
		SetupLoadedEditorAssemblies (500ms)
			LogAssemblyErrors (0ms)
			InitializePlatformSupportModulesInManaged (12ms)
			SetLoadedEditorAssemblies (5ms)
			RefreshPlugins (0ms)
			BeforeProcessingInitializeOnLoad (49ms)
			ProcessInitializeOnLoadAttributes (400ms)
			ProcessInitializeOnLoadMethodAttributes (32ms)
			AfterProcessingInitializeOnLoad (1ms)
			EditorAssembliesLoaded (1ms)
		ExecutionOrderSort2 (0ms)
		AwakeInstancesAfterBackupRestoration (9ms)
Shader 'TextMeshPro/Distance Field (UIHsvModifier)': fallback shader 'TextMeshPro/Mobile/Distance Field (UIHsv)' not found
Shader 'TextMeshPro/Distance Field (UIHsvModifier)': fallback shader 'TextMeshPro/Mobile/Distance Field (UIHsv)' not found
Refreshing native plugins compatible for Editor in 10.21 ms, found 3 plugins.
Preloading 0 native plugins for Editor in 0.00 ms.
Unloading 6643 Unused Serialized files (Serialized files now loaded: 0)
Unloading 70 unused Assets / (1.9 MB). Loaded Objects now: 7467.
Memory consumption went from 0.86 GB to 0.86 GB.
Total: 7.926583 ms (FindLiveObjects: 0.298334 ms CreateObjectMapping: 0.092250 ms MarkObjects: 5.416291 ms  DeleteObjects: 2.118750 ms)

Prepare: number of updated asset objects reloaded= 0
AssetImportParameters requested are different than current active one (requested -> active):
  custom:container-demuxer-ogg: 62fdf1f143b41e24485cea50d1cbac27 -> 
  custom:container-muxer-webm: aa71ff27fc2769a1b78a27578f13a17b -> 
  custom:video-decoder-webm-vp8: 9c59270c3fd7afecdb556c50c9e8de78 -> 
  custom:SearchIndexIgnoredProperties: e643bd26f0fe6173181afceb89e7c659 -> 
  custom:AudioImporter_EditorPlatform: 3918e3fc78b5a79bad01e8451be0beb8 -> 
  custom:audio-decoder-ogg-vorbis: bf7c407c2cedff20999df2af8eb42d56 -> 
  custom:audio-encoder-webm-vorbis: bf7c407c2cedff20999df2af8eb42d56 -> 
  custom:scripting/precompiled-assembly-types:Assembly-CSharp: 9ab6a026f5680e3dda840a28d13b90c9 -> dd865f2bf1c65a1c7720113f429c2ed7
  custom:video-decoder-ogg-theora: a1e56fd34408186e4bbccfd4996cb3dc -> 
  custom:CustomObjectIndexerAttribute: 9a22284fe3817be447336de3de66b15e -> 
  custom:container-demuxer-webm: 4f35f7cbe854078d1ac9338744f61a02 -> 
  custom:framework-osx-AVFoundation: e770b220cccbd017edd2c1fefb359320 -> 
  custom:video-encoder-webm-vp8: eb34c28f22e8b96e1ab97ce403110664 -> 
========================================================================
Received Prepare
Caller must complete domain reload
Begin MonoManager ReloadAssembly
Thread 0x16b5c3000 may have been prematurely finalized
Symbol file LoadedFromMemory is not a mono symbol file
- Loaded All Assemblies, in  0.592 seconds
Native extension for Android target not found
Native extension for OSXStandalone target not found
Native extension for WebGL target not found
[Package Manager] Server::EnsureServerProcessIsRunning -- launch failed, reason: Unity was launched with the -noUpm command-line argument
[Package Manager] UpmClient::Send -- Unable to send message (not connected to UPM process).
[Package Manager] Cannot connect to Unity Package Manager local server
[Package Manager] Server::EnsureServerProcessIsRunning -- launch failed, reason: Unity was launched with the -noUpm command-line argument
[Package Manager] UpmClient::Send -- Unable to send message (not connected to UPM process).
[Package Manager] Cannot connect to Unity Package Manager local server
Mono: successfully reloaded assembly
- Finished resetting the current domain, in  1.335 seconds
Domain Reload Profiling: 1928ms
	BeginReloadAssembly (144ms)
		ExecutionOrderSort (0ms)
		DisableScriptedObjects (9ms)
		BackupInstance (0ms)
		ReleaseScriptingObjects (0ms)
		CreateAndSetChildDomain (46ms)
	RebuildCommonClasses (22ms)
	RebuildNativeTypeToScriptingClass (8ms)
	initialDomainReloadingComplete (21ms)
	LoadAllAssembliesAndSetupDomain (398ms)
		LoadAssemblies (397ms)
		RebuildTransferFunctionScriptingTraits (0ms)
		AnalyzeDomain (60ms)
			TypeCache.Refresh (37ms)
				TypeCache.ScanAssembly (13ms)
			ScanForSourceGeneratedMonoScriptInfo (13ms)
			ResolveRequiredComponents (8ms)
	FinalizeReload (1336ms)
		ReleaseScriptCaches (0ms)
		RebuildScriptCaches (0ms)
		SetupLoadedEditorAssemblies (499ms)
			LogAssemblyErrors (0ms)
			InitializePlatformSupportModulesInManaged (12ms)
			SetLoadedEditorAssemblies (6ms)
			RefreshPlugins (0ms)
			BeforeProcessingInitializeOnLoad (52ms)
			ProcessInitializeOnLoadAttributes (400ms)
			ProcessInitializeOnLoadMethodAttributes (28ms)
			AfterProcessingInitializeOnLoad (1ms)
			EditorAssembliesLoaded (0ms)
		ExecutionOrderSort2 (0ms)
		AwakeInstancesAfterBackupRestoration (6ms)
Shader 'TextMeshPro/Distance Field (UIHsvModifier)': fallback shader 'TextMeshPro/Mobile/Distance Field (UIHsv)' not found
Shader 'TextMeshPro/Distance Field (UIHsvModifier)': fallback shader 'TextMeshPro/Mobile/Distance Field (UIHsv)' not found
Refreshing native plugins compatible for Editor in 14.27 ms, found 3 plugins.
Preloading 0 native plugins for Editor in 0.00 ms.
Unloading 6643 Unused Serialized files (Serialized files now loaded: 0)
Unloading 70 unused Assets / (1.9 MB). Loaded Objects now: 7471.
Memory consumption went from 0.87 GB to 0.87 GB.
Total: 4.342125 ms (FindLiveObjects: 0.299334 ms CreateObjectMapping: 0.104375 ms MarkObjects: 3.059584 ms  DeleteObjects: 0.878416 ms)

Prepare: number of updated asset objects reloaded= 0
AssetImportParameters requested are different than current active one (requested -> active):
  custom:container-demuxer-ogg: 62fdf1f143b41e24485cea50d1cbac27 -> 
  custom:container-muxer-webm: aa71ff27fc2769a1b78a27578f13a17b -> 
  custom:video-decoder-webm-vp8: 9c59270c3fd7afecdb556c50c9e8de78 -> 
  custom:SearchIndexIgnoredProperties: e643bd26f0fe6173181afceb89e7c659 -> 
  custom:AudioImporter_EditorPlatform: 3918e3fc78b5a79bad01e8451be0beb8 -> 
  custom:audio-decoder-ogg-vorbis: bf7c407c2cedff20999df2af8eb42d56 -> 
  custom:audio-encoder-webm-vorbis: bf7c407c2cedff20999df2af8eb42d56 -> 
  custom:scripting/precompiled-assembly-types:Assembly-CSharp: 9ab6a026f5680e3dda840a28d13b90c9 -> dd865f2bf1c65a1c7720113f429c2ed7
  custom:video-decoder-ogg-theora: a1e56fd34408186e4bbccfd4996cb3dc -> 
  custom:CustomObjectIndexerAttribute: 9a22284fe3817be447336de3de66b15e -> 
  custom:container-demuxer-webm: 4f35f7cbe854078d1ac9338744f61a02 -> 
  custom:framework-osx-AVFoundation: e770b220cccbd017edd2c1fefb359320 -> 
  custom:video-encoder-webm-vp8: eb34c28f22e8b96e1ab97ce403110664 -> 
========================================================================
Received Prepare
Caller must complete domain reload
Begin MonoManager ReloadAssembly
Thread 0x16b5c3000 may have been prematurely finalized
Symbol file LoadedFromMemory is not a mono symbol file
- Loaded All Assemblies, in  0.462 seconds
Native extension for Android target not found
Native extension for OSXStandalone target not found
Native extension for WebGL target not found
[Package Manager] Server::EnsureServerProcessIsRunning -- launch failed, reason: Unity was launched with the -noUpm command-line argument
[Package Manager] UpmClient::Send -- Unable to send message (not connected to UPM process).
[Package Manager] Cannot connect to Unity Package Manager local server
[Package Manager] Server::EnsureServerProcessIsRunning -- launch failed, reason: Unity was launched with the -noUpm command-line argument
[Package Manager] UpmClient::Send -- Unable to send message (not connected to UPM process).
[Package Manager] Cannot connect to Unity Package Manager local server
Mono: successfully reloaded assembly
- Finished resetting the current domain, in  1.212 seconds
Domain Reload Profiling: 1674ms
	BeginReloadAssembly (133ms)
		ExecutionOrderSort (0ms)
		DisableScriptedObjects (8ms)
		BackupInstance (0ms)
		ReleaseScriptingObjects (0ms)
		CreateAndSetChildDomain (54ms)
	RebuildCommonClasses (21ms)
	RebuildNativeTypeToScriptingClass (8ms)
	initialDomainReloadingComplete (24ms)
	LoadAllAssembliesAndSetupDomain (276ms)
		LoadAssemblies (298ms)
		RebuildTransferFunctionScriptingTraits (0ms)
		AnalyzeDomain (22ms)
			TypeCache.Refresh (10ms)
				TypeCache.ScanAssembly (0ms)
			ScanForSourceGeneratedMonoScriptInfo (0ms)
			ResolveRequiredComponents (11ms)
	FinalizeReload (1212ms)
		ReleaseScriptCaches (0ms)
		RebuildScriptCaches (0ms)
		SetupLoadedEditorAssemblies (515ms)
			LogAssemblyErrors (0ms)
			InitializePlatformSupportModulesInManaged (11ms)
			SetLoadedEditorAssemblies (5ms)
			RefreshPlugins (0ms)
			BeforeProcessingInitializeOnLoad (54ms)
			ProcessInitializeOnLoadAttributes (408ms)
			ProcessInitializeOnLoadMethodAttributes (36ms)
			AfterProcessingInitializeOnLoad (1ms)
			EditorAssembliesLoaded (0ms)
		ExecutionOrderSort2 (0ms)
		AwakeInstancesAfterBackupRestoration (6ms)
Shader 'TextMeshPro/Distance Field (UIHsvModifier)': fallback shader 'TextMeshPro/Mobile/Distance Field (UIHsv)' not found
Shader 'TextMeshPro/Distance Field (UIHsvModifier)': fallback shader 'TextMeshPro/Mobile/Distance Field (UIHsv)' not found
Refreshing native plugins compatible for Editor in 9.40 ms, found 3 plugins.
Preloading 0 native plugins for Editor in 0.00 ms.
Unloading 6643 Unused Serialized files (Serialized files now loaded: 0)
Unloading 70 unused Assets / (1.9 MB). Loaded Objects now: 7475.
Memory consumption went from 0.88 GB to 0.88 GB.
Total: 6.318125 ms (FindLiveObjects: 0.332333 ms CreateObjectMapping: 0.095542 ms MarkObjects: 4.809667 ms  DeleteObjects: 1.079833 ms)

Prepare: number of updated asset objects reloaded= 0
AssetImportParameters requested are different than current active one (requested -> active):
  custom:container-demuxer-ogg: 62fdf1f143b41e24485cea50d1cbac27 -> 
  custom:container-muxer-webm: aa71ff27fc2769a1b78a27578f13a17b -> 
  custom:video-decoder-webm-vp8: 9c59270c3fd7afecdb556c50c9e8de78 -> 
  custom:SearchIndexIgnoredProperties: e643bd26f0fe6173181afceb89e7c659 -> 
  custom:AudioImporter_EditorPlatform: 3918e3fc78b5a79bad01e8451be0beb8 -> 
  custom:audio-decoder-ogg-vorbis: bf7c407c2cedff20999df2af8eb42d56 -> 
  custom:audio-encoder-webm-vorbis: bf7c407c2cedff20999df2af8eb42d56 -> 
  custom:scripting/precompiled-assembly-types:Assembly-CSharp: 9ab6a026f5680e3dda840a28d13b90c9 -> dd865f2bf1c65a1c7720113f429c2ed7
  custom:video-decoder-ogg-theora: a1e56fd34408186e4bbccfd4996cb3dc -> 
  custom:CustomObjectIndexerAttribute: 9a22284fe3817be447336de3de66b15e -> 
  custom:container-demuxer-webm: 4f35f7cbe854078d1ac9338744f61a02 -> 
  custom:framework-osx-AVFoundation: e770b220cccbd017edd2c1fefb359320 -> 
  custom:video-encoder-webm-vp8: eb34c28f22e8b96e1ab97ce403110664 -> 
========================================================================
Received Prepare
Shader 'TextMeshPro/Distance Field (UIHsvModifier)': fallback shader 'TextMeshPro/Mobile/Distance Field (UIHsv)' not found
Shader 'TextMeshPro/Distance Field (UIHsvModifier)': fallback shader 'TextMeshPro/Mobile/Distance Field (UIHsv)' not found
Refreshing native plugins compatible for Editor in 9.37 ms, found 3 plugins.
Preloading 0 native plugins for Editor in 0.00 ms.
Unloading 32 Unused Serialized files (Serialized files now loaded: 0)
Unloading 32 unused Assets / (1.9 MB). Loaded Objects now: 7475.
Memory consumption went from 0.78 GB to 0.78 GB.
Total: 16.935083 ms (FindLiveObjects: 0.539542 ms CreateObjectMapping: 0.114583 ms MarkObjects: 15.164750 ms  DeleteObjects: 1.115416 ms)

Prepare: number of updated asset objects reloaded= 0
AssetImportParameters requested are different than current active one (requested -> active):
  custom:container-demuxer-ogg: 62fdf1f143b41e24485cea50d1cbac27 -> 
  custom:container-muxer-webm: aa71ff27fc2769a1b78a27578f13a17b -> 
  custom:video-decoder-webm-vp8: 9c59270c3fd7afecdb556c50c9e8de78 -> 
  custom:SearchIndexIgnoredProperties: e643bd26f0fe6173181afceb89e7c659 -> 
  custom:AudioImporter_EditorPlatform: 3918e3fc78b5a79bad01e8451be0beb8 -> 
  custom:audio-decoder-ogg-vorbis: bf7c407c2cedff20999df2af8eb42d56 -> 
  custom:audio-encoder-webm-vorbis: bf7c407c2cedff20999df2af8eb42d56 -> 
  custom:scripting/precompiled-assembly-types:Assembly-CSharp: 9ab6a026f5680e3dda840a28d13b90c9 -> dd865f2bf1c65a1c7720113f429c2ed7
  custom:video-decoder-ogg-theora: a1e56fd34408186e4bbccfd4996cb3dc -> 
  custom:CustomObjectIndexerAttribute: 9a22284fe3817be447336de3de66b15e -> 
  custom:container-demuxer-webm: 4f35f7cbe854078d1ac9338744f61a02 -> 
  custom:framework-osx-AVFoundation: e770b220cccbd017edd2c1fefb359320 -> 
  custom:video-encoder-webm-vp8: eb34c28f22e8b96e1ab97ce403110664 -> 
========================================================================
Received Prepare
Caller must complete domain reload
Begin MonoManager ReloadAssembly
Thread 0x16b5c3000 may have been prematurely finalized
Symbol file LoadedFromMemory is not a mono symbol file
- Loaded All Assemblies, in  0.628 seconds
Native extension for Android target not found
Native extension for OSXStandalone target not found
Native extension for WebGL target not found
[Package Manager] Server::EnsureServerProcessIsRunning -- launch failed, reason: Unity was launched with the -noUpm command-line argument
[Package Manager] UpmClient::Send -- Unable to send message (not connected to UPM process).
[Package Manager] Cannot connect to Unity Package Manager local server
[Package Manager] Server::EnsureServerProcessIsRunning -- launch failed, reason: Unity was launched with the -noUpm command-line argument
[Package Manager] UpmClient::Send -- Unable to send message (not connected to UPM process).
[Package Manager] Cannot connect to Unity Package Manager local server
Mono: successfully reloaded assembly
- Finished resetting the current domain, in  1.282 seconds
Domain Reload Profiling: 1910ms
	BeginReloadAssembly (124ms)
		ExecutionOrderSort (0ms)
		DisableScriptedObjects (10ms)
		BackupInstance (0ms)
		ReleaseScriptingObjects (0ms)
		CreateAndSetChildDomain (53ms)
	RebuildCommonClasses (22ms)
	RebuildNativeTypeToScriptingClass (8ms)
	initialDomainReloadingComplete (21ms)
	LoadAllAssembliesAndSetupDomain (453ms)
		LoadAssemblies (412ms)
		RebuildTransferFunctionScriptingTraits (0ms)
		AnalyzeDomain (79ms)
			TypeCache.Refresh (54ms)
				TypeCache.ScanAssembly (13ms)
			ScanForSourceGeneratedMonoScriptInfo (13ms)
			ResolveRequiredComponents (11ms)
	FinalizeReload (1282ms)
		ReleaseScriptCaches (0ms)
		RebuildScriptCaches (0ms)
		SetupLoadedEditorAssemblies (519ms)
			LogAssemblyErrors (0ms)
			InitializePlatformSupportModulesInManaged (12ms)
			SetLoadedEditorAssemblies (4ms)
			RefreshPlugins (0ms)
			BeforeProcessingInitializeOnLoad (51ms)
			ProcessInitializeOnLoadAttributes (423ms)
			ProcessInitializeOnLoadMethodAttributes (28ms)
			AfterProcessingInitializeOnLoad (1ms)
			EditorAssembliesLoaded (0ms)
		ExecutionOrderSort2 (0ms)
		AwakeInstancesAfterBackupRestoration (6ms)
Shader 'TextMeshPro/Distance Field (UIHsvModifier)': fallback shader 'TextMeshPro/Mobile/Distance Field (UIHsv)' not found
Shader 'TextMeshPro/Distance Field (UIHsvModifier)': fallback shader 'TextMeshPro/Mobile/Distance Field (UIHsv)' not found
Refreshing native plugins compatible for Editor in 7.14 ms, found 3 plugins.
Preloading 0 native plugins for Editor in 0.00 ms.
Unloading 6643 Unused Serialized files (Serialized files now loaded: 0)
Unloading 70 unused Assets / (1.9 MB). Loaded Objects now: 7479.
Memory consumption went from 0.89 GB to 0.89 GB.
Total: 5.385083 ms (FindLiveObjects: 0.353833 ms CreateObjectMapping: 0.116000 ms MarkObjects: 3.945625 ms  DeleteObjects: 0.968500 ms)

Prepare: number of updated asset objects reloaded= 0
AssetImportParameters requested are different than current active one (requested -> active):
  custom:container-demuxer-ogg: 62fdf1f143b41e24485cea50d1cbac27 -> 
  custom:container-muxer-webm: aa71ff27fc2769a1b78a27578f13a17b -> 
  custom:video-decoder-webm-vp8: 9c59270c3fd7afecdb556c50c9e8de78 -> 
  custom:SearchIndexIgnoredProperties: e643bd26f0fe6173181afceb89e7c659 -> 
  custom:AudioImporter_EditorPlatform: 3918e3fc78b5a79bad01e8451be0beb8 -> 
  custom:audio-decoder-ogg-vorbis: bf7c407c2cedff20999df2af8eb42d56 -> 
  custom:audio-encoder-webm-vorbis: bf7c407c2cedff20999df2af8eb42d56 -> 
  custom:scripting/precompiled-assembly-types:Assembly-CSharp: 9ab6a026f5680e3dda840a28d13b90c9 -> dd865f2bf1c65a1c7720113f429c2ed7
  custom:video-decoder-ogg-theora: a1e56fd34408186e4bbccfd4996cb3dc -> 
  custom:CustomObjectIndexerAttribute: 9a22284fe3817be447336de3de66b15e -> 
  custom:container-demuxer-webm: 4f35f7cbe854078d1ac9338744f61a02 -> 
  custom:framework-osx-AVFoundation: e770b220cccbd017edd2c1fefb359320 -> 
  custom:video-encoder-webm-vp8: eb34c28f22e8b96e1ab97ce403110664 -> 
========================================================================
Received Prepare
Caller must complete domain reload
Begin MonoManager ReloadAssembly
Thread 0x16b5c3000 may have been prematurely finalized
Symbol file LoadedFromMemory is not a mono symbol file
- Loaded All Assemblies, in  0.487 seconds
Native extension for Android target not found
Native extension for OSXStandalone target not found
Native extension for WebGL target not found
[Package Manager] Server::EnsureServerProcessIsRunning -- launch failed, reason: Unity was launched with the -noUpm command-line argument
[Package Manager] UpmClient::Send -- Unable to send message (not connected to UPM process).
[Package Manager] Cannot connect to Unity Package Manager local server
[Package Manager] Server::EnsureServerProcessIsRunning -- launch failed, reason: Unity was launched with the -noUpm command-line argument
[Package Manager] UpmClient::Send -- Unable to send message (not connected to UPM process).
[Package Manager] Cannot connect to Unity Package Manager local server
Mono: successfully reloaded assembly
- Finished resetting the current domain, in  1.546 seconds
Domain Reload Profiling: 2035ms
	BeginReloadAssembly (136ms)
		ExecutionOrderSort (0ms)
		DisableScriptedObjects (10ms)
		BackupInstance (0ms)
		ReleaseScriptingObjects (0ms)
		CreateAndSetChildDomain (55ms)
	RebuildCommonClasses (20ms)
	RebuildNativeTypeToScriptingClass (8ms)
	initialDomainReloadingComplete (20ms)
	LoadAllAssembliesAndSetupDomain (304ms)
		LoadAssemblies (292ms)
		RebuildTransferFunctionScriptingTraits (0ms)
		AnalyzeDomain (53ms)
			TypeCache.Refresh (39ms)
				TypeCache.ScanAssembly (0ms)
			ScanForSourceGeneratedMonoScriptInfo (1ms)
			ResolveRequiredComponents (12ms)
	FinalizeReload (1546ms)
		ReleaseScriptCaches (0ms)
		RebuildScriptCaches (0ms)
		SetupLoadedEditorAssemblies (523ms)
			LogAssemblyErrors (0ms)
			InitializePlatformSupportModulesInManaged (10ms)
			SetLoadedEditorAssemblies (10ms)
			RefreshPlugins (0ms)
			BeforeProcessingInitializeOnLoad (52ms)
			ProcessInitializeOnLoadAttributes (420ms)
			ProcessInitializeOnLoadMethodAttributes (31ms)
			AfterProcessingInitializeOnLoad (1ms)
			EditorAssembliesLoaded (0ms)
		ExecutionOrderSort2 (0ms)
		AwakeInstancesAfterBackupRestoration (6ms)
Shader 'TextMeshPro/Distance Field (UIHsvModifier)': fallback shader 'TextMeshPro/Mobile/Distance Field (UIHsv)' not found
Shader 'TextMeshPro/Distance Field (UIHsvModifier)': fallback shader 'TextMeshPro/Mobile/Distance Field (UIHsv)' not found
Refreshing native plugins compatible for Editor in 9.64 ms, found 3 plugins.
Preloading 0 native plugins for Editor in 0.00 ms.
Unloading 6643 Unused Serialized files (Serialized files now loaded: 0)
Unloading 70 unused Assets / (1.9 MB). Loaded Objects now: 7483.
Memory consumption went from 0.90 GB to 0.90 GB.
Total: 6.087291 ms (FindLiveObjects: 0.379125 ms CreateObjectMapping: 0.129834 ms MarkObjects: 4.126167 ms  DeleteObjects: 1.451666 ms)

Prepare: number of updated asset objects reloaded= 0
AssetImportParameters requested are different than current active one (requested -> active):
  custom:container-demuxer-ogg: 62fdf1f143b41e24485cea50d1cbac27 -> 
  custom:container-muxer-webm: aa71ff27fc2769a1b78a27578f13a17b -> 
  custom:video-decoder-webm-vp8: 9c59270c3fd7afecdb556c50c9e8de78 -> 
  custom:SearchIndexIgnoredProperties: e643bd26f0fe6173181afceb89e7c659 -> 
  custom:AudioImporter_EditorPlatform: 3918e3fc78b5a79bad01e8451be0beb8 -> 
  custom:audio-decoder-ogg-vorbis: bf7c407c2cedff20999df2af8eb42d56 -> 
  custom:audio-encoder-webm-vorbis: bf7c407c2cedff20999df2af8eb42d56 -> 
  custom:scripting/precompiled-assembly-types:Assembly-CSharp: 9ab6a026f5680e3dda840a28d13b90c9 -> dd865f2bf1c65a1c7720113f429c2ed7
  custom:video-decoder-ogg-theora: a1e56fd34408186e4bbccfd4996cb3dc -> 
  custom:CustomObjectIndexerAttribute: 9a22284fe3817be447336de3de66b15e -> 
  custom:container-demuxer-webm: 4f35f7cbe854078d1ac9338744f61a02 -> 
  custom:framework-osx-AVFoundation: e770b220cccbd017edd2c1fefb359320 -> 
  custom:video-encoder-webm-vp8: eb34c28f22e8b96e1ab97ce403110664 -> 
========================================================================
Received Prepare
Caller must complete domain reload
Begin MonoManager ReloadAssembly
Thread 0x16b5c3000 may have been prematurely finalized
Symbol file LoadedFromMemory is not a mono symbol file
- Loaded All Assemblies, in  0.567 seconds
Native extension for Android target not found
Native extension for OSXStandalone target not found
Native extension for WebGL target not found
[Package Manager] Server::EnsureServerProcessIsRunning -- launch failed, reason: Unity was launched with the -noUpm command-line argument
[Package Manager] UpmClient::Send -- Unable to send message (not connected to UPM process).
[Package Manager] Cannot connect to Unity Package Manager local server
[Package Manager] Server::EnsureServerProcessIsRunning -- launch failed, reason: Unity was launched with the -noUpm command-line argument
[Package Manager] UpmClient::Send -- Unable to send message (not connected to UPM process).
[Package Manager] Cannot connect to Unity Package Manager local server
Mono: successfully reloaded assembly
- Finished resetting the current domain, in  1.220 seconds
Domain Reload Profiling: 1788ms
	BeginReloadAssembly (121ms)
		ExecutionOrderSort (0ms)
		DisableScriptedObjects (11ms)
		BackupInstance (0ms)
		ReleaseScriptingObjects (0ms)
		CreateAndSetChildDomain (46ms)
	RebuildCommonClasses (21ms)
	RebuildNativeTypeToScriptingClass (8ms)
	initialDomainReloadingComplete (19ms)
	LoadAllAssembliesAndSetupDomain (399ms)
		LoadAssemblies (393ms)
		RebuildTransferFunctionScriptingTraits (0ms)
		AnalyzeDomain (47ms)
			TypeCache.Refresh (29ms)
				TypeCache.ScanAssembly (12ms)
			ScanForSourceGeneratedMonoScriptInfo (10ms)
			ResolveRequiredComponents (7ms)
	FinalizeReload (1221ms)
		ReleaseScriptCaches (0ms)
		RebuildScriptCaches (0ms)
		SetupLoadedEditorAssemblies (443ms)
			LogAssemblyErrors (0ms)
			InitializePlatformSupportModulesInManaged (9ms)
			SetLoadedEditorAssemblies (4ms)
			RefreshPlugins (0ms)
			BeforeProcessingInitializeOnLoad (50ms)
			ProcessInitializeOnLoadAttributes (353ms)
			ProcessInitializeOnLoadMethodAttributes (27ms)
			AfterProcessingInitializeOnLoad (1ms)
			EditorAssembliesLoaded (0ms)
		ExecutionOrderSort2 (0ms)
		AwakeInstancesAfterBackupRestoration (7ms)
Shader 'TextMeshPro/Distance Field (UIHsvModifier)': fallback shader 'TextMeshPro/Mobile/Distance Field (UIHsv)' not found
Shader 'TextMeshPro/Distance Field (UIHsvModifier)': fallback shader 'TextMeshPro/Mobile/Distance Field (UIHsv)' not found
Refreshing native plugins compatible for Editor in 6.73 ms, found 3 plugins.
Preloading 0 native plugins for Editor in 0.00 ms.
Unloading 6643 Unused Serialized files (Serialized files now loaded: 0)
Unloading 70 unused Assets / (1.8 MB). Loaded Objects now: 7487.
Memory consumption went from 0.91 GB to 0.91 GB.
Total: 4.750125 ms (FindLiveObjects: 0.300041 ms CreateObjectMapping: 0.098750 ms MarkObjects: 3.492292 ms  DeleteObjects: 0.858333 ms)

Prepare: number of updated asset objects reloaded= 0
AssetImportParameters requested are different than current active one (requested -> active):
  custom:container-demuxer-ogg: 62fdf1f143b41e24485cea50d1cbac27 -> 
  custom:container-muxer-webm: aa71ff27fc2769a1b78a27578f13a17b -> 
  custom:video-decoder-webm-vp8: 9c59270c3fd7afecdb556c50c9e8de78 -> 
  custom:SearchIndexIgnoredProperties: e643bd26f0fe6173181afceb89e7c659 -> 
  custom:AudioImporter_EditorPlatform: 3918e3fc78b5a79bad01e8451be0beb8 -> 
  custom:audio-decoder-ogg-vorbis: bf7c407c2cedff20999df2af8eb42d56 -> 
  custom:audio-encoder-webm-vorbis: bf7c407c2cedff20999df2af8eb42d56 -> 
  custom:scripting/precompiled-assembly-types:Assembly-CSharp: 9ab6a026f5680e3dda840a28d13b90c9 -> dd865f2bf1c65a1c7720113f429c2ed7
  custom:video-decoder-ogg-theora: a1e56fd34408186e4bbccfd4996cb3dc -> 
  custom:CustomObjectIndexerAttribute: 9a22284fe3817be447336de3de66b15e -> 
  custom:container-demuxer-webm: 4f35f7cbe854078d1ac9338744f61a02 -> 
  custom:framework-osx-AVFoundation: e770b220cccbd017edd2c1fefb359320 -> 
  custom:video-encoder-webm-vp8: eb34c28f22e8b96e1ab97ce403110664 -> 
========================================================================
Received Prepare
Caller must complete domain reload
Begin MonoManager ReloadAssembly
Thread 0x16b5c3000 may have been prematurely finalized
Symbol file LoadedFromMemory is not a mono symbol file
- Loaded All Assemblies, in  0.436 seconds
Native extension for Android target not found
Native extension for OSXStandalone target not found
Native extension for WebGL target not found
[Package Manager] Server::EnsureServerProcessIsRunning -- launch failed, reason: Unity was launched with the -noUpm command-line argument
[Package Manager] UpmClient::Send -- Unable to send message (not connected to UPM process).
[Package Manager] Cannot connect to Unity Package Manager local server
[Package Manager] Server::EnsureServerProcessIsRunning -- launch failed, reason: Unity was launched with the -noUpm command-line argument
[Package Manager] UpmClient::Send -- Unable to send message (not connected to UPM process).
[Package Manager] Cannot connect to Unity Package Manager local server
Mono: successfully reloaded assembly
- Finished resetting the current domain, in  1.090 seconds
Domain Reload Profiling: 1527ms
	BeginReloadAssembly (146ms)
		ExecutionOrderSort (0ms)
		DisableScriptedObjects (13ms)
		BackupInstance (0ms)
		ReleaseScriptingObjects (0ms)
		CreateAndSetChildDomain (54ms)
	RebuildCommonClasses (21ms)
	RebuildNativeTypeToScriptingClass (9ms)
	initialDomainReloadingComplete (20ms)
	LoadAllAssembliesAndSetupDomain (240ms)
		LoadAssemblies (272ms)
		RebuildTransferFunctionScriptingTraits (0ms)
		AnalyzeDomain (21ms)
			TypeCache.Refresh (12ms)
				TypeCache.ScanAssembly (0ms)
			ScanForSourceGeneratedMonoScriptInfo (0ms)
			ResolveRequiredComponents (8ms)
	FinalizeReload (1091ms)
		ReleaseScriptCaches (0ms)
		RebuildScriptCaches (0ms)
		SetupLoadedEditorAssemblies (498ms)
			LogAssemblyErrors (0ms)
			InitializePlatformSupportModulesInManaged (11ms)
			SetLoadedEditorAssemblies (5ms)
			RefreshPlugins (0ms)
			BeforeProcessingInitializeOnLoad (64ms)
			ProcessInitializeOnLoadAttributes (387ms)
			ProcessInitializeOnLoadMethodAttributes (30ms)
			AfterProcessingInitializeOnLoad (1ms)
			EditorAssembliesLoaded (0ms)
		ExecutionOrderSort2 (0ms)
		AwakeInstancesAfterBackupRestoration (6ms)
Shader 'TextMeshPro/Distance Field (UIHsvModifier)': fallback shader 'TextMeshPro/Mobile/Distance Field (UIHsv)' not found
Shader 'TextMeshPro/Distance Field (UIHsvModifier)': fallback shader 'TextMeshPro/Mobile/Distance Field (UIHsv)' not found
Refreshing native plugins compatible for Editor in 8.71 ms, found 3 plugins.
Preloading 0 native plugins for Editor in 0.00 ms.
Unloading 6643 Unused Serialized files (Serialized files now loaded: 0)
Unloading 70 unused Assets / (1.9 MB). Loaded Objects now: 7491.
Memory consumption went from 0.92 GB to 0.92 GB.
Total: 6.866250 ms (FindLiveObjects: 0.399250 ms CreateObjectMapping: 0.117708 ms MarkObjects: 5.135542 ms  DeleteObjects: 1.212833 ms)

Prepare: number of updated asset objects reloaded= 0
AssetImportParameters requested are different than current active one (requested -> active):
  custom:container-demuxer-ogg: 62fdf1f143b41e24485cea50d1cbac27 -> 
  custom:container-muxer-webm: aa71ff27fc2769a1b78a27578f13a17b -> 
  custom:video-decoder-webm-vp8: 9c59270c3fd7afecdb556c50c9e8de78 -> 
  custom:SearchIndexIgnoredProperties: e643bd26f0fe6173181afceb89e7c659 -> 
  custom:AudioImporter_EditorPlatform: 3918e3fc78b5a79bad01e8451be0beb8 -> 
  custom:audio-decoder-ogg-vorbis: bf7c407c2cedff20999df2af8eb42d56 -> 
  custom:audio-encoder-webm-vorbis: bf7c407c2cedff20999df2af8eb42d56 -> 
  custom:scripting/precompiled-assembly-types:Assembly-CSharp: 9ab6a026f5680e3dda840a28d13b90c9 -> dd865f2bf1c65a1c7720113f429c2ed7
  custom:video-decoder-ogg-theora: a1e56fd34408186e4bbccfd4996cb3dc -> 
  custom:CustomObjectIndexerAttribute: 9a22284fe3817be447336de3de66b15e -> 
  custom:container-demuxer-webm: 4f35f7cbe854078d1ac9338744f61a02 -> 
  custom:framework-osx-AVFoundation: e770b220cccbd017edd2c1fefb359320 -> 
  custom:video-encoder-webm-vp8: eb34c28f22e8b96e1ab97ce403110664 -> 
========================================================================
Received Prepare
Caller must complete domain reload
Begin MonoManager ReloadAssembly
Thread 0x16b5c3000 may have been prematurely finalized
Symbol file LoadedFromMemory is not a mono symbol file
- Loaded All Assemblies, in  0.536 seconds
Native extension for Android target not found
Native extension for OSXStandalone target not found
Native extension for WebGL target not found
[Package Manager] Server::EnsureServerProcessIsRunning -- launch failed, reason: Unity was launched with the -noUpm command-line argument
[Package Manager] UpmClient::Send -- Unable to send message (not connected to UPM process).
[Package Manager] Cannot connect to Unity Package Manager local server
[Package Manager] Server::EnsureServerProcessIsRunning -- launch failed, reason: Unity was launched with the -noUpm command-line argument
[Package Manager] UpmClient::Send -- Unable to send message (not connected to UPM process).
[Package Manager] Cannot connect to Unity Package Manager local server
Mono: successfully reloaded assembly
- Finished resetting the current domain, in  1.152 seconds
Domain Reload Profiling: 1689ms
	BeginReloadAssembly (114ms)
		ExecutionOrderSort (0ms)
		DisableScriptedObjects (8ms)
		BackupInstance (0ms)
		ReleaseScriptingObjects (0ms)
		CreateAndSetChildDomain (43ms)
	RebuildCommonClasses (20ms)
	RebuildNativeTypeToScriptingClass (8ms)
	initialDomainReloadingComplete (19ms)
	LoadAllAssembliesAndSetupDomain (375ms)
		LoadAssemblies (322ms)
		RebuildTransferFunctionScriptingTraits (0ms)
		AnalyzeDomain (89ms)
			TypeCache.Refresh (70ms)
				TypeCache.ScanAssembly (19ms)
			ScanForSourceGeneratedMonoScriptInfo (10ms)
			ResolveRequiredComponents (8ms)
	FinalizeReload (1153ms)
		ReleaseScriptCaches (0ms)
		RebuildScriptCaches (0ms)
		SetupLoadedEditorAssemblies (437ms)
			LogAssemblyErrors (0ms)
			InitializePlatformSupportModulesInManaged (9ms)
			SetLoadedEditorAssemblies (4ms)
			RefreshPlugins (0ms)
			BeforeProcessingInitializeOnLoad (47ms)
			ProcessInitializeOnLoadAttributes (348ms)
			ProcessInitializeOnLoadMethodAttributes (28ms)
			AfterProcessingInitializeOnLoad (1ms)
			EditorAssembliesLoaded (1ms)
		ExecutionOrderSort2 (0ms)
		AwakeInstancesAfterBackupRestoration (9ms)
Shader 'TextMeshPro/Distance Field (UIHsvModifier)': fallback shader 'TextMeshPro/Mobile/Distance Field (UIHsv)' not found
Shader 'TextMeshPro/Distance Field (UIHsvModifier)': fallback shader 'TextMeshPro/Mobile/Distance Field (UIHsv)' not found
Refreshing native plugins compatible for Editor in 9.16 ms, found 3 plugins.
Preloading 0 native plugins for Editor in 0.00 ms.
Unloading 6643 Unused Serialized files (Serialized files now loaded: 0)
Unloading 70 unused Assets / (1.9 MB). Loaded Objects now: 7495.
Memory consumption went from 0.93 GB to 0.93 GB.
Total: 4.452750 ms (FindLiveObjects: 0.306667 ms CreateObjectMapping: 0.116167 ms MarkObjects: 3.159666 ms  DeleteObjects: 0.869833 ms)

Prepare: number of updated asset objects reloaded= 0
AssetImportParameters requested are different than current active one (requested -> active):
  custom:container-demuxer-ogg: 62fdf1f143b41e24485cea50d1cbac27 -> 
  custom:container-muxer-webm: aa71ff27fc2769a1b78a27578f13a17b -> 
  custom:video-decoder-webm-vp8: 9c59270c3fd7afecdb556c50c9e8de78 -> 
  custom:SearchIndexIgnoredProperties: e643bd26f0fe6173181afceb89e7c659 -> 
  custom:AudioImporter_EditorPlatform: 3918e3fc78b5a79bad01e8451be0beb8 -> 
  custom:audio-decoder-ogg-vorbis: bf7c407c2cedff20999df2af8eb42d56 -> 
  custom:audio-encoder-webm-vorbis: bf7c407c2cedff20999df2af8eb42d56 -> 
  custom:scripting/precompiled-assembly-types:Assembly-CSharp: 9ab6a026f5680e3dda840a28d13b90c9 -> dd865f2bf1c65a1c7720113f429c2ed7
  custom:video-decoder-ogg-theora: a1e56fd34408186e4bbccfd4996cb3dc -> 
  custom:CustomObjectIndexerAttribute: 9a22284fe3817be447336de3de66b15e -> 
  custom:container-demuxer-webm: 4f35f7cbe854078d1ac9338744f61a02 -> 
  custom:framework-osx-AVFoundation: e770b220cccbd017edd2c1fefb359320 -> 
  custom:video-encoder-webm-vp8: eb34c28f22e8b96e1ab97ce403110664 -> 
========================================================================
Received Prepare
Caller must complete domain reload
Begin MonoManager ReloadAssembly
Thread 0x16b5c3000 may have been prematurely finalized
Symbol file LoadedFromMemory is not a mono symbol file
- Loaded All Assemblies, in  0.488 seconds
Native extension for Android target not found
Native extension for OSXStandalone target not found
Native extension for WebGL target not found
[Package Manager] Server::EnsureServerProcessIsRunning -- launch failed, reason: Unity was launched with the -noUpm command-line argument
[Package Manager] UpmClient::Send -- Unable to send message (not connected to UPM process).
[Package Manager] Cannot connect to Unity Package Manager local server
[Package Manager] Server::EnsureServerProcessIsRunning -- launch failed, reason: Unity was launched with the -noUpm command-line argument
[Package Manager] UpmClient::Send -- Unable to send message (not connected to UPM process).
[Package Manager] Cannot connect to Unity Package Manager local server
Mono: successfully reloaded assembly
- Finished resetting the current domain, in  1.258 seconds
Domain Reload Profiling: 1748ms
	BeginReloadAssembly (137ms)
		ExecutionOrderSort (0ms)
		DisableScriptedObjects (14ms)
		BackupInstance (0ms)
		ReleaseScriptingObjects (0ms)
		CreateAndSetChildDomain (49ms)
	RebuildCommonClasses (20ms)
	RebuildNativeTypeToScriptingClass (8ms)
	initialDomainReloadingComplete (19ms)
	LoadAllAssembliesAndSetupDomain (305ms)
		LoadAssemblies (303ms)
		RebuildTransferFunctionScriptingTraits (0ms)
		AnalyzeDomain (48ms)
			TypeCache.Refresh (34ms)
				TypeCache.ScanAssembly (0ms)
			ScanForSourceGeneratedMonoScriptInfo (1ms)
			ResolveRequiredComponents (12ms)
	FinalizeReload (1259ms)
		ReleaseScriptCaches (0ms)
		RebuildScriptCaches (0ms)
		SetupLoadedEditorAssemblies (499ms)
			LogAssemblyErrors (0ms)
			InitializePlatformSupportModulesInManaged (9ms)
			SetLoadedEditorAssemblies (4ms)
			RefreshPlugins (0ms)
			BeforeProcessingInitializeOnLoad (53ms)
			ProcessInitializeOnLoadAttributes (399ms)
			ProcessInitializeOnLoadMethodAttributes (31ms)
			AfterProcessingInitializeOnLoad (1ms)
			EditorAssembliesLoaded (0ms)
		ExecutionOrderSort2 (0ms)
		AwakeInstancesAfterBackupRestoration (6ms)
Shader 'TextMeshPro/Distance Field (UIHsvModifier)': fallback shader 'TextMeshPro/Mobile/Distance Field (UIHsv)' not found
Shader 'TextMeshPro/Distance Field (UIHsvModifier)': fallback shader 'TextMeshPro/Mobile/Distance Field (UIHsv)' not found
Refreshing native plugins compatible for Editor in 9.15 ms, found 3 plugins.
Preloading 0 native plugins for Editor in 0.00 ms.
Unloading 6643 Unused Serialized files (Serialized files now loaded: 0)
Unloading 70 unused Assets / (1.9 MB). Loaded Objects now: 7499.
Memory consumption went from 0.94 GB to 0.94 GB.
Total: 5.423958 ms (FindLiveObjects: 0.324292 ms CreateObjectMapping: 0.128042 ms MarkObjects: 3.775916 ms  DeleteObjects: 1.195208 ms)

Prepare: number of updated asset objects reloaded= 0
AssetImportParameters requested are different than current active one (requested -> active):
  custom:container-demuxer-ogg: 62fdf1f143b41e24485cea50d1cbac27 -> 
  custom:container-muxer-webm: aa71ff27fc2769a1b78a27578f13a17b -> 
  custom:video-decoder-webm-vp8: 9c59270c3fd7afecdb556c50c9e8de78 -> 
  custom:SearchIndexIgnoredProperties: e643bd26f0fe6173181afceb89e7c659 -> 
  custom:AudioImporter_EditorPlatform: 3918e3fc78b5a79bad01e8451be0beb8 -> 
  custom:audio-decoder-ogg-vorbis: bf7c407c2cedff20999df2af8eb42d56 -> 
  custom:audio-encoder-webm-vorbis: bf7c407c2cedff20999df2af8eb42d56 -> 
  custom:scripting/precompiled-assembly-types:Assembly-CSharp: 9ab6a026f5680e3dda840a28d13b90c9 -> dd865f2bf1c65a1c7720113f429c2ed7
  custom:video-decoder-ogg-theora: a1e56fd34408186e4bbccfd4996cb3dc -> 
  custom:CustomObjectIndexerAttribute: 9a22284fe3817be447336de3de66b15e -> 
  custom:container-demuxer-webm: 4f35f7cbe854078d1ac9338744f61a02 -> 
  custom:framework-osx-AVFoundation: e770b220cccbd017edd2c1fefb359320 -> 
  custom:video-encoder-webm-vp8: eb34c28f22e8b96e1ab97ce403110664 -> 
========================================================================
Received Prepare
Caller must complete domain reload
Begin MonoManager ReloadAssembly
Thread 0x16b5c3000 may have been prematurely finalized
Symbol file LoadedFromMemory is not a mono symbol file
- Loaded All Assemblies, in  0.550 seconds
Native extension for Android target not found
Native extension for OSXStandalone target not found
Native extension for WebGL target not found
[Package Manager] Server::EnsureServerProcessIsRunning -- launch failed, reason: Unity was launched with the -noUpm command-line argument
[Package Manager] UpmClient::Send -- Unable to send message (not connected to UPM process).
[Package Manager] Cannot connect to Unity Package Manager local server
[Package Manager] Server::EnsureServerProcessIsRunning -- launch failed, reason: Unity was launched with the -noUpm command-line argument
[Package Manager] UpmClient::Send -- Unable to send message (not connected to UPM process).
[Package Manager] Cannot connect to Unity Package Manager local server
Mono: successfully reloaded assembly
- Finished resetting the current domain, in  1.339 seconds
Domain Reload Profiling: 1890ms
	BeginReloadAssembly (126ms)
		ExecutionOrderSort (0ms)
		DisableScriptedObjects (8ms)
		BackupInstance (0ms)
		ReleaseScriptingObjects (0ms)
		CreateAndSetChildDomain (49ms)
	RebuildCommonClasses (20ms)
	RebuildNativeTypeToScriptingClass (8ms)
	initialDomainReloadingComplete (21ms)
	LoadAllAssembliesAndSetupDomain (376ms)
		LoadAssemblies (321ms)
		RebuildTransferFunctionScriptingTraits (0ms)
		AnalyzeDomain (93ms)
			TypeCache.Refresh (63ms)
				TypeCache.ScanAssembly (14ms)
			ScanForSourceGeneratedMonoScriptInfo (18ms)
			ResolveRequiredComponents (10ms)
	FinalizeReload (1339ms)
		ReleaseScriptCaches (0ms)
		RebuildScriptCaches (0ms)
		SetupLoadedEditorAssemblies (471ms)
			LogAssemblyErrors (0ms)
			InitializePlatformSupportModulesInManaged (9ms)
			SetLoadedEditorAssemblies (4ms)
			RefreshPlugins (0ms)
			BeforeProcessingInitializeOnLoad (52ms)
			ProcessInitializeOnLoadAttributes (370ms)
			ProcessInitializeOnLoadMethodAttributes (35ms)
			AfterProcessingInitializeOnLoad (1ms)
			EditorAssembliesLoaded (0ms)
		ExecutionOrderSort2 (0ms)
		AwakeInstancesAfterBackupRestoration (6ms)
Shader 'TextMeshPro/Distance Field (UIHsvModifier)': fallback shader 'TextMeshPro/Mobile/Distance Field (UIHsv)' not found
Shader 'TextMeshPro/Distance Field (UIHsvModifier)': fallback shader 'TextMeshPro/Mobile/Distance Field (UIHsv)' not found
Refreshing native plugins compatible for Editor in 6.68 ms, found 3 plugins.
Preloading 0 native plugins for Editor in 0.00 ms.
Unloading 6643 Unused Serialized files (Serialized files now loaded: 0)
Unloading 70 unused Assets / (1.8 MB). Loaded Objects now: 7503.
Memory consumption went from 0.95 GB to 0.95 GB.
Total: 4.328333 ms (FindLiveObjects: 0.278125 ms CreateObjectMapping: 0.088917 ms MarkObjects: 3.044917 ms  DeleteObjects: 0.915916 ms)

Prepare: number of updated asset objects reloaded= 0
AssetImportParameters requested are different than current active one (requested -> active):
  custom:container-demuxer-ogg: 62fdf1f143b41e24485cea50d1cbac27 -> 
  custom:container-muxer-webm: aa71ff27fc2769a1b78a27578f13a17b -> 
  custom:video-decoder-webm-vp8: 9c59270c3fd7afecdb556c50c9e8de78 -> 
  custom:SearchIndexIgnoredProperties: e643bd26f0fe6173181afceb89e7c659 -> 
  custom:AudioImporter_EditorPlatform: 3918e3fc78b5a79bad01e8451be0beb8 -> 
  custom:audio-decoder-ogg-vorbis: bf7c407c2cedff20999df2af8eb42d56 -> 
  custom:audio-encoder-webm-vorbis: bf7c407c2cedff20999df2af8eb42d56 -> 
  custom:scripting/precompiled-assembly-types:Assembly-CSharp: 9ab6a026f5680e3dda840a28d13b90c9 -> dd865f2bf1c65a1c7720113f429c2ed7
  custom:video-decoder-ogg-theora: a1e56fd34408186e4bbccfd4996cb3dc -> 
  custom:CustomObjectIndexerAttribute: 9a22284fe3817be447336de3de66b15e -> 
  custom:container-demuxer-webm: 4f35f7cbe854078d1ac9338744f61a02 -> 
  custom:framework-osx-AVFoundation: e770b220cccbd017edd2c1fefb359320 -> 
  custom:video-encoder-webm-vp8: eb34c28f22e8b96e1ab97ce403110664 -> 
========================================================================
Received Prepare
Caller must complete domain reload
Begin MonoManager ReloadAssembly
Thread 0x16b5c3000 may have been prematurely finalized
Symbol file LoadedFromMemory is not a mono symbol file
- Loaded All Assemblies, in  0.469 seconds
Native extension for Android target not found
Native extension for OSXStandalone target not found
Native extension for WebGL target not found
[Package Manager] Server::EnsureServerProcessIsRunning -- launch failed, reason: Unity was launched with the -noUpm command-line argument
[Package Manager] UpmClient::Send -- Unable to send message (not connected to UPM process).
[Package Manager] Cannot connect to Unity Package Manager local server
[Package Manager] Server::EnsureServerProcessIsRunning -- launch failed, reason: Unity was launched with the -noUpm command-line argument
[Package Manager] UpmClient::Send -- Unable to send message (not connected to UPM process).
[Package Manager] Cannot connect to Unity Package Manager local server
Mono: successfully reloaded assembly
- Finished resetting the current domain, in  1.150 seconds
Domain Reload Profiling: 1619ms
	BeginReloadAssembly (135ms)
		ExecutionOrderSort (0ms)
		DisableScriptedObjects (11ms)
		BackupInstance (0ms)
		ReleaseScriptingObjects (0ms)
		CreateAndSetChildDomain (54ms)
	RebuildCommonClasses (21ms)
	RebuildNativeTypeToScriptingClass (8ms)
	initialDomainReloadingComplete (20ms)
	LoadAllAssembliesAndSetupDomain (286ms)
		LoadAssemblies (304ms)
		RebuildTransferFunctionScriptingTraits (0ms)
		AnalyzeDomain (24ms)
			TypeCache.Refresh (15ms)
				TypeCache.ScanAssembly (0ms)
			ScanForSourceGeneratedMonoScriptInfo (0ms)
			ResolveRequiredComponents (8ms)
	FinalizeReload (1150ms)
		ReleaseScriptCaches (0ms)
		RebuildScriptCaches (0ms)
		SetupLoadedEditorAssemblies (492ms)
			LogAssemblyErrors (0ms)
			InitializePlatformSupportModulesInManaged (11ms)
			SetLoadedEditorAssemblies (5ms)
			RefreshPlugins (0ms)
			BeforeProcessingInitializeOnLoad (52ms)
			ProcessInitializeOnLoadAttributes (392ms)
			ProcessInitializeOnLoadMethodAttributes (31ms)
			AfterProcessingInitializeOnLoad (1ms)
			EditorAssembliesLoaded (0ms)
		ExecutionOrderSort2 (0ms)
		AwakeInstancesAfterBackupRestoration (7ms)
Shader 'TextMeshPro/Distance Field (UIHsvModifier)': fallback shader 'TextMeshPro/Mobile/Distance Field (UIHsv)' not found
Shader 'TextMeshPro/Distance Field (UIHsvModifier)': fallback shader 'TextMeshPro/Mobile/Distance Field (UIHsv)' not found
Refreshing native plugins compatible for Editor in 9.71 ms, found 3 plugins.
Preloading 0 native plugins for Editor in 0.00 ms.
Unloading 6643 Unused Serialized files (Serialized files now loaded: 0)
Unloading 70 unused Assets / (1.8 MB). Loaded Objects now: 7507.
Memory consumption went from 0.96 GB to 0.96 GB.
Total: 5.806083 ms (FindLiveObjects: 0.328750 ms CreateObjectMapping: 0.133916 ms MarkObjects: 4.184375 ms  DeleteObjects: 1.158167 ms)

Prepare: number of updated asset objects reloaded= 0
AssetImportParameters requested are different than current active one (requested -> active):
  custom:container-demuxer-ogg: 62fdf1f143b41e24485cea50d1cbac27 -> 
  custom:container-muxer-webm: aa71ff27fc2769a1b78a27578f13a17b -> 
  custom:video-decoder-webm-vp8: 9c59270c3fd7afecdb556c50c9e8de78 -> 
  custom:SearchIndexIgnoredProperties: e643bd26f0fe6173181afceb89e7c659 -> 
  custom:AudioImporter_EditorPlatform: 3918e3fc78b5a79bad01e8451be0beb8 -> 
  custom:audio-decoder-ogg-vorbis: bf7c407c2cedff20999df2af8eb42d56 -> 
  custom:audio-encoder-webm-vorbis: bf7c407c2cedff20999df2af8eb42d56 -> 
  custom:scripting/precompiled-assembly-types:Assembly-CSharp: 9ab6a026f5680e3dda840a28d13b90c9 -> dd865f2bf1c65a1c7720113f429c2ed7
  custom:video-decoder-ogg-theora: a1e56fd34408186e4bbccfd4996cb3dc -> 
  custom:CustomObjectIndexerAttribute: 9a22284fe3817be447336de3de66b15e -> 
  custom:container-demuxer-webm: 4f35f7cbe854078d1ac9338744f61a02 -> 
  custom:framework-osx-AVFoundation: e770b220cccbd017edd2c1fefb359320 -> 
  custom:video-encoder-webm-vp8: eb34c28f22e8b96e1ab97ce403110664 -> 
========================================================================
Received Prepare
Caller must complete domain reload
Begin MonoManager ReloadAssembly
Thread 0x16b5c3000 may have been prematurely finalized
Symbol file LoadedFromMemory is not a mono symbol file
- Loaded All Assemblies, in  0.556 seconds
Native extension for Android target not found
Native extension for OSXStandalone target not found
Native extension for WebGL target not found
[Package Manager] Server::EnsureServerProcessIsRunning -- launch failed, reason: Unity was launched with the -noUpm command-line argument
[Package Manager] UpmClient::Send -- Unable to send message (not connected to UPM process).
[Package Manager] Cannot connect to Unity Package Manager local server
[Package Manager] Server::EnsureServerProcessIsRunning -- launch failed, reason: Unity was launched with the -noUpm command-line argument
[Package Manager] UpmClient::Send -- Unable to send message (not connected to UPM process).
[Package Manager] Cannot connect to Unity Package Manager local server
Mono: successfully reloaded assembly
- Finished resetting the current domain, in  1.195 seconds
Domain Reload Profiling: 1751ms
	BeginReloadAssembly (120ms)
		ExecutionOrderSort (0ms)
		DisableScriptedObjects (11ms)
		BackupInstance (0ms)
		ReleaseScriptingObjects (0ms)
		CreateAndSetChildDomain (50ms)
	RebuildCommonClasses (20ms)
	RebuildNativeTypeToScriptingClass (8ms)
	initialDomainReloadingComplete (28ms)
	LoadAllAssembliesAndSetupDomain (379ms)
		LoadAssemblies (331ms)
		RebuildTransferFunctionScriptingTraits (0ms)
		AnalyzeDomain (85ms)
			TypeCache.Refresh (49ms)
				TypeCache.ScanAssembly (11ms)
			ScanForSourceGeneratedMonoScriptInfo (27ms)
			ResolveRequiredComponents (9ms)
	FinalizeReload (1196ms)
		ReleaseScriptCaches (0ms)
		RebuildScriptCaches (0ms)
		SetupLoadedEditorAssemblies (461ms)
			LogAssemblyErrors (0ms)
			InitializePlatformSupportModulesInManaged (8ms)
			SetLoadedEditorAssemblies (4ms)
			RefreshPlugins (0ms)
			BeforeProcessingInitializeOnLoad (50ms)
			ProcessInitializeOnLoadAttributes (370ms)
			ProcessInitializeOnLoadMethodAttributes (28ms)
			AfterProcessingInitializeOnLoad (1ms)
			EditorAssembliesLoaded (0ms)
		ExecutionOrderSort2 (0ms)
		AwakeInstancesAfterBackupRestoration (6ms)
Shader 'TextMeshPro/Distance Field (UIHsvModifier)': fallback shader 'TextMeshPro/Mobile/Distance Field (UIHsv)' not found
Shader 'TextMeshPro/Distance Field (UIHsvModifier)': fallback shader 'TextMeshPro/Mobile/Distance Field (UIHsv)' not found
Refreshing native plugins compatible for Editor in 7.61 ms, found 3 plugins.
Preloading 0 native plugins for Editor in 0.00 ms.
Unloading 6643 Unused Serialized files (Serialized files now loaded: 0)
Unloading 70 unused Assets / (1.8 MB). Loaded Objects now: 7511.
Memory consumption went from 0.97 GB to 0.96 GB.
Total: 4.907833 ms (FindLiveObjects: 0.332208 ms CreateObjectMapping: 0.090625 ms MarkObjects: 3.489625 ms  DeleteObjects: 0.994833 ms)

Prepare: number of updated asset objects reloaded= 0
AssetImportParameters requested are different than current active one (requested -> active):
  custom:container-demuxer-ogg: 62fdf1f143b41e24485cea50d1cbac27 -> 
  custom:container-muxer-webm: aa71ff27fc2769a1b78a27578f13a17b -> 
  custom:video-decoder-webm-vp8: 9c59270c3fd7afecdb556c50c9e8de78 -> 
  custom:SearchIndexIgnoredProperties: e643bd26f0fe6173181afceb89e7c659 -> 
  custom:AudioImporter_EditorPlatform: 3918e3fc78b5a79bad01e8451be0beb8 -> 
  custom:audio-decoder-ogg-vorbis: bf7c407c2cedff20999df2af8eb42d56 -> 
  custom:audio-encoder-webm-vorbis: bf7c407c2cedff20999df2af8eb42d56 -> 
  custom:scripting/precompiled-assembly-types:Assembly-CSharp: 9ab6a026f5680e3dda840a28d13b90c9 -> dd865f2bf1c65a1c7720113f429c2ed7
  custom:video-decoder-ogg-theora: a1e56fd34408186e4bbccfd4996cb3dc -> 
  custom:CustomObjectIndexerAttribute: 9a22284fe3817be447336de3de66b15e -> 
  custom:container-demuxer-webm: 4f35f7cbe854078d1ac9338744f61a02 -> 
  custom:framework-osx-AVFoundation: e770b220cccbd017edd2c1fefb359320 -> 
  custom:video-encoder-webm-vp8: eb34c28f22e8b96e1ab97ce403110664 -> 
========================================================================
Received Prepare
Caller must complete domain reload
Begin MonoManager ReloadAssembly
Thread 0x16b5c3000 may have been prematurely finalized
Symbol file LoadedFromMemory is not a mono symbol file
- Loaded All Assemblies, in  0.467 seconds
Native extension for Android target not found
Native extension for OSXStandalone target not found
Native extension for WebGL target not found
[Package Manager] Server::EnsureServerProcessIsRunning -- launch failed, reason: Unity was launched with the -noUpm command-line argument
[Package Manager] UpmClient::Send -- Unable to send message (not connected to UPM process).
[Package Manager] Cannot connect to Unity Package Manager local server
[Package Manager] Server::EnsureServerProcessIsRunning -- launch failed, reason: Unity was launched with the -noUpm command-line argument
[Package Manager] UpmClient::Send -- Unable to send message (not connected to UPM process).
[Package Manager] Cannot connect to Unity Package Manager local server
Mono: successfully reloaded assembly
- Finished resetting the current domain, in  1.191 seconds
Domain Reload Profiling: 1659ms
	BeginReloadAssembly (133ms)
		ExecutionOrderSort (0ms)
		DisableScriptedObjects (11ms)
		BackupInstance (0ms)
		ReleaseScriptingObjects (0ms)
		CreateAndSetChildDomain (54ms)
	RebuildCommonClasses (21ms)
	RebuildNativeTypeToScriptingClass (8ms)
	initialDomainReloadingComplete (24ms)
	LoadAllAssembliesAndSetupDomain (283ms)
		LoadAssemblies (300ms)
		RebuildTransferFunctionScriptingTraits (0ms)
		AnalyzeDomain (25ms)
			TypeCache.Refresh (13ms)
				TypeCache.ScanAssembly (0ms)
			ScanForSourceGeneratedMonoScriptInfo (0ms)
			ResolveRequiredComponents (10ms)
	FinalizeReload (1191ms)
		ReleaseScriptCaches (0ms)
		RebuildScriptCaches (0ms)
		SetupLoadedEditorAssemblies (498ms)
			LogAssemblyErrors (0ms)
			InitializePlatformSupportModulesInManaged (9ms)
			SetLoadedEditorAssemblies (6ms)
			RefreshPlugins (0ms)
			BeforeProcessingInitializeOnLoad (52ms)
			ProcessInitializeOnLoadAttributes (401ms)
			ProcessInitializeOnLoadMethodAttributes (29ms)
			AfterProcessingInitializeOnLoad (1ms)
			EditorAssembliesLoaded (0ms)
		ExecutionOrderSort2 (0ms)
		AwakeInstancesAfterBackupRestoration (6ms)
Shader 'TextMeshPro/Distance Field (UIHsvModifier)': fallback shader 'TextMeshPro/Mobile/Distance Field (UIHsv)' not found
Shader 'TextMeshPro/Distance Field (UIHsvModifier)': fallback shader 'TextMeshPro/Mobile/Distance Field (UIHsv)' not found
Refreshing native plugins compatible for Editor in 9.55 ms, found 3 plugins.
Preloading 0 native plugins for Editor in 0.00 ms.
Unloading 6643 Unused Serialized files (Serialized files now loaded: 0)
Unloading 70 unused Assets / (1.9 MB). Loaded Objects now: 7515.
Memory consumption went from 0.98 GB to 0.97 GB.
Total: 5.758708 ms (FindLiveObjects: 0.343584 ms CreateObjectMapping: 0.092541 ms MarkObjects: 4.154583 ms  DeleteObjects: 1.164000 ms)

Prepare: number of updated asset objects reloaded= 0
AssetImportParameters requested are different than current active one (requested -> active):
  custom:container-demuxer-ogg: 62fdf1f143b41e24485cea50d1cbac27 -> 
  custom:container-muxer-webm: aa71ff27fc2769a1b78a27578f13a17b -> 
  custom:video-decoder-webm-vp8: 9c59270c3fd7afecdb556c50c9e8de78 -> 
  custom:SearchIndexIgnoredProperties: e643bd26f0fe6173181afceb89e7c659 -> 
  custom:AudioImporter_EditorPlatform: 3918e3fc78b5a79bad01e8451be0beb8 -> 
  custom:audio-decoder-ogg-vorbis: bf7c407c2cedff20999df2af8eb42d56 -> 
  custom:audio-encoder-webm-vorbis: bf7c407c2cedff20999df2af8eb42d56 -> 
  custom:scripting/precompiled-assembly-types:Assembly-CSharp: 9ab6a026f5680e3dda840a28d13b90c9 -> dd865f2bf1c65a1c7720113f429c2ed7
  custom:video-decoder-ogg-theora: a1e56fd34408186e4bbccfd4996cb3dc -> 
  custom:CustomObjectIndexerAttribute: 9a22284fe3817be447336de3de66b15e -> 
  custom:container-demuxer-webm: 4f35f7cbe854078d1ac9338744f61a02 -> 
  custom:framework-osx-AVFoundation: e770b220cccbd017edd2c1fefb359320 -> 
  custom:video-encoder-webm-vp8: eb34c28f22e8b96e1ab97ce403110664 -> 
========================================================================
Received Prepare
Caller must complete domain reload
Begin MonoManager ReloadAssembly
Thread 0x16b5c3000 may have been prematurely finalized
Symbol file LoadedFromMemory is not a mono symbol file
- Loaded All Assemblies, in  0.555 seconds
Native extension for Android target not found
Native extension for OSXStandalone target not found
Native extension for WebGL target not found
[Package Manager] Server::EnsureServerProcessIsRunning -- launch failed, reason: Unity was launched with the -noUpm command-line argument
[Package Manager] UpmClient::Send -- Unable to send message (not connected to UPM process).
[Package Manager] Cannot connect to Unity Package Manager local server
[Package Manager] Server::EnsureServerProcessIsRunning -- launch failed, reason: Unity was launched with the -noUpm command-line argument
[Package Manager] UpmClient::Send -- Unable to send message (not connected to UPM process).
[Package Manager] Cannot connect to Unity Package Manager local server
Mono: successfully reloaded assembly
- Finished resetting the current domain, in  1.231 seconds
Domain Reload Profiling: 1787ms
	BeginReloadAssembly (122ms)
		ExecutionOrderSort (0ms)
		DisableScriptedObjects (12ms)
		BackupInstance (0ms)
		ReleaseScriptingObjects (0ms)
		CreateAndSetChildDomain (49ms)
	RebuildCommonClasses (23ms)
	RebuildNativeTypeToScriptingClass (8ms)
	initialDomainReloadingComplete (18ms)
	LoadAllAssembliesAndSetupDomain (384ms)
		LoadAssemblies (349ms)
		RebuildTransferFunctionScriptingTraits (0ms)
		AnalyzeDomain (71ms)
			TypeCache.Refresh (52ms)
				TypeCache.ScanAssembly (14ms)
			ScanForSourceGeneratedMonoScriptInfo (11ms)
			ResolveRequiredComponents (7ms)
	FinalizeReload (1232ms)
		ReleaseScriptCaches (0ms)
		RebuildScriptCaches (0ms)
		SetupLoadedEditorAssemblies (453ms)
			LogAssemblyErrors (0ms)
			InitializePlatformSupportModulesInManaged (9ms)
			SetLoadedEditorAssemblies (6ms)
			RefreshPlugins (0ms)
			BeforeProcessingInitializeOnLoad (50ms)
			ProcessInitializeOnLoadAttributes (359ms)
			ProcessInitializeOnLoadMethodAttributes (28ms)
			AfterProcessingInitializeOnLoad (1ms)
			EditorAssembliesLoaded (0ms)
		ExecutionOrderSort2 (0ms)
		AwakeInstancesAfterBackupRestoration (6ms)
Shader 'TextMeshPro/Distance Field (UIHsvModifier)': fallback shader 'TextMeshPro/Mobile/Distance Field (UIHsv)' not found
Shader 'TextMeshPro/Distance Field (UIHsvModifier)': fallback shader 'TextMeshPro/Mobile/Distance Field (UIHsv)' not found
Refreshing native plugins compatible for Editor in 6.74 ms, found 3 plugins.
Preloading 0 native plugins for Editor in 0.00 ms.
Unloading 6643 Unused Serialized files (Serialized files now loaded: 0)
Unloading 70 unused Assets / (1.9 MB). Loaded Objects now: 7519.
Memory consumption went from 0.99 GB to 0.98 GB.
Total: 4.290500 ms (FindLiveObjects: 0.288667 ms CreateObjectMapping: 0.089625 ms MarkObjects: 3.032250 ms  DeleteObjects: 0.879375 ms)

Prepare: number of updated asset objects reloaded= 0
AssetImportParameters requested are different than current active one (requested -> active):
  custom:container-demuxer-ogg: 62fdf1f143b41e24485cea50d1cbac27 -> 
  custom:container-muxer-webm: aa71ff27fc2769a1b78a27578f13a17b -> 
  custom:video-decoder-webm-vp8: 9c59270c3fd7afecdb556c50c9e8de78 -> 
  custom:SearchIndexIgnoredProperties: e643bd26f0fe6173181afceb89e7c659 -> 
  custom:AudioImporter_EditorPlatform: 3918e3fc78b5a79bad01e8451be0beb8 -> 
  custom:audio-decoder-ogg-vorbis: bf7c407c2cedff20999df2af8eb42d56 -> 
  custom:audio-encoder-webm-vorbis: bf7c407c2cedff20999df2af8eb42d56 -> 
  custom:scripting/precompiled-assembly-types:Assembly-CSharp: 9ab6a026f5680e3dda840a28d13b90c9 -> dd865f2bf1c65a1c7720113f429c2ed7
  custom:video-decoder-ogg-theora: a1e56fd34408186e4bbccfd4996cb3dc -> 
  custom:CustomObjectIndexerAttribute: 9a22284fe3817be447336de3de66b15e -> 
  custom:container-demuxer-webm: 4f35f7cbe854078d1ac9338744f61a02 -> 
  custom:framework-osx-AVFoundation: e770b220cccbd017edd2c1fefb359320 -> 
  custom:video-encoder-webm-vp8: eb34c28f22e8b96e1ab97ce403110664 -> 
========================================================================
Received Prepare
Caller must complete domain reload
Begin MonoManager ReloadAssembly
Thread 0x16b5c3000 may have been prematurely finalized
Symbol file LoadedFromMemory is not a mono symbol file
- Loaded All Assemblies, in  0.501 seconds
Native extension for Android target not found
Native extension for OSXStandalone target not found
Native extension for WebGL target not found
[Package Manager] Server::EnsureServerProcessIsRunning -- launch failed, reason: Unity was launched with the -noUpm command-line argument
[Package Manager] UpmClient::Send -- Unable to send message (not connected to UPM process).
[Package Manager] Cannot connect to Unity Package Manager local server
[Package Manager] Server::EnsureServerProcessIsRunning -- launch failed, reason: Unity was launched with the -noUpm command-line argument
[Package Manager] UpmClient::Send -- Unable to send message (not connected to UPM process).
[Package Manager] Cannot connect to Unity Package Manager local server
Mono: successfully reloaded assembly
- Finished resetting the current domain, in  1.257 seconds
Domain Reload Profiling: 1760ms
	BeginReloadAssembly (137ms)
		ExecutionOrderSort (0ms)
		DisableScriptedObjects (11ms)
		BackupInstance (0ms)
		ReleaseScriptingObjects (0ms)
		CreateAndSetChildDomain (56ms)
	RebuildCommonClasses (21ms)
	RebuildNativeTypeToScriptingClass (8ms)
	initialDomainReloadingComplete (27ms)
	LoadAllAssembliesAndSetupDomain (309ms)
		LoadAssemblies (291ms)
		RebuildTransferFunctionScriptingTraits (0ms)
		AnalyzeDomain (57ms)
			TypeCache.Refresh (45ms)
				TypeCache.ScanAssembly (0ms)
			ScanForSourceGeneratedMonoScriptInfo (0ms)
			ResolveRequiredComponents (11ms)
	FinalizeReload (1257ms)
		ReleaseScriptCaches (0ms)
		RebuildScriptCaches (0ms)
		SetupLoadedEditorAssemblies (517ms)
			LogAssemblyErrors (1ms)
			InitializePlatformSupportModulesInManaged (11ms)
			SetLoadedEditorAssemblies (4ms)
			RefreshPlugins (0ms)
			BeforeProcessingInitializeOnLoad (53ms)
			ProcessInitializeOnLoadAttributes (410ms)
			ProcessInitializeOnLoadMethodAttributes (36ms)
			AfterProcessingInitializeOnLoad (1ms)
			EditorAssembliesLoaded (1ms)
		ExecutionOrderSort2 (0ms)
		AwakeInstancesAfterBackupRestoration (6ms)
Shader 'TextMeshPro/Distance Field (UIHsvModifier)': fallback shader 'TextMeshPro/Mobile/Distance Field (UIHsv)' not found
Shader 'TextMeshPro/Distance Field (UIHsvModifier)': fallback shader 'TextMeshPro/Mobile/Distance Field (UIHsv)' not found
Refreshing native plugins compatible for Editor in 9.67 ms, found 3 plugins.
Preloading 0 native plugins for Editor in 0.00 ms.
Unloading 6643 Unused Serialized files (Serialized files now loaded: 0)
Unloading 70 unused Assets / (1.8 MB). Loaded Objects now: 7523.
Memory consumption went from 1.00 GB to 0.99 GB.
Total: 8.395542 ms (FindLiveObjects: 0.318000 ms CreateObjectMapping: 0.100666 ms MarkObjects: 6.766792 ms  DeleteObjects: 1.208667 ms)

Prepare: number of updated asset objects reloaded= 0
AssetImportParameters requested are different than current active one (requested -> active):
  custom:container-demuxer-ogg: 62fdf1f143b41e24485cea50d1cbac27 -> 
  custom:container-muxer-webm: aa71ff27fc2769a1b78a27578f13a17b -> 
  custom:video-decoder-webm-vp8: 9c59270c3fd7afecdb556c50c9e8de78 -> 
  custom:SearchIndexIgnoredProperties: e643bd26f0fe6173181afceb89e7c659 -> 
  custom:AudioImporter_EditorPlatform: 3918e3fc78b5a79bad01e8451be0beb8 -> 
  custom:audio-decoder-ogg-vorbis: bf7c407c2cedff20999df2af8eb42d56 -> 
  custom:audio-encoder-webm-vorbis: bf7c407c2cedff20999df2af8eb42d56 -> 
  custom:scripting/precompiled-assembly-types:Assembly-CSharp: 9ab6a026f5680e3dda840a28d13b90c9 -> dd865f2bf1c65a1c7720113f429c2ed7
  custom:video-decoder-ogg-theora: a1e56fd34408186e4bbccfd4996cb3dc -> 
  custom:CustomObjectIndexerAttribute: 9a22284fe3817be447336de3de66b15e -> 
  custom:container-demuxer-webm: 4f35f7cbe854078d1ac9338744f61a02 -> 
  custom:framework-osx-AVFoundation: e770b220cccbd017edd2c1fefb359320 -> 
  custom:video-encoder-webm-vp8: eb34c28f22e8b96e1ab97ce403110664 -> 
========================================================================
Received Prepare
Caller must complete domain reload
Begin MonoManager ReloadAssembly
Thread 0x16b5c3000 may have been prematurely finalized
Symbol file LoadedFromMemory is not a mono symbol file
- Loaded All Assemblies, in  1.155 seconds
Native extension for Android target not found
Native extension for OSXStandalone target not found
Native extension for WebGL target not found
[Package Manager] Server::EnsureServerProcessIsRunning -- launch failed, reason: Unity was launched with the -noUpm command-line argument
[Package Manager] UpmClient::Send -- Unable to send message (not connected to UPM process).
[Package Manager] Cannot connect to Unity Package Manager local server
[Package Manager] Server::EnsureServerProcessIsRunning -- launch failed, reason: Unity was launched with the -noUpm command-line argument
[Package Manager] UpmClient::Send -- Unable to send message (not connected to UPM process).
[Package Manager] Cannot connect to Unity Package Manager local server
Mono: successfully reloaded assembly
- Finished resetting the current domain, in  1.338 seconds
Domain Reload Profiling: 2496ms
	BeginReloadAssembly (147ms)
		ExecutionOrderSort (0ms)
		DisableScriptedObjects (11ms)
		BackupInstance (0ms)
		ReleaseScriptingObjects (0ms)
		CreateAndSetChildDomain (56ms)
	RebuildCommonClasses (20ms)
	RebuildNativeTypeToScriptingClass (9ms)
	initialDomainReloadingComplete (37ms)
	LoadAllAssembliesAndSetupDomain (945ms)
		LoadAssemblies (818ms)
		RebuildTransferFunctionScriptingTraits (0ms)
		AnalyzeDomain (175ms)
			TypeCache.Refresh (87ms)
				TypeCache.ScanAssembly (18ms)
			ScanForSourceGeneratedMonoScriptInfo (62ms)
			ResolveRequiredComponents (25ms)
	FinalizeReload (1338ms)
		ReleaseScriptCaches (0ms)
		RebuildScriptCaches (0ms)
		SetupLoadedEditorAssemblies (460ms)
			LogAssemblyErrors (0ms)
			InitializePlatformSupportModulesInManaged (11ms)
			SetLoadedEditorAssemblies (4ms)
			RefreshPlugins (0ms)
			BeforeProcessingInitializeOnLoad (53ms)
			ProcessInitializeOnLoadAttributes (362ms)
			ProcessInitializeOnLoadMethodAttributes (29ms)
			AfterProcessingInitializeOnLoad (1ms)
			EditorAssembliesLoaded (0ms)
		ExecutionOrderSort2 (0ms)
		AwakeInstancesAfterBackupRestoration (7ms)
Shader 'TextMeshPro/Distance Field (UIHsvModifier)': fallback shader 'TextMeshPro/Mobile/Distance Field (UIHsv)' not found
Shader 'TextMeshPro/Distance Field (UIHsvModifier)': fallback shader 'TextMeshPro/Mobile/Distance Field (UIHsv)' not found
Refreshing native plugins compatible for Editor in 6.87 ms, found 3 plugins.
Preloading 0 native plugins for Editor in 0.00 ms.
Unloading 6643 Unused Serialized files (Serialized files now loaded: 0)
Unloading 70 unused Assets / (1.8 MB). Loaded Objects now: 7527.
Memory consumption went from 1.00 GB to 1.00 GB.
Total: 4.585584 ms (FindLiveObjects: 0.351167 ms CreateObjectMapping: 0.120416 ms MarkObjects: 3.209667 ms  DeleteObjects: 0.903792 ms)

Prepare: number of updated asset objects reloaded= 0
AssetImportParameters requested are different than current active one (requested -> active):
  custom:container-demuxer-ogg: 62fdf1f143b41e24485cea50d1cbac27 -> 
  custom:container-muxer-webm: aa71ff27fc2769a1b78a27578f13a17b -> 
  custom:video-decoder-webm-vp8: 9c59270c3fd7afecdb556c50c9e8de78 -> 
  custom:SearchIndexIgnoredProperties: e643bd26f0fe6173181afceb89e7c659 -> 
  custom:AudioImporter_EditorPlatform: 3918e3fc78b5a79bad01e8451be0beb8 -> 
  custom:audio-decoder-ogg-vorbis: bf7c407c2cedff20999df2af8eb42d56 -> 
  custom:audio-encoder-webm-vorbis: bf7c407c2cedff20999df2af8eb42d56 -> 
  custom:scripting/precompiled-assembly-types:Assembly-CSharp: a0835f64333928775a952eaf5a03a91f -> dd865f2bf1c65a1c7720113f429c2ed7
  custom:video-decoder-ogg-theora: a1e56fd34408186e4bbccfd4996cb3dc -> 
  custom:CustomObjectIndexerAttribute: 9a22284fe3817be447336de3de66b15e -> 
  custom:container-demuxer-webm: 4f35f7cbe854078d1ac9338744f61a02 -> 
  custom:framework-osx-AVFoundation: e770b220cccbd017edd2c1fefb359320 -> 
  custom:video-encoder-webm-vp8: eb34c28f22e8b96e1ab97ce403110664 -> 
========================================================================
Received Prepare
Caller must complete domain reload
Begin MonoManager ReloadAssembly
Thread 0x16b5c3000 may have been prematurely finalized
Symbol file LoadedFromMemory is not a mono symbol file
- Loaded All Assemblies, in  0.523 seconds
Native extension for Android target not found
Native extension for OSXStandalone target not found
Native extension for WebGL target not found
[Package Manager] Server::EnsureServerProcessIsRunning -- launch failed, reason: Unity was launched with the -noUpm command-line argument
[Package Manager] UpmClient::Send -- Unable to send message (not connected to UPM process).
[Package Manager] Cannot connect to Unity Package Manager local server
[Package Manager] Server::EnsureServerProcessIsRunning -- launch failed, reason: Unity was launched with the -noUpm command-line argument
[Package Manager] UpmClient::Send -- Unable to send message (not connected to UPM process).
[Package Manager] Cannot connect to Unity Package Manager local server
Mono: successfully reloaded assembly
- Finished resetting the current domain, in  1.461 seconds
Domain Reload Profiling: 1985ms
	BeginReloadAssembly (153ms)
		ExecutionOrderSort (0ms)
		DisableScriptedObjects (9ms)
		BackupInstance (0ms)
		ReleaseScriptingObjects (0ms)
		CreateAndSetChildDomain (50ms)
	RebuildCommonClasses (21ms)
	RebuildNativeTypeToScriptingClass (8ms)
	initialDomainReloadingComplete (22ms)
	LoadAllAssembliesAndSetupDomain (321ms)
		LoadAssemblies (357ms)
		RebuildTransferFunctionScriptingTraits (0ms)
		AnalyzeDomain (30ms)
			TypeCache.Refresh (20ms)
				TypeCache.ScanAssembly (0ms)
			ScanForSourceGeneratedMonoScriptInfo (0ms)
			ResolveRequiredComponents (9ms)
	FinalizeReload (1461ms)
		ReleaseScriptCaches (0ms)
		RebuildScriptCaches (0ms)
		SetupLoadedEditorAssemblies (525ms)
			LogAssemblyErrors (0ms)
			InitializePlatformSupportModulesInManaged (10ms)
			SetLoadedEditorAssemblies (5ms)
			RefreshPlugins (0ms)
			BeforeProcessingInitializeOnLoad (54ms)
			ProcessInitializeOnLoadAttributes (425ms)
			ProcessInitializeOnLoadMethodAttributes (30ms)
			AfterProcessingInitializeOnLoad (1ms)
			EditorAssembliesLoaded (1ms)
		ExecutionOrderSort2 (0ms)
		AwakeInstancesAfterBackupRestoration (7ms)
Shader 'TextMeshPro/Distance Field (UIHsvModifier)': fallback shader 'TextMeshPro/Mobile/Distance Field (UIHsv)' not found
Shader 'TextMeshPro/Distance Field (UIHsvModifier)': fallback shader 'TextMeshPro/Mobile/Distance Field (UIHsv)' not found
Refreshing native plugins compatible for Editor in 9.49 ms, found 3 plugins.
Preloading 0 native plugins for Editor in 0.00 ms.
Unloading 6643 Unused Serialized files (Serialized files now loaded: 0)
Unloading 70 unused Assets / (1.9 MB). Loaded Objects now: 7531.
Memory consumption went from 1.01 GB to 1.01 GB.
Total: 7.504458 ms (FindLiveObjects: 0.450375 ms CreateObjectMapping: 0.102208 ms MarkObjects: 5.373125 ms  DeleteObjects: 1.577916 ms)

Prepare: number of updated asset objects reloaded= 0
AssetImportParameters requested are different than current active one (requested -> active):
  custom:container-demuxer-ogg: 62fdf1f143b41e24485cea50d1cbac27 -> 
  custom:container-muxer-webm: aa71ff27fc2769a1b78a27578f13a17b -> 
  custom:video-decoder-webm-vp8: 9c59270c3fd7afecdb556c50c9e8de78 -> 
  custom:SearchIndexIgnoredProperties: e643bd26f0fe6173181afceb89e7c659 -> 
  custom:AudioImporter_EditorPlatform: 3918e3fc78b5a79bad01e8451be0beb8 -> 
  custom:audio-decoder-ogg-vorbis: bf7c407c2cedff20999df2af8eb42d56 -> 
  custom:audio-encoder-webm-vorbis: bf7c407c2cedff20999df2af8eb42d56 -> 
  custom:scripting/precompiled-assembly-types:Assembly-CSharp: a0835f64333928775a952eaf5a03a91f -> dd865f2bf1c65a1c7720113f429c2ed7
  custom:video-decoder-ogg-theora: a1e56fd34408186e4bbccfd4996cb3dc -> 
  custom:CustomObjectIndexerAttribute: 9a22284fe3817be447336de3de66b15e -> 
  custom:container-demuxer-webm: 4f35f7cbe854078d1ac9338744f61a02 -> 
  custom:framework-osx-AVFoundation: e770b220cccbd017edd2c1fefb359320 -> 
  custom:video-encoder-webm-vp8: eb34c28f22e8b96e1ab97ce403110664 -> 
========================================================================
Received Prepare
Caller must complete domain reload
Begin MonoManager ReloadAssembly
Thread 0x16b5c3000 may have been prematurely finalized
Symbol file LoadedFromMemory is not a mono symbol file
- Loaded All Assemblies, in  0.569 seconds
Native extension for Android target not found
Native extension for OSXStandalone target not found
Native extension for WebGL target not found
[Package Manager] Server::EnsureServerProcessIsRunning -- launch failed, reason: Unity was launched with the -noUpm command-line argument
[Package Manager] UpmClient::Send -- Unable to send message (not connected to UPM process).
[Package Manager] Cannot connect to Unity Package Manager local server
[Package Manager] Server::EnsureServerProcessIsRunning -- launch failed, reason: Unity was launched with the -noUpm command-line argument
[Package Manager] UpmClient::Send -- Unable to send message (not connected to UPM process).
[Package Manager] Cannot connect to Unity Package Manager local server
Mono: successfully reloaded assembly
- Finished resetting the current domain, in  1.191 seconds
Domain Reload Profiling: 1760ms
	BeginReloadAssembly (123ms)
		ExecutionOrderSort (0ms)
		DisableScriptedObjects (12ms)
		BackupInstance (0ms)
		ReleaseScriptingObjects (0ms)
		CreateAndSetChildDomain (47ms)
	RebuildCommonClasses (21ms)
	RebuildNativeTypeToScriptingClass (8ms)
	initialDomainReloadingComplete (17ms)
	LoadAllAssembliesAndSetupDomain (401ms)
		LoadAssemblies (361ms)
		RebuildTransferFunctionScriptingTraits (0ms)
		AnalyzeDomain (75ms)
			TypeCache.Refresh (56ms)
				TypeCache.ScanAssembly (16ms)
			ScanForSourceGeneratedMonoScriptInfo (10ms)
			ResolveRequiredComponents (8ms)
	FinalizeReload (1191ms)
		ReleaseScriptCaches (0ms)
		RebuildScriptCaches (0ms)
		SetupLoadedEditorAssemblies (466ms)
			LogAssemblyErrors (0ms)
			InitializePlatformSupportModulesInManaged (9ms)
			SetLoadedEditorAssemblies (4ms)
			RefreshPlugins (0ms)
			BeforeProcessingInitializeOnLoad (52ms)
			ProcessInitializeOnLoadAttributes (372ms)
			ProcessInitializeOnLoadMethodAttributes (28ms)
			AfterProcessingInitializeOnLoad (1ms)
			EditorAssembliesLoaded (0ms)
		ExecutionOrderSort2 (0ms)
		AwakeInstancesAfterBackupRestoration (6ms)
Shader 'TextMeshPro/Distance Field (UIHsvModifier)': fallback shader 'TextMeshPro/Mobile/Distance Field (UIHsv)' not found
Shader 'TextMeshPro/Distance Field (UIHsvModifier)': fallback shader 'TextMeshPro/Mobile/Distance Field (UIHsv)' not found
Refreshing native plugins compatible for Editor in 8.48 ms, found 3 plugins.
Preloading 0 native plugins for Editor in 0.00 ms.
Unloading 6643 Unused Serialized files (Serialized files now loaded: 0)
Unloading 70 unused Assets / (1.9 MB). Loaded Objects now: 7535.
Memory consumption went from 1.02 GB to 1.02 GB.
Total: 4.648042 ms (FindLiveObjects: 0.303500 ms CreateObjectMapping: 0.091084 ms MarkObjects: 3.312583 ms  DeleteObjects: 0.940417 ms)

Prepare: number of updated asset objects reloaded= 0
AssetImportParameters requested are different than current active one (requested -> active):
  custom:container-demuxer-ogg: 62fdf1f143b41e24485cea50d1cbac27 -> 
  custom:container-muxer-webm: aa71ff27fc2769a1b78a27578f13a17b -> 
  custom:video-decoder-webm-vp8: 9c59270c3fd7afecdb556c50c9e8de78 -> 
  custom:SearchIndexIgnoredProperties: e643bd26f0fe6173181afceb89e7c659 -> 
  custom:AudioImporter_EditorPlatform: 3918e3fc78b5a79bad01e8451be0beb8 -> 
  custom:audio-decoder-ogg-vorbis: bf7c407c2cedff20999df2af8eb42d56 -> 
  custom:audio-encoder-webm-vorbis: bf7c407c2cedff20999df2af8eb42d56 -> 
  custom:scripting/precompiled-assembly-types:Assembly-CSharp: a0835f64333928775a952eaf5a03a91f -> dd865f2bf1c65a1c7720113f429c2ed7
  custom:video-decoder-ogg-theora: a1e56fd34408186e4bbccfd4996cb3dc -> 
  custom:CustomObjectIndexerAttribute: 9a22284fe3817be447336de3de66b15e -> 
  custom:container-demuxer-webm: 4f35f7cbe854078d1ac9338744f61a02 -> 
  custom:framework-osx-AVFoundation: e770b220cccbd017edd2c1fefb359320 -> 
  custom:video-encoder-webm-vp8: eb34c28f22e8b96e1ab97ce403110664 -> 
========================================================================
Received Prepare
Caller must complete domain reload
Begin MonoManager ReloadAssembly
Thread 0x16b5c3000 may have been prematurely finalized
Symbol file LoadedFromMemory is not a mono symbol file
- Loaded All Assemblies, in  0.468 seconds
Native extension for Android target not found
Native extension for OSXStandalone target not found
Native extension for WebGL target not found
[Package Manager] Server::EnsureServerProcessIsRunning -- launch failed, reason: Unity was launched with the -noUpm command-line argument
[Package Manager] UpmClient::Send -- Unable to send message (not connected to UPM process).
[Package Manager] Cannot connect to Unity Package Manager local server
[Package Manager] Server::EnsureServerProcessIsRunning -- launch failed, reason: Unity was launched with the -noUpm command-line argument
[Package Manager] UpmClient::Send -- Unable to send message (not connected to UPM process).
[Package Manager] Cannot connect to Unity Package Manager local server
Mono: successfully reloaded assembly
- Finished resetting the current domain, in  1.208 seconds
Domain Reload Profiling: 1677ms
	BeginReloadAssembly (128ms)
		ExecutionOrderSort (0ms)
		DisableScriptedObjects (12ms)
		BackupInstance (0ms)
		ReleaseScriptingObjects (0ms)
		CreateAndSetChildDomain (46ms)
	RebuildCommonClasses (22ms)
	RebuildNativeTypeToScriptingClass (8ms)
	initialDomainReloadingComplete (26ms)
	LoadAllAssembliesAndSetupDomain (285ms)
		LoadAssemblies (303ms)
		RebuildTransferFunctionScriptingTraits (0ms)
		AnalyzeDomain (26ms)
			TypeCache.Refresh (16ms)
				TypeCache.ScanAssembly (0ms)
			ScanForSourceGeneratedMonoScriptInfo (0ms)
			ResolveRequiredComponents (9ms)
	FinalizeReload (1209ms)
		ReleaseScriptCaches (0ms)
		RebuildScriptCaches (0ms)
		SetupLoadedEditorAssemblies (499ms)
			LogAssemblyErrors (0ms)
			InitializePlatformSupportModulesInManaged (11ms)
			SetLoadedEditorAssemblies (7ms)
			RefreshPlugins (0ms)
			BeforeProcessingInitializeOnLoad (52ms)
			ProcessInitializeOnLoadAttributes (392ms)
			ProcessInitializeOnLoadMethodAttributes (36ms)
			AfterProcessingInitializeOnLoad (1ms)
			EditorAssembliesLoaded (0ms)
		ExecutionOrderSort2 (0ms)
		AwakeInstancesAfterBackupRestoration (6ms)
Shader 'TextMeshPro/Distance Field (UIHsvModifier)': fallback shader 'TextMeshPro/Mobile/Distance Field (UIHsv)' not found
Shader 'TextMeshPro/Distance Field (UIHsvModifier)': fallback shader 'TextMeshPro/Mobile/Distance Field (UIHsv)' not found
Refreshing native plugins compatible for Editor in 7.28 ms, found 3 plugins.
Preloading 0 native plugins for Editor in 0.00 ms.
Unloading 6643 Unused Serialized files (Serialized files now loaded: 0)
Unloading 70 unused Assets / (1.9 MB). Loaded Objects now: 7539.
Memory consumption went from 1.03 GB to 1.03 GB.
Total: 5.897458 ms (FindLiveObjects: 0.362750 ms CreateObjectMapping: 0.116000 ms MarkObjects: 4.283625 ms  DeleteObjects: 1.134583 ms)

Prepare: number of updated asset objects reloaded= 0
AssetImportParameters requested are different than current active one (requested -> active):
  custom:container-demuxer-ogg: 62fdf1f143b41e24485cea50d1cbac27 -> 
  custom:container-muxer-webm: aa71ff27fc2769a1b78a27578f13a17b -> 
  custom:video-decoder-webm-vp8: 9c59270c3fd7afecdb556c50c9e8de78 -> 
  custom:SearchIndexIgnoredProperties: e643bd26f0fe6173181afceb89e7c659 -> 
  custom:AudioImporter_EditorPlatform: 3918e3fc78b5a79bad01e8451be0beb8 -> 
  custom:audio-decoder-ogg-vorbis: bf7c407c2cedff20999df2af8eb42d56 -> 
  custom:audio-encoder-webm-vorbis: bf7c407c2cedff20999df2af8eb42d56 -> 
  custom:scripting/precompiled-assembly-types:Assembly-CSharp: a0835f64333928775a952eaf5a03a91f -> dd865f2bf1c65a1c7720113f429c2ed7
  custom:video-decoder-ogg-theora: a1e56fd34408186e4bbccfd4996cb3dc -> 
  custom:CustomObjectIndexerAttribute: 9a22284fe3817be447336de3de66b15e -> 
  custom:container-demuxer-webm: 4f35f7cbe854078d1ac9338744f61a02 -> 
  custom:framework-osx-AVFoundation: e770b220cccbd017edd2c1fefb359320 -> 
  custom:video-encoder-webm-vp8: eb34c28f22e8b96e1ab97ce403110664 -> 
========================================================================
Received Prepare
Caller must complete domain reload
Begin MonoManager ReloadAssembly
Thread 0x16b5c3000 may have been prematurely finalized
Symbol file LoadedFromMemory is not a mono symbol file
- Loaded All Assemblies, in  0.563 seconds
Native extension for Android target not found
Native extension for OSXStandalone target not found
Native extension for WebGL target not found
[Package Manager] Server::EnsureServerProcessIsRunning -- launch failed, reason: Unity was launched with the -noUpm command-line argument
[Package Manager] UpmClient::Send -- Unable to send message (not connected to UPM process).
[Package Manager] Cannot connect to Unity Package Manager local server
[Package Manager] Server::EnsureServerProcessIsRunning -- launch failed, reason: Unity was launched with the -noUpm command-line argument
[Package Manager] UpmClient::Send -- Unable to send message (not connected to UPM process).
[Package Manager] Cannot connect to Unity Package Manager local server
Mono: successfully reloaded assembly
- Finished resetting the current domain, in  1.170 seconds
Domain Reload Profiling: 1734ms
	BeginReloadAssembly (124ms)
		ExecutionOrderSort (0ms)
		DisableScriptedObjects (8ms)
		BackupInstance (0ms)
		ReleaseScriptingObjects (0ms)
		CreateAndSetChildDomain (51ms)
	RebuildCommonClasses (20ms)
	RebuildNativeTypeToScriptingClass (8ms)
	initialDomainReloadingComplete (20ms)
	LoadAllAssembliesAndSetupDomain (390ms)
		LoadAssemblies (350ms)
		RebuildTransferFunctionScriptingTraits (0ms)
		AnalyzeDomain (77ms)
			TypeCache.Refresh (53ms)
				TypeCache.ScanAssembly (11ms)
			ScanForSourceGeneratedMonoScriptInfo (16ms)
			ResolveRequiredComponents (7ms)
	FinalizeReload (1171ms)
		ReleaseScriptCaches (0ms)
		RebuildScriptCaches (0ms)
		SetupLoadedEditorAssemblies (441ms)
			LogAssemblyErrors (0ms)
			InitializePlatformSupportModulesInManaged (9ms)
			SetLoadedEditorAssemblies (4ms)
			RefreshPlugins (0ms)
			BeforeProcessingInitializeOnLoad (49ms)
			ProcessInitializeOnLoadAttributes (350ms)
			ProcessInitializeOnLoadMethodAttributes (29ms)
			AfterProcessingInitializeOnLoad (1ms)
			EditorAssembliesLoaded (0ms)
		ExecutionOrderSort2 (0ms)
		AwakeInstancesAfterBackupRestoration (6ms)
Shader 'TextMeshPro/Distance Field (UIHsvModifier)': fallback shader 'TextMeshPro/Mobile/Distance Field (UIHsv)' not found
Shader 'TextMeshPro/Distance Field (UIHsvModifier)': fallback shader 'TextMeshPro/Mobile/Distance Field (UIHsv)' not found
Refreshing native plugins compatible for Editor in 23.71 ms, found 3 plugins.
Preloading 0 native plugins for Editor in 0.00 ms.
Unloading 6643 Unused Serialized files (Serialized files now loaded: 0)
Unloading 70 unused Assets / (1.8 MB). Loaded Objects now: 7543.
Memory consumption went from 1.04 GB to 1.04 GB.
Total: 4.371250 ms (FindLiveObjects: 0.304917 ms CreateObjectMapping: 0.107916 ms MarkObjects: 3.108250 ms  DeleteObjects: 0.849334 ms)

Prepare: number of updated asset objects reloaded= 0
AssetImportParameters requested are different than current active one (requested -> active):
  custom:container-demuxer-ogg: 62fdf1f143b41e24485cea50d1cbac27 -> 
  custom:container-muxer-webm: aa71ff27fc2769a1b78a27578f13a17b -> 
  custom:video-decoder-webm-vp8: 9c59270c3fd7afecdb556c50c9e8de78 -> 
  custom:SearchIndexIgnoredProperties: e643bd26f0fe6173181afceb89e7c659 -> 
  custom:AudioImporter_EditorPlatform: 3918e3fc78b5a79bad01e8451be0beb8 -> 
  custom:audio-decoder-ogg-vorbis: bf7c407c2cedff20999df2af8eb42d56 -> 
  custom:audio-encoder-webm-vorbis: bf7c407c2cedff20999df2af8eb42d56 -> 
  custom:scripting/precompiled-assembly-types:Assembly-CSharp: a0835f64333928775a952eaf5a03a91f -> dd865f2bf1c65a1c7720113f429c2ed7
  custom:video-decoder-ogg-theora: a1e56fd34408186e4bbccfd4996cb3dc -> 
  custom:CustomObjectIndexerAttribute: 9a22284fe3817be447336de3de66b15e -> 
  custom:container-demuxer-webm: 4f35f7cbe854078d1ac9338744f61a02 -> 
  custom:framework-osx-AVFoundation: e770b220cccbd017edd2c1fefb359320 -> 
  custom:video-encoder-webm-vp8: eb34c28f22e8b96e1ab97ce403110664 -> 
========================================================================
Received Prepare
Caller must complete domain reload
Begin MonoManager ReloadAssembly
Thread 0x16b5c3000 may have been prematurely finalized
Symbol file LoadedFromMemory is not a mono symbol file
- Loaded All Assemblies, in  0.482 seconds
Native extension for Android target not found
Native extension for OSXStandalone target not found
Native extension for WebGL target not found
[Package Manager] Server::EnsureServerProcessIsRunning -- launch failed, reason: Unity was launched with the -noUpm command-line argument
[Package Manager] UpmClient::Send -- Unable to send message (not connected to UPM process).
[Package Manager] Cannot connect to Unity Package Manager local server
[Package Manager] Server::EnsureServerProcessIsRunning -- launch failed, reason: Unity was launched with the -noUpm command-line argument
[Package Manager] UpmClient::Send -- Unable to send message (not connected to UPM process).
[Package Manager] Cannot connect to Unity Package Manager local server
Mono: successfully reloaded assembly
- Finished resetting the current domain, in  1.273 seconds
Domain Reload Profiling: 1756ms
	BeginReloadAssembly (132ms)
		ExecutionOrderSort (0ms)
		DisableScriptedObjects (10ms)
		BackupInstance (0ms)
		ReleaseScriptingObjects (0ms)
		CreateAndSetChildDomain (54ms)
	RebuildCommonClasses (21ms)
	RebuildNativeTypeToScriptingClass (8ms)
	initialDomainReloadingComplete (28ms)
	LoadAllAssembliesAndSetupDomain (294ms)
		LoadAssemblies (299ms)
		RebuildTransferFunctionScriptingTraits (0ms)
		AnalyzeDomain (36ms)
			TypeCache.Refresh (24ms)
				TypeCache.ScanAssembly (0ms)
			ScanForSourceGeneratedMonoScriptInfo (0ms)
			ResolveRequiredComponents (11ms)
	FinalizeReload (1273ms)
		ReleaseScriptCaches (0ms)
		RebuildScriptCaches (0ms)
		SetupLoadedEditorAssemblies (501ms)
			LogAssemblyErrors (0ms)
			InitializePlatformSupportModulesInManaged (12ms)
			SetLoadedEditorAssemblies (5ms)
			RefreshPlugins (0ms)
			BeforeProcessingInitializeOnLoad (55ms)
			ProcessInitializeOnLoadAttributes (395ms)
			ProcessInitializeOnLoadMethodAttributes (34ms)
			AfterProcessingInitializeOnLoad (1ms)
			EditorAssembliesLoaded (0ms)
		ExecutionOrderSort2 (0ms)
		AwakeInstancesAfterBackupRestoration (6ms)
Shader 'TextMeshPro/Distance Field (UIHsvModifier)': fallback shader 'TextMeshPro/Mobile/Distance Field (UIHsv)' not found
Shader 'TextMeshPro/Distance Field (UIHsvModifier)': fallback shader 'TextMeshPro/Mobile/Distance Field (UIHsv)' not found
Refreshing native plugins compatible for Editor in 9.43 ms, found 3 plugins.
Preloading 0 native plugins for Editor in 0.00 ms.
Unloading 6643 Unused Serialized files (Serialized files now loaded: 0)
Unloading 70 unused Assets / (1.9 MB). Loaded Objects now: 7547.
Memory consumption went from 1.05 GB to 1.05 GB.
Total: 5.470750 ms (FindLiveObjects: 0.335666 ms CreateObjectMapping: 0.147833 ms MarkObjects: 3.907084 ms  DeleteObjects: 1.079209 ms)

Prepare: number of updated asset objects reloaded= 0
AssetImportParameters requested are different than current active one (requested -> active):
  custom:container-demuxer-ogg: 62fdf1f143b41e24485cea50d1cbac27 -> 
  custom:container-muxer-webm: aa71ff27fc2769a1b78a27578f13a17b -> 
  custom:video-decoder-webm-vp8: 9c59270c3fd7afecdb556c50c9e8de78 -> 
  custom:SearchIndexIgnoredProperties: e643bd26f0fe6173181afceb89e7c659 -> 
  custom:AudioImporter_EditorPlatform: 3918e3fc78b5a79bad01e8451be0beb8 -> 
  custom:audio-decoder-ogg-vorbis: bf7c407c2cedff20999df2af8eb42d56 -> 
  custom:audio-encoder-webm-vorbis: bf7c407c2cedff20999df2af8eb42d56 -> 
  custom:scripting/precompiled-assembly-types:Assembly-CSharp: a0835f64333928775a952eaf5a03a91f -> dd865f2bf1c65a1c7720113f429c2ed7
  custom:video-decoder-ogg-theora: a1e56fd34408186e4bbccfd4996cb3dc -> 
  custom:CustomObjectIndexerAttribute: 9a22284fe3817be447336de3de66b15e -> 
  custom:container-demuxer-webm: 4f35f7cbe854078d1ac9338744f61a02 -> 
  custom:framework-osx-AVFoundation: e770b220cccbd017edd2c1fefb359320 -> 
  custom:video-encoder-webm-vp8: eb34c28f22e8b96e1ab97ce403110664 -> 
========================================================================
Received Prepare
Caller must complete domain reload
Begin MonoManager ReloadAssembly
Thread 0x16b5c3000 may have been prematurely finalized
Symbol file LoadedFromMemory is not a mono symbol file
- Loaded All Assemblies, in  0.669 seconds
Native extension for Android target not found
Native extension for OSXStandalone target not found
Native extension for WebGL target not found
[Package Manager] Server::EnsureServerProcessIsRunning -- launch failed, reason: Unity was launched with the -noUpm command-line argument
[Package Manager] UpmClient::Send -- Unable to send message (not connected to UPM process).
[Package Manager] Cannot connect to Unity Package Manager local server
[Package Manager] Server::EnsureServerProcessIsRunning -- launch failed, reason: Unity was launched with the -noUpm command-line argument
[Package Manager] UpmClient::Send -- Unable to send message (not connected to UPM process).
[Package Manager] Cannot connect to Unity Package Manager local server
Mono: successfully reloaded assembly
- Finished resetting the current domain, in  1.309 seconds
Domain Reload Profiling: 1979ms
	BeginReloadAssembly (143ms)
		ExecutionOrderSort (0ms)
		DisableScriptedObjects (13ms)
		BackupInstance (0ms)
		ReleaseScriptingObjects (0ms)
		CreateAndSetChildDomain (52ms)
	RebuildCommonClasses (28ms)
	RebuildNativeTypeToScriptingClass (8ms)
	initialDomainReloadingComplete (23ms)
	LoadAllAssembliesAndSetupDomain (469ms)
		LoadAssemblies (440ms)
		RebuildTransferFunctionScriptingTraits (0ms)
		AnalyzeDomain (77ms)
			TypeCache.Refresh (46ms)
				TypeCache.ScanAssembly (13ms)
			ScanForSourceGeneratedMonoScriptInfo (20ms)
			ResolveRequiredComponents (10ms)
	FinalizeReload (1310ms)
		ReleaseScriptCaches (0ms)
		RebuildScriptCaches (0ms)
		SetupLoadedEditorAssemblies (468ms)
			LogAssemblyErrors (0ms)
			InitializePlatformSupportModulesInManaged (11ms)
			SetLoadedEditorAssemblies (4ms)
			RefreshPlugins (0ms)
			BeforeProcessingInitializeOnLoad (53ms)
			ProcessInitializeOnLoadAttributes (369ms)
			ProcessInitializeOnLoadMethodAttributes (30ms)
			AfterProcessingInitializeOnLoad (1ms)
			EditorAssembliesLoaded (0ms)
		ExecutionOrderSort2 (0ms)
		AwakeInstancesAfterBackupRestoration (6ms)
Shader 'TextMeshPro/Distance Field (UIHsvModifier)': fallback shader 'TextMeshPro/Mobile/Distance Field (UIHsv)' not found
Shader 'TextMeshPro/Distance Field (UIHsvModifier)': fallback shader 'TextMeshPro/Mobile/Distance Field (UIHsv)' not found
Refreshing native plugins compatible for Editor in 9.24 ms, found 3 plugins.
Preloading 0 native plugins for Editor in 0.00 ms.
Unloading 6643 Unused Serialized files (Serialized files now loaded: 0)
Unloading 70 unused Assets / (1.8 MB). Loaded Objects now: 7551.
Memory consumption went from 1.06 GB to 1.06 GB.
Total: 4.472833 ms (FindLiveObjects: 0.305000 ms CreateObjectMapping: 0.087750 ms MarkObjects: 3.151875 ms  DeleteObjects: 0.927542 ms)

Prepare: number of updated asset objects reloaded= 0
AssetImportParameters requested are different than current active one (requested -> active):
  custom:container-demuxer-ogg: 62fdf1f143b41e24485cea50d1cbac27 -> 
  custom:container-muxer-webm: aa71ff27fc2769a1b78a27578f13a17b -> 
  custom:video-decoder-webm-vp8: 9c59270c3fd7afecdb556c50c9e8de78 -> 
  custom:SearchIndexIgnoredProperties: e643bd26f0fe6173181afceb89e7c659 -> 
  custom:AudioImporter_EditorPlatform: 3918e3fc78b5a79bad01e8451be0beb8 -> 
  custom:audio-decoder-ogg-vorbis: bf7c407c2cedff20999df2af8eb42d56 -> 
  custom:audio-encoder-webm-vorbis: bf7c407c2cedff20999df2af8eb42d56 -> 
  custom:scripting/precompiled-assembly-types:Assembly-CSharp: a0835f64333928775a952eaf5a03a91f -> dd865f2bf1c65a1c7720113f429c2ed7
  custom:video-decoder-ogg-theora: a1e56fd34408186e4bbccfd4996cb3dc -> 
  custom:CustomObjectIndexerAttribute: 9a22284fe3817be447336de3de66b15e -> 
  custom:container-demuxer-webm: 4f35f7cbe854078d1ac9338744f61a02 -> 
  custom:framework-osx-AVFoundation: e770b220cccbd017edd2c1fefb359320 -> 
  custom:video-encoder-webm-vp8: eb34c28f22e8b96e1ab97ce403110664 -> 
========================================================================
Received Prepare
Caller must complete domain reload
Begin MonoManager ReloadAssembly
Thread 0x16b5c3000 may have been prematurely finalized
Symbol file LoadedFromMemory is not a mono symbol file
- Loaded All Assemblies, in  0.487 seconds
Native extension for Android target not found
Native extension for OSXStandalone target not found
Native extension for WebGL target not found
[Package Manager] Server::EnsureServerProcessIsRunning -- launch failed, reason: Unity was launched with the -noUpm command-line argument
[Package Manager] UpmClient::Send -- Unable to send message (not connected to UPM process).
[Package Manager] Cannot connect to Unity Package Manager local server
[Package Manager] Server::EnsureServerProcessIsRunning -- launch failed, reason: Unity was launched with the -noUpm command-line argument
[Package Manager] UpmClient::Send -- Unable to send message (not connected to UPM process).
[Package Manager] Cannot connect to Unity Package Manager local server
Mono: successfully reloaded assembly
- Finished resetting the current domain, in  1.324 seconds
Domain Reload Profiling: 1814ms
	BeginReloadAssembly (131ms)
		ExecutionOrderSort (0ms)
		DisableScriptedObjects (8ms)
		BackupInstance (0ms)
		ReleaseScriptingObjects (1ms)
		CreateAndSetChildDomain (48ms)
	RebuildCommonClasses (22ms)
	RebuildNativeTypeToScriptingClass (8ms)
	initialDomainReloadingComplete (21ms)
	LoadAllAssembliesAndSetupDomain (308ms)
		LoadAssemblies (310ms)
		RebuildTransferFunctionScriptingTraits (0ms)
		AnalyzeDomain (35ms)
			TypeCache.Refresh (24ms)
				TypeCache.ScanAssembly (0ms)
			ScanForSourceGeneratedMonoScriptInfo (0ms)
			ResolveRequiredComponents (9ms)
	FinalizeReload (1324ms)
		ReleaseScriptCaches (0ms)
		RebuildScriptCaches (0ms)
		SetupLoadedEditorAssemblies (507ms)
			LogAssemblyErrors (0ms)
			InitializePlatformSupportModulesInManaged (11ms)
			SetLoadedEditorAssemblies (5ms)
			RefreshPlugins (0ms)
			BeforeProcessingInitializeOnLoad (54ms)
			ProcessInitializeOnLoadAttributes (403ms)
			ProcessInitializeOnLoadMethodAttributes (32ms)
			AfterProcessingInitializeOnLoad (1ms)
			EditorAssembliesLoaded (1ms)
		ExecutionOrderSort2 (0ms)
		AwakeInstancesAfterBackupRestoration (6ms)
Shader 'TextMeshPro/Distance Field (UIHsvModifier)': fallback shader 'TextMeshPro/Mobile/Distance Field (UIHsv)' not found
Shader 'TextMeshPro/Distance Field (UIHsvModifier)': fallback shader 'TextMeshPro/Mobile/Distance Field (UIHsv)' not found
Refreshing native plugins compatible for Editor in 9.25 ms, found 3 plugins.
Preloading 0 native plugins for Editor in 0.00 ms.
Unloading 6643 Unused Serialized files (Serialized files now loaded: 0)
Unloading 70 unused Assets / (1.9 MB). Loaded Objects now: 7555.
Memory consumption went from 1.07 GB to 1.07 GB.
Total: 5.245917 ms (FindLiveObjects: 0.291708 ms CreateObjectMapping: 0.098875 ms MarkObjects: 3.788000 ms  DeleteObjects: 1.066959 ms)

Prepare: number of updated asset objects reloaded= 0
AssetImportParameters requested are different than current active one (requested -> active):
  custom:container-demuxer-ogg: 62fdf1f143b41e24485cea50d1cbac27 -> 
  custom:container-muxer-webm: aa71ff27fc2769a1b78a27578f13a17b -> 
  custom:video-decoder-webm-vp8: 9c59270c3fd7afecdb556c50c9e8de78 -> 
  custom:SearchIndexIgnoredProperties: e643bd26f0fe6173181afceb89e7c659 -> 
  custom:AudioImporter_EditorPlatform: 3918e3fc78b5a79bad01e8451be0beb8 -> 
  custom:audio-decoder-ogg-vorbis: bf7c407c2cedff20999df2af8eb42d56 -> 
  custom:audio-encoder-webm-vorbis: bf7c407c2cedff20999df2af8eb42d56 -> 
  custom:scripting/precompiled-assembly-types:Assembly-CSharp: a0835f64333928775a952eaf5a03a91f -> dd865f2bf1c65a1c7720113f429c2ed7
  custom:video-decoder-ogg-theora: a1e56fd34408186e4bbccfd4996cb3dc -> 
  custom:CustomObjectIndexerAttribute: 9a22284fe3817be447336de3de66b15e -> 
  custom:container-demuxer-webm: 4f35f7cbe854078d1ac9338744f61a02 -> 
  custom:framework-osx-AVFoundation: e770b220cccbd017edd2c1fefb359320 -> 
  custom:video-encoder-webm-vp8: eb34c28f22e8b96e1ab97ce403110664 -> 
========================================================================
Received Prepare
Caller must complete domain reload
Begin MonoManager ReloadAssembly
Thread 0x16b5c3000 may have been prematurely finalized
Symbol file LoadedFromMemory is not a mono symbol file
- Loaded All Assemblies, in  0.596 seconds
Native extension for Android target not found
Native extension for OSXStandalone target not found
Native extension for WebGL target not found
[Package Manager] Server::EnsureServerProcessIsRunning -- launch failed, reason: Unity was launched with the -noUpm command-line argument
[Package Manager] UpmClient::Send -- Unable to send message (not connected to UPM process).
[Package Manager] Cannot connect to Unity Package Manager local server
[Package Manager] Server::EnsureServerProcessIsRunning -- launch failed, reason: Unity was launched with the -noUpm command-line argument
[Package Manager] UpmClient::Send -- Unable to send message (not connected to UPM process).
[Package Manager] Cannot connect to Unity Package Manager local server
Mono: successfully reloaded assembly
- Finished resetting the current domain, in  1.144 seconds
Domain Reload Profiling: 1740ms
	BeginReloadAssembly (121ms)
		ExecutionOrderSort (0ms)
		DisableScriptedObjects (10ms)
		BackupInstance (0ms)
		ReleaseScriptingObjects (0ms)
		CreateAndSetChildDomain (46ms)
	RebuildCommonClasses (25ms)
	RebuildNativeTypeToScriptingClass (9ms)
	initialDomainReloadingComplete (27ms)
	LoadAllAssembliesAndSetupDomain (414ms)
		LoadAssemblies (351ms)
		RebuildTransferFunctionScriptingTraits (0ms)
		AnalyzeDomain (98ms)
			TypeCache.Refresh (76ms)
				TypeCache.ScanAssembly (21ms)
			ScanForSourceGeneratedMonoScriptInfo (13ms)
			ResolveRequiredComponents (8ms)
	FinalizeReload (1144ms)
		ReleaseScriptCaches (0ms)
		RebuildScriptCaches (0ms)
		SetupLoadedEditorAssemblies (466ms)
			LogAssemblyErrors (0ms)
			InitializePlatformSupportModulesInManaged (9ms)
			SetLoadedEditorAssemblies (5ms)
			RefreshPlugins (0ms)
			BeforeProcessingInitializeOnLoad (51ms)
			ProcessInitializeOnLoadAttributes (371ms)
			ProcessInitializeOnLoadMethodAttributes (28ms)
			AfterProcessingInitializeOnLoad (1ms)
			EditorAssembliesLoaded (0ms)
		ExecutionOrderSort2 (0ms)
		AwakeInstancesAfterBackupRestoration (6ms)
Shader 'TextMeshPro/Distance Field (UIHsvModifier)': fallback shader 'TextMeshPro/Mobile/Distance Field (UIHsv)' not found
Shader 'TextMeshPro/Distance Field (UIHsvModifier)': fallback shader 'TextMeshPro/Mobile/Distance Field (UIHsv)' not found
Refreshing native plugins compatible for Editor in 7.28 ms, found 3 plugins.
Preloading 0 native plugins for Editor in 0.00 ms.
Unloading 6643 Unused Serialized files (Serialized files now loaded: 0)
Unloading 70 unused Assets / (1.8 MB). Loaded Objects now: 7559.
Memory consumption went from 1.08 GB to 1.08 GB.
Total: 4.409250 ms (FindLiveObjects: 0.316167 ms CreateObjectMapping: 0.093125 ms MarkObjects: 3.113166 ms  DeleteObjects: 0.886292 ms)

Prepare: number of updated asset objects reloaded= 0
AssetImportParameters requested are different than current active one (requested -> active):
  custom:container-demuxer-ogg: 62fdf1f143b41e24485cea50d1cbac27 -> 
  custom:container-muxer-webm: aa71ff27fc2769a1b78a27578f13a17b -> 
  custom:video-decoder-webm-vp8: 9c59270c3fd7afecdb556c50c9e8de78 -> 
  custom:SearchIndexIgnoredProperties: e643bd26f0fe6173181afceb89e7c659 -> 
  custom:AudioImporter_EditorPlatform: 3918e3fc78b5a79bad01e8451be0beb8 -> 
  custom:audio-decoder-ogg-vorbis: bf7c407c2cedff20999df2af8eb42d56 -> 
  custom:audio-encoder-webm-vorbis: bf7c407c2cedff20999df2af8eb42d56 -> 
  custom:scripting/precompiled-assembly-types:Assembly-CSharp: a0835f64333928775a952eaf5a03a91f -> dd865f2bf1c65a1c7720113f429c2ed7
  custom:video-decoder-ogg-theora: a1e56fd34408186e4bbccfd4996cb3dc -> 
  custom:CustomObjectIndexerAttribute: 9a22284fe3817be447336de3de66b15e -> 
  custom:container-demuxer-webm: 4f35f7cbe854078d1ac9338744f61a02 -> 
  custom:framework-osx-AVFoundation: e770b220cccbd017edd2c1fefb359320 -> 
  custom:video-encoder-webm-vp8: eb34c28f22e8b96e1ab97ce403110664 -> 
========================================================================
Received Prepare
Caller must complete domain reload
Begin MonoManager ReloadAssembly
Thread 0x16b5c3000 may have been prematurely finalized
Symbol file LoadedFromMemory is not a mono symbol file
- Loaded All Assemblies, in  0.528 seconds
Native extension for Android target not found
Native extension for OSXStandalone target not found
Native extension for WebGL target not found
[Package Manager] Server::EnsureServerProcessIsRunning -- launch failed, reason: Unity was launched with the -noUpm command-line argument
[Package Manager] UpmClient::Send -- Unable to send message (not connected to UPM process).
[Package Manager] Cannot connect to Unity Package Manager local server
[Package Manager] Server::EnsureServerProcessIsRunning -- launch failed, reason: Unity was launched with the -noUpm command-line argument
[Package Manager] UpmClient::Send -- Unable to send message (not connected to UPM process).
[Package Manager] Cannot connect to Unity Package Manager local server
Mono: successfully reloaded assembly
- Finished resetting the current domain, in  1.279 seconds
Domain Reload Profiling: 1810ms
	BeginReloadAssembly (129ms)
		ExecutionOrderSort (0ms)
		DisableScriptedObjects (10ms)
		BackupInstance (0ms)
		ReleaseScriptingObjects (0ms)
		CreateAndSetChildDomain (58ms)
	RebuildCommonClasses (21ms)
	RebuildNativeTypeToScriptingClass (8ms)
	initialDomainReloadingComplete (21ms)
	LoadAllAssembliesAndSetupDomain (351ms)
		LoadAssemblies (333ms)
		RebuildTransferFunctionScriptingTraits (0ms)
		AnalyzeDomain (51ms)
			TypeCache.Refresh (41ms)
				TypeCache.ScanAssembly (0ms)
			ScanForSourceGeneratedMonoScriptInfo (0ms)
			ResolveRequiredComponents (10ms)
	FinalizeReload (1280ms)
		ReleaseScriptCaches (0ms)
		RebuildScriptCaches (0ms)
		SetupLoadedEditorAssemblies (590ms)
			LogAssemblyErrors (0ms)
			InitializePlatformSupportModulesInManaged (10ms)
			SetLoadedEditorAssemblies (5ms)
			RefreshPlugins (0ms)
			BeforeProcessingInitializeOnLoad (57ms)
			ProcessInitializeOnLoadAttributes (473ms)
			ProcessInitializeOnLoadMethodAttributes (43ms)
			AfterProcessingInitializeOnLoad (1ms)
			EditorAssembliesLoaded (1ms)
		ExecutionOrderSort2 (0ms)
		AwakeInstancesAfterBackupRestoration (6ms)
Shader 'TextMeshPro/Distance Field (UIHsvModifier)': fallback shader 'TextMeshPro/Mobile/Distance Field (UIHsv)' not found
Shader 'TextMeshPro/Distance Field (UIHsvModifier)': fallback shader 'TextMeshPro/Mobile/Distance Field (UIHsv)' not found
Refreshing native plugins compatible for Editor in 9.57 ms, found 3 plugins.
Preloading 0 native plugins for Editor in 0.00 ms.
Unloading 6643 Unused Serialized files (Serialized files now loaded: 0)
Unloading 70 unused Assets / (1.9 MB). Loaded Objects now: 7563.
Memory consumption went from 1.09 GB to 1.09 GB.
Total: 10.144667 ms (FindLiveObjects: 0.562334 ms CreateObjectMapping: 0.134583 ms MarkObjects: 8.148583 ms  DeleteObjects: 1.297583 ms)

Prepare: number of updated asset objects reloaded= 0
AssetImportParameters requested are different than current active one (requested -> active):
  custom:container-demuxer-ogg: 62fdf1f143b41e24485cea50d1cbac27 -> 
  custom:container-muxer-webm: aa71ff27fc2769a1b78a27578f13a17b -> 
  custom:video-decoder-webm-vp8: 9c59270c3fd7afecdb556c50c9e8de78 -> 
  custom:SearchIndexIgnoredProperties: e643bd26f0fe6173181afceb89e7c659 -> 
  custom:AudioImporter_EditorPlatform: 3918e3fc78b5a79bad01e8451be0beb8 -> 
  custom:audio-decoder-ogg-vorbis: bf7c407c2cedff20999df2af8eb42d56 -> 
  custom:audio-encoder-webm-vorbis: bf7c407c2cedff20999df2af8eb42d56 -> 
  custom:scripting/precompiled-assembly-types:Assembly-CSharp: a0835f64333928775a952eaf5a03a91f -> dd865f2bf1c65a1c7720113f429c2ed7
  custom:video-decoder-ogg-theora: a1e56fd34408186e4bbccfd4996cb3dc -> 
  custom:CustomObjectIndexerAttribute: 9a22284fe3817be447336de3de66b15e -> 
  custom:container-demuxer-webm: 4f35f7cbe854078d1ac9338744f61a02 -> 
  custom:framework-osx-AVFoundation: e770b220cccbd017edd2c1fefb359320 -> 
  custom:video-encoder-webm-vp8: eb34c28f22e8b96e1ab97ce403110664 -> 
========================================================================
Received Import Request.
  Time since last request: 104157.952582 seconds.
  path: Assets/RawResources/UI/MakeOver/MakeOver_ui/UI_home_icon_prompt.png
  artifactKey: Guid(da133bda8b44143f0b8dabdfac479f2b) Importer(815301076,1909f56bfc062723c751e8b465ee728b)
Start importing Assets/RawResources/UI/MakeOver/MakeOver_ui/UI_home_icon_prompt.png using Guid(da133bda8b44143f0b8dabdfac479f2b) Importer(815301076,1909f56bfc062723c751e8b465ee728b) [PhysX] Initialized MultithreadedTaskDispatcher with 8 workers.
[PhysX] Initialized MultithreadedTaskDispatcher with 8 workers.
 -> (artifact id: '1de97e3a7e2481f17a4e76ce11a27a9a') in 0.464821 seconds
Number of updated asset objects reloaded before import = 0
Number of asset objects unloaded after import = 3
========================================================================
Received Import Request.
  Time since last request: 0.000062 seconds.
  path: Assets/RawResources/UI/test/UIDecorationMain_Furniture_BG_Light.png
  artifactKey: Guid(a22ef90c219af42d698182e1ac638b40) Importer(815301076,1909f56bfc062723c751e8b465ee728b)
Start importing Assets/RawResources/UI/test/UIDecorationMain_Furniture_BG_Light.png using Guid(a22ef90c219af42d698182e1ac638b40) Importer(815301076,1909f56bfc062723c751e8b465ee728b) [PhysX] Initialized MultithreadedTaskDispatcher with 8 workers.
[PhysX] Initialized MultithreadedTaskDispatcher with 8 workers.
 -> (artifact id: '068180dfa5540d98c9dd952e8a3eebec') in 0.018508 seconds
Number of updated asset objects reloaded before import = 0
Number of asset objects unloaded after import = 3
========================================================================
Received Import Request.
  Time since last request: 0.001540 seconds.
  path: Assets/RawResources/UI/Panel/UI_slider_1.png
  artifactKey: Guid(c09f2c543d88848b09eee300ce6b16d8) Importer(815301076,1909f56bfc062723c751e8b465ee728b)
Start importing Assets/RawResources/UI/Panel/UI_slider_1.png using Guid(c09f2c543d88848b09eee300ce6b16d8) Importer(815301076,1909f56bfc062723c751e8b465ee728b) [PhysX] Initialized MultithreadedTaskDispatcher with 8 workers.
[PhysX] Initialized MultithreadedTaskDispatcher with 8 workers.
 -> (artifact id: '70deeced45b18add1aea6753b0e8afad') in 0.013930 seconds
Number of updated asset objects reloaded before import = 0
Number of asset objects unloaded after import = 3
========================================================================
Received Import Request.
  Time since last request: 0.000075 seconds.
  path: Assets/RawResources/UI/Reward/UI_reward_title_2.png
  artifactKey: Guid(369cf6cae03d044c7a3d15acba608598) Importer(815301076,1909f56bfc062723c751e8b465ee728b)
Start importing Assets/RawResources/UI/Reward/UI_reward_title_2.png using Guid(369cf6cae03d044c7a3d15acba608598) Importer(815301076,1909f56bfc062723c751e8b465ee728b) [PhysX] Initialized MultithreadedTaskDispatcher with 8 workers.
[PhysX] Initialized MultithreadedTaskDispatcher with 8 workers.
 -> (artifact id: '596366e90e666af999377b9d764fe87e') in 0.012107 seconds
Number of updated asset objects reloaded before import = 0
Number of asset objects unloaded after import = 3
========================================================================
Received Import Request.
  Time since last request: 0.000132 seconds.
  path: Assets/RawResources/UI/MakeOver/MakeOver_ui/UI_home_icon_prompt_2.png
  artifactKey: Guid(28ec60286dd494f7d826e487c8a87aa8) Importer(815301076,1909f56bfc062723c751e8b465ee728b)
Start importing Assets/RawResources/UI/MakeOver/MakeOver_ui/UI_home_icon_prompt_2.png using Guid(28ec60286dd494f7d826e487c8a87aa8) Importer(815301076,1909f56bfc062723c751e8b465ee728b) [PhysX] Initialized MultithreadedTaskDispatcher with 8 workers.
[PhysX] Initialized MultithreadedTaskDispatcher with 8 workers.
 -> (artifact id: '131aacd8a03678d7fb08c6ec84197709') in 0.013284 seconds
Number of updated asset objects reloaded before import = 0
Number of asset objects unloaded after import = 3
========================================================================
Received Import Request.
  Time since last request: 0.000119 seconds.
  path: Assets/RawResources/UI/Panel/UI_slider_0.png
  artifactKey: Guid(49b77937df6624eff96102c9bb445f87) Importer(815301076,1909f56bfc062723c751e8b465ee728b)
Start importing Assets/RawResources/UI/Panel/UI_slider_0.png using Guid(49b77937df6624eff96102c9bb445f87) Importer(815301076,1909f56bfc062723c751e8b465ee728b) [PhysX] Initialized MultithreadedTaskDispatcher with 8 workers.
[PhysX] Initialized MultithreadedTaskDispatcher with 8 workers.
 -> (artifact id: 'e40736036e7ec7cb6c01ff0c8510292a') in 0.013405 seconds
Number of updated asset objects reloaded before import = 0
Number of asset objects unloaded after import = 3
========================================================================
Received Import Request.
  Time since last request: 0.000096 seconds.
  path: Assets/RawResources/UI/Panel/UI_setting_panel_2.png
  artifactKey: Guid(07448d30a4b93451ea05318a14528f72) Importer(815301076,1909f56bfc062723c751e8b465ee728b)
Start importing Assets/RawResources/UI/Panel/UI_setting_panel_2.png using Guid(07448d30a4b93451ea05318a14528f72) Importer(815301076,1909f56bfc062723c751e8b465ee728b) [PhysX] Initialized MultithreadedTaskDispatcher with 8 workers.
[PhysX] Initialized MultithreadedTaskDispatcher with 8 workers.
 -> (artifact id: 'be62e2396a26d40bc5ed346a0e9054a8') in 0.008571 seconds
Number of updated asset objects reloaded before import = 0
Number of asset objects unloaded after import = 3
========================================================================
Received Import Request.
  Time since last request: 0.000205 seconds.
  path: Assets/RawResources/UI/Panel/UI_play.png
  artifactKey: Guid(e94df732dd9094eda9b213f84ce7913d) Importer(815301076,1909f56bfc062723c751e8b465ee728b)
Start importing Assets/RawResources/UI/Panel/UI_play.png using Guid(e94df732dd9094eda9b213f84ce7913d) Importer(815301076,1909f56bfc062723c751e8b465ee728b) [PhysX] Initialized MultithreadedTaskDispatcher with 8 workers.
[PhysX] Initialized MultithreadedTaskDispatcher with 8 workers.
 -> (artifact id: 'df2de1f37cf335dd03b68eccf31c5535') in 0.007060 seconds
Number of updated asset objects reloaded before import = 0
Number of asset objects unloaded after import = 3
========================================================================
Received Import Request.
  Time since last request: 0.000040 seconds.
  path: Assets/RawResources/UI/Game/UI_setting_icon.png
  artifactKey: Guid(1041396bec02f47c6b7e30ac28cf4157) Importer(815301076,1909f56bfc062723c751e8b465ee728b)
Start importing Assets/RawResources/UI/Game/UI_setting_icon.png using Guid(1041396bec02f47c6b7e30ac28cf4157) Importer(815301076,1909f56bfc062723c751e8b465ee728b) [PhysX] Initialized MultithreadedTaskDispatcher with 8 workers.
[PhysX] Initialized MultithreadedTaskDispatcher with 8 workers.
 -> (artifact id: '8c959720851812e5197553ef10c61960') in 0.009472 seconds
Number of updated asset objects reloaded before import = 0
Number of asset objects unloaded after import = 3
========================================================================
Received Import Request.
  Time since last request: 0.000053 seconds.
  path: Assets/RawResources/UI/Game/UI_item_panel.png
  artifactKey: Guid(4308e954be6394965b7814d40a71fa25) Importer(815301076,1909f56bfc062723c751e8b465ee728b)
Start importing Assets/RawResources/UI/Game/UI_item_panel.png using Guid(4308e954be6394965b7814d40a71fa25) Importer(815301076,1909f56bfc062723c751e8b465ee728b) [PhysX] Initialized MultithreadedTaskDispatcher with 8 workers.
[PhysX] Initialized MultithreadedTaskDispatcher with 8 workers.
 -> (artifact id: '67f0f57ace7622ccd3805616e42ef6de') in 0.008512 seconds
Number of updated asset objects reloaded before import = 0
Number of asset objects unloaded after import = 3
========================================================================
Received Import Request.
  Time since last request: 0.000122 seconds.
  path: Assets/RawResources/UI/Reward/UI_reward_title_1.png
  artifactKey: Guid(c117d654b63644d0baa6155b41df5466) Importer(815301076,1909f56bfc062723c751e8b465ee728b)
Start importing Assets/RawResources/UI/Reward/UI_reward_title_1.png using Guid(c117d654b63644d0baa6155b41df5466) Importer(815301076,1909f56bfc062723c751e8b465ee728b) [PhysX] Initialized MultithreadedTaskDispatcher with 8 workers.
[PhysX] Initialized MultithreadedTaskDispatcher with 8 workers.
 -> (artifact id: '019496cd004f9d6f5d0e696182e6848f') in 0.010090 seconds
Number of updated asset objects reloaded before import = 0
Number of asset objects unloaded after import = 3
========================================================================
Received Import Request.
  Time since last request: 0.000549 seconds.
  path: Assets/RawResources/UI/test/关卡目标0 (2).png
  artifactKey: Guid(15816cabe29a84445aa56212fbc949a4) Importer(815301076,1909f56bfc062723c751e8b465ee728b)
Start importing Assets/RawResources/UI/test/关卡目标0 (2).png using Guid(15816cabe29a84445aa56212fbc949a4) Importer(815301076,1909f56bfc062723c751e8b465ee728b) [PhysX] Initialized MultithreadedTaskDispatcher with 8 workers.
[PhysX] Initialized MultithreadedTaskDispatcher with 8 workers.
 -> (artifact id: 'f35822842858e05c3bf82a202544b470') in 0.010910 seconds
Number of updated asset objects reloaded before import = 0
Number of asset objects unloaded after import = 3
========================================================================
Received Import Request.
  Time since last request: 0.000037 seconds.
  path: Assets/RawResources/UI/test/UIInventory_RoomInformation_Slider_Fill.png
  artifactKey: Guid(a27697955e1d94ad582045a791650293) Importer(815301076,1909f56bfc062723c751e8b465ee728b)
Start importing Assets/RawResources/UI/test/UIInventory_RoomInformation_Slider_Fill.png using Guid(a27697955e1d94ad582045a791650293) Importer(815301076,1909f56bfc062723c751e8b465ee728b) [PhysX] Initialized MultithreadedTaskDispatcher with 8 workers.
[PhysX] Initialized MultithreadedTaskDispatcher with 8 workers.
 -> (artifact id: '2167f5af251b5287bccb86761d3c2810') in 0.007474 seconds
Number of updated asset objects reloaded before import = 0
Number of asset objects unloaded after import = 3
========================================================================
Received Import Request.
  Time since last request: 0.000037 seconds.
  path: Assets/RawResources/UI/test/UIContactUs_InputField_bg.png
  artifactKey: Guid(3980975d846664017af0db87687dae4a) Importer(815301076,1909f56bfc062723c751e8b465ee728b)
Start importing Assets/RawResources/UI/test/UIContactUs_InputField_bg.png using Guid(3980975d846664017af0db87687dae4a) Importer(815301076,1909f56bfc062723c751e8b465ee728b) [PhysX] Initialized MultithreadedTaskDispatcher with 8 workers.
[PhysX] Initialized MultithreadedTaskDispatcher with 8 workers.
 -> (artifact id: '62d5093d90a4b5a594ade6a9878e7bf1') in 0.008058 seconds
Number of updated asset objects reloaded before import = 0
Number of asset objects unloaded after import = 3
========================================================================
Received Import Request.
  Time since last request: 1.488973 seconds.
  path: Assets/RawResources/UI/test/商城_12.png
  artifactKey: Guid(c20d1e1c7a8ce491690ad1e719d79a48) Importer(815301076,1909f56bfc062723c751e8b465ee728b)
Start importing Assets/RawResources/UI/test/商城_12.png using Guid(c20d1e1c7a8ce491690ad1e719d79a48) Importer(815301076,1909f56bfc062723c751e8b465ee728b) [PhysX] Initialized MultithreadedTaskDispatcher with 8 workers.
[PhysX] Initialized MultithreadedTaskDispatcher with 8 workers.
 -> (artifact id: '5f085f318c6d14636213cb56e2c22c06') in 0.012668 seconds
Number of updated asset objects reloaded before import = 0
Number of asset objects unloaded after import = 3
========================================================================
Received Import Request.
  Time since last request: 0.000196 seconds.
  path: Assets/RawResources/UI/test/签到_8.png
  artifactKey: Guid(5eb01bfa6c90441e3b56d7c2d3af6468) Importer(815301076,1909f56bfc062723c751e8b465ee728b)
Start importing Assets/RawResources/UI/test/签到_8.png using Guid(5eb01bfa6c90441e3b56d7c2d3af6468) Importer(815301076,1909f56bfc062723c751e8b465ee728b) [PhysX] Initialized MultithreadedTaskDispatcher with 8 workers.
[PhysX] Initialized MultithreadedTaskDispatcher with 8 workers.
 -> (artifact id: '12311d63d03cfdd3493252401f7fe704') in 0.008271 seconds
Number of updated asset objects reloaded before import = 0
Number of asset objects unloaded after import = 3
========================================================================
Received Import Request.
  Time since last request: 1.949501 seconds.
  path: Assets/RawResources/UI/Panel/UI_dialog02_1.png
  artifactKey: Guid(a4b9a80d032514c34b38b76330a34eaa) Importer(815301076,1909f56bfc062723c751e8b465ee728b)
Start importing Assets/RawResources/UI/Panel/UI_dialog02_1.png using Guid(a4b9a80d032514c34b38b76330a34eaa) Importer(815301076,1909f56bfc062723c751e8b465ee728b) [PhysX] Initialized MultithreadedTaskDispatcher with 8 workers.
[PhysX] Initialized MultithreadedTaskDispatcher with 8 workers.
 -> (artifact id: '0f27f48d137dfedeeafb929016165b3e') in 0.012774 seconds
Number of updated asset objects reloaded before import = 0
Number of asset objects unloaded after import = 3
========================================================================
Received Import Request.
  Time since last request: 0.000090 seconds.
  path: Assets/RawResources/UI/Panel/UI_dialog02_2.png
  artifactKey: Guid(0b2c776aff14346d9b0203a5a6603605) Importer(815301076,1909f56bfc062723c751e8b465ee728b)
Start importing Assets/RawResources/UI/Panel/UI_dialog02_2.png using Guid(0b2c776aff14346d9b0203a5a6603605) Importer(815301076,1909f56bfc062723c751e8b465ee728b) [PhysX] Initialized MultithreadedTaskDispatcher with 8 workers.
[PhysX] Initialized MultithreadedTaskDispatcher with 8 workers.
 -> (artifact id: '1357887b8ba3789faf971cc496bd9fa9') in 0.008107 seconds
Number of updated asset objects reloaded before import = 0
Number of asset objects unloaded after import = 3
========================================================================
Received Import Request.
  Time since last request: 0.030629 seconds.
  path: Assets/RawResources/UI/Home/UI_bar.png
  artifactKey: Guid(f44222737812a4d468dbfcd2fc358419) Importer(815301076,1909f56bfc062723c751e8b465ee728b)
Start importing Assets/RawResources/UI/Home/UI_bar.png using Guid(f44222737812a4d468dbfcd2fc358419) Importer(815301076,1909f56bfc062723c751e8b465ee728b) [PhysX] Initialized MultithreadedTaskDispatcher with 8 workers.
[PhysX] Initialized MultithreadedTaskDispatcher with 8 workers.
 -> (artifact id: 'a527f429e23bfcfa990544888b6a822f') in 0.010365 seconds
Number of updated asset objects reloaded before import = 0
Number of asset objects unloaded after import = 3
========================================================================
Received Import Request.
  Time since last request: 0.000148 seconds.
  path: Assets/RawResources/UI/Panel/UI_close.png
  artifactKey: Guid(0046eda050f904755af682e2d5a8d9a7) Importer(815301076,1909f56bfc062723c751e8b465ee728b)
Start importing Assets/RawResources/UI/Panel/UI_close.png using Guid(0046eda050f904755af682e2d5a8d9a7) Importer(815301076,1909f56bfc062723c751e8b465ee728b) [PhysX] Initialized MultithreadedTaskDispatcher with 8 workers.
[PhysX] Initialized MultithreadedTaskDispatcher with 8 workers.
 -> (artifact id: 'd1e4044a2506363791e5807823b41122') in 0.010529 seconds
Number of updated asset objects reloaded before import = 0
Number of asset objects unloaded after import = 3
========================================================================
Received Import Request.
  Time since last request: 0.030064 seconds.
  path: Assets/RawResources/UI/BG/TileBG_1.png
  artifactKey: Guid(2535b839137234f729174c220c45d298) Importer(815301076,1909f56bfc062723c751e8b465ee728b)
Start importing Assets/RawResources/UI/BG/TileBG_1.png using Guid(2535b839137234f729174c220c45d298) Importer(815301076,1909f56bfc062723c751e8b465ee728b) [PhysX] Initialized MultithreadedTaskDispatcher with 8 workers.
[PhysX] Initialized MultithreadedTaskDispatcher with 8 workers.
 -> (artifact id: '3aef226cddabc56f5f4c5767b12e0338') in 0.085052 seconds
Number of updated asset objects reloaded before import = 0
Number of asset objects unloaded after import = 133
========================================================================
Received Import Request.
  Time since last request: 0.000059 seconds.
  path: Assets/RawResources/UI/BG/TileBG_3.png
  artifactKey: Guid(b0229fead908e4c5cb41073b51a6501f) Importer(815301076,1909f56bfc062723c751e8b465ee728b)
Start importing Assets/RawResources/UI/BG/TileBG_3.png using Guid(b0229fead908e4c5cb41073b51a6501f) Importer(815301076,1909f56bfc062723c751e8b465ee728b) [PhysX] Initialized MultithreadedTaskDispatcher with 8 workers.
[PhysX] Initialized MultithreadedTaskDispatcher with 8 workers.
 -> (artifact id: '3274e49512675be365bad0a1a667ff5b') in 0.023965 seconds
Number of updated asset objects reloaded before import = 0
Number of asset objects unloaded after import = 133
========================================================================
Received Import Request.
  Time since last request: 0.000038 seconds.
  path: Assets/RawResources/UI/Icon/tile_01.png
  artifactKey: Guid(f54e6ed865eb844a2b43bc79a6476238) Importer(815301076,1909f56bfc062723c751e8b465ee728b)
Start importing Assets/RawResources/UI/Icon/tile_01.png using Guid(f54e6ed865eb844a2b43bc79a6476238) Importer(815301076,1909f56bfc062723c751e8b465ee728b) [PhysX] Initialized MultithreadedTaskDispatcher with 8 workers.
[PhysX] Initialized MultithreadedTaskDispatcher with 8 workers.
 -> (artifact id: '71124bf7d81bd91ae7f20725f781fec0') in 0.011870 seconds
Number of updated asset objects reloaded before import = 0
Number of asset objects unloaded after import = 47
========================================================================
Received Import Request.
  Time since last request: 0.000111 seconds.
  path: Assets/RawResources/UI/MakeOver/MakeOver_ui/storytage.png
  artifactKey: Guid(92c37720069a1429782c006040a92943) Importer(815301076,1909f56bfc062723c751e8b465ee728b)
Start importing Assets/RawResources/UI/MakeOver/MakeOver_ui/storytage.png using Guid(92c37720069a1429782c006040a92943) Importer(815301076,1909f56bfc062723c751e8b465ee728b) [PhysX] Initialized MultithreadedTaskDispatcher with 8 workers.
[PhysX] Initialized MultithreadedTaskDispatcher with 8 workers.
 -> (artifact id: 'd8a1b7ae10e97a50559d4cdaa1699074') in 0.010830 seconds
Number of updated asset objects reloaded before import = 0
Number of asset objects unloaded after import = 3
========================================================================
Received Import Request.
  Time since last request: 0.000038 seconds.
  path: Assets/RawResources/UI/MakeOver/MakeOver_ui/TeamLogo-Logos-paw01.png
  artifactKey: Guid(7bf04ef419d7b4f598a0dd0f329ede08) Importer(815301076,1909f56bfc062723c751e8b465ee728b)
Start importing Assets/RawResources/UI/MakeOver/MakeOver_ui/TeamLogo-Logos-paw01.png using Guid(7bf04ef419d7b4f598a0dd0f329ede08) Importer(815301076,1909f56bfc062723c751e8b465ee728b) [PhysX] Initialized MultithreadedTaskDispatcher with 8 workers.
[PhysX] Initialized MultithreadedTaskDispatcher with 8 workers.
 -> (artifact id: '256ad8a8bf56cafd3be363a576b6fc06') in 0.009440 seconds
Number of updated asset objects reloaded before import = 0
Number of asset objects unloaded after import = 3
========================================================================
Received Import Request.
  Time since last request: 1.697496 seconds.
  path: Assets/RawResources/UI/MakeOver/MakeOver_story/story101/story101_cat_2.png
  artifactKey: Guid(6ed5562edbe574907a3345ba35a32c6b) Importer(815301076,1909f56bfc062723c751e8b465ee728b)
Start importing Assets/RawResources/UI/MakeOver/MakeOver_story/story101/story101_cat_2.png using Guid(6ed5562edbe574907a3345ba35a32c6b) Importer(815301076,1909f56bfc062723c751e8b465ee728b) [PhysX] Initialized MultithreadedTaskDispatcher with 8 workers.
[PhysX] Initialized MultithreadedTaskDispatcher with 8 workers.
 -> (artifact id: 'c6f3b2c51d63b0e8b4f4a0290198e379') in 0.010959 seconds
Number of updated asset objects reloaded before import = 0
Number of asset objects unloaded after import = 3
========================================================================
Received Import Request.
  Time since last request: 0.000039 seconds.
  path: Assets/RawResources/UI/MakeOver/MakeOver_story/story101/story101_cat_4.png
  artifactKey: Guid(dc6c4c17e77ac40fba8c64a0efb23f6d) Importer(815301076,1909f56bfc062723c751e8b465ee728b)
Start importing Assets/RawResources/UI/MakeOver/MakeOver_story/story101/story101_cat_4.png using Guid(dc6c4c17e77ac40fba8c64a0efb23f6d) Importer(815301076,1909f56bfc062723c751e8b465ee728b) [PhysX] Initialized MultithreadedTaskDispatcher with 8 workers.
[PhysX] Initialized MultithreadedTaskDispatcher with 8 workers.
 -> (artifact id: 'd155b5e920305aaaa23fc4dd32004cc8') in 0.009095 seconds
Number of updated asset objects reloaded before import = 0
Number of asset objects unloaded after import = 3
========================================================================
Received Import Request.
  Time since last request: 0.190393 seconds.
  path: Assets/RawResources/UI/MakeOver/MakeOver_story/story101/story101_back_0.png
  artifactKey: Guid(9365a5a02e5584c208d70d6f74bff68b) Importer(815301076,1909f56bfc062723c751e8b465ee728b)
Start importing Assets/RawResources/UI/MakeOver/MakeOver_story/story101/story101_back_0.png using Guid(9365a5a02e5584c208d70d6f74bff68b) Importer(815301076,1909f56bfc062723c751e8b465ee728b) [PhysX] Initialized MultithreadedTaskDispatcher with 8 workers.
[PhysX] Initialized MultithreadedTaskDispatcher with 8 workers.
 -> (artifact id: '43b58bd61e411c9e5c794ae6823a9062') in 0.009398 seconds
Number of updated asset objects reloaded before import = 0
Number of asset objects unloaded after import = 3
========================================================================
Received Import Request.
  Time since last request: 0.000387 seconds.
  path: Assets/RawResources/UI/MakeOver/MakeOver_story/story101/story101_back_3.png
  artifactKey: Guid(9835a1a15dbeb4437ac29aff958cebc3) Importer(815301076,1909f56bfc062723c751e8b465ee728b)
Start importing Assets/RawResources/UI/MakeOver/MakeOver_story/story101/story101_back_3.png using Guid(9835a1a15dbeb4437ac29aff958cebc3) Importer(815301076,1909f56bfc062723c751e8b465ee728b) [PhysX] Initialized MultithreadedTaskDispatcher with 8 workers.
[PhysX] Initialized MultithreadedTaskDispatcher with 8 workers.
 -> (artifact id: '8adf3b73da2babf23a1a2dc37af77316') in 0.008565 seconds
Number of updated asset objects reloaded before import = 0
Number of asset objects unloaded after import = 3
========================================================================
Received Import Request.
  Time since last request: 1.079884 seconds.
  path: Assets/RawResources/UI/MakeOver/MakeOver_story/story05/story05_deco_10.png
  artifactKey: Guid(12dfbaa2e7f1247af84488802724d811) Importer(815301076,1909f56bfc062723c751e8b465ee728b)
Start importing Assets/RawResources/UI/MakeOver/MakeOver_story/story05/story05_deco_10.png using Guid(12dfbaa2e7f1247af84488802724d811) Importer(815301076,1909f56bfc062723c751e8b465ee728b) [PhysX] Initialized MultithreadedTaskDispatcher with 8 workers.
[PhysX] Initialized MultithreadedTaskDispatcher with 8 workers.
 -> (artifact id: '44fa4047fa69c712d404a66e7b190fb5') in 0.016682 seconds
Number of updated asset objects reloaded before import = 0
Number of asset objects unloaded after import = 3
========================================================================
Received Import Request.
  Time since last request: 0.000544 seconds.
  path: Assets/RawResources/UI/MakeOver/MakeOver_story/story05/story05_deco_11.png
  artifactKey: Guid(cb9311a7ed36e4813b74bf63c72ca0a7) Importer(815301076,1909f56bfc062723c751e8b465ee728b)
Start importing Assets/RawResources/UI/MakeOver/MakeOver_story/story05/story05_deco_11.png using Guid(cb9311a7ed36e4813b74bf63c72ca0a7) Importer(815301076,1909f56bfc062723c751e8b465ee728b) [PhysX] Initialized MultithreadedTaskDispatcher with 8 workers.
[PhysX] Initialized MultithreadedTaskDispatcher with 8 workers.
 -> (artifact id: 'ac87e000ed1e5eb1fd335e0fa850f79e') in 0.009329 seconds
Number of updated asset objects reloaded before import = 0
Number of asset objects unloaded after import = 3
========================================================================
Received Import Request.
  Time since last request: 0.177249 seconds.
  path: Assets/RawResources/UI/MakeOver/MakeOver_story/story05/story05_deco_6.png
  artifactKey: Guid(84a0855365a404701b08162dc06fca7a) Importer(815301076,1909f56bfc062723c751e8b465ee728b)
Start importing Assets/RawResources/UI/MakeOver/MakeOver_story/story05/story05_deco_6.png using Guid(84a0855365a404701b08162dc06fca7a) Importer(815301076,1909f56bfc062723c751e8b465ee728b) [PhysX] Initialized MultithreadedTaskDispatcher with 8 workers.
[PhysX] Initialized MultithreadedTaskDispatcher with 8 workers.
 -> (artifact id: '2042e5463bca225f27ad36d8e9be9440') in 0.008928 seconds
Number of updated asset objects reloaded before import = 0
Number of asset objects unloaded after import = 3
========================================================================
Received Import Request.
  Time since last request: 0.000119 seconds.
  path: Assets/RawResources/UI/MakeOver/MakeOver_story/story05/story05_deco_7.png
  artifactKey: Guid(b4732be5b76e8491bbae96ddbe4764a5) Importer(815301076,1909f56bfc062723c751e8b465ee728b)
Start importing Assets/RawResources/UI/MakeOver/MakeOver_story/story05/story05_deco_7.png using Guid(b4732be5b76e8491bbae96ddbe4764a5) Importer(815301076,1909f56bfc062723c751e8b465ee728b) [PhysX] Initialized MultithreadedTaskDispatcher with 8 workers.
[PhysX] Initialized MultithreadedTaskDispatcher with 8 workers.
 -> (artifact id: '1c6d8a1586e4c414cc0b88ee4a8ad3d9') in 0.007148 seconds
Number of updated asset objects reloaded before import = 0
Number of asset objects unloaded after import = 3
========================================================================
Received Import Request.
  Time since last request: 1.110335 seconds.
  path: Assets/RawResources/UI/MakeOver/MakeOver_story/story05/story05_deco_2.png
  artifactKey: Guid(e1ffd7c54aafd4751abbe4b3e6f11f60) Importer(815301076,1909f56bfc062723c751e8b465ee728b)
Start importing Assets/RawResources/UI/MakeOver/MakeOver_story/story05/story05_deco_2.png using Guid(e1ffd7c54aafd4751abbe4b3e6f11f60) Importer(815301076,1909f56bfc062723c751e8b465ee728b) [PhysX] Initialized MultithreadedTaskDispatcher with 8 workers.
[PhysX] Initialized MultithreadedTaskDispatcher with 8 workers.
 -> (artifact id: '7eb4223cc465c98e5104d729ea5d6271') in 0.011535 seconds
Number of updated asset objects reloaded before import = 0
Number of asset objects unloaded after import = 3
========================================================================
Received Import Request.
  Time since last request: 0.000055 seconds.
  path: Assets/RawResources/UI/MakeOver/MakeOver_story/story05/story05_deco_3.png
  artifactKey: Guid(6c8ea154027114e618d4a689d0eec4ae) Importer(815301076,1909f56bfc062723c751e8b465ee728b)
Start importing Assets/RawResources/UI/MakeOver/MakeOver_story/story05/story05_deco_3.png using Guid(6c8ea154027114e618d4a689d0eec4ae) Importer(815301076,1909f56bfc062723c751e8b465ee728b) [PhysX] Initialized MultithreadedTaskDispatcher with 8 workers.
[PhysX] Initialized MultithreadedTaskDispatcher with 8 workers.
 -> (artifact id: '28747812db194cf77801d024252cca34') in 0.009089 seconds
Number of updated asset objects reloaded before import = 0
Number of asset objects unloaded after import = 3
========================================================================
Received Import Request.
  Time since last request: 0.409002 seconds.
  path: Assets/RawResources/UI/MakeOver/MakeOver_story/story05/story05_catdry_3.png
  artifactKey: Guid(3a85b86c225ff463c9a5a3820957056e) Importer(815301076,1909f56bfc062723c751e8b465ee728b)
Start importing Assets/RawResources/UI/MakeOver/MakeOver_story/story05/story05_catdry_3.png using Guid(3a85b86c225ff463c9a5a3820957056e) Importer(815301076,1909f56bfc062723c751e8b465ee728b) [PhysX] Initialized MultithreadedTaskDispatcher with 8 workers.
[PhysX] Initialized MultithreadedTaskDispatcher with 8 workers.
 -> (artifact id: 'a4788de093d7636068348a70ea050802') in 0.012064 seconds
Number of updated asset objects reloaded before import = 0
Number of asset objects unloaded after import = 3
========================================================================
Received Import Request.
  Time since last request: 0.000071 seconds.
  path: Assets/RawResources/UI/MakeOver/MakeOver_story/story05/story05_catwet_2.png
  artifactKey: Guid(2d3cd77e6068847aa8b36e3238f398ca) Importer(815301076,1909f56bfc062723c751e8b465ee728b)
Start importing Assets/RawResources/UI/MakeOver/MakeOver_story/story05/story05_catwet_2.png using Guid(2d3cd77e6068847aa8b36e3238f398ca) Importer(815301076,1909f56bfc062723c751e8b465ee728b) [PhysX] Initialized MultithreadedTaskDispatcher with 8 workers.
[PhysX] Initialized MultithreadedTaskDispatcher with 8 workers.
 -> (artifact id: '54de9ab18d6e582f522cebb3a88657b3') in 0.008878 seconds
Number of updated asset objects reloaded before import = 0
Number of asset objects unloaded after import = 3
========================================================================
Received Import Request.
  Time since last request: 0.073856 seconds.
  path: Assets/RawResources/UI/MakeOver/MakeOver_story/story04/story04_water.png
  artifactKey: Guid(c0111fb868be44798af2ce4eaeec520e) Importer(815301076,1909f56bfc062723c751e8b465ee728b)
Start importing Assets/RawResources/UI/MakeOver/MakeOver_story/story04/story04_water.png using Guid(c0111fb868be44798af2ce4eaeec520e) Importer(815301076,1909f56bfc062723c751e8b465ee728b) [PhysX] Initialized MultithreadedTaskDispatcher with 8 workers.
[PhysX] Initialized MultithreadedTaskDispatcher with 8 workers.
 -> (artifact id: 'ccf65de7496decb3f117ccf4cf0d407b') in 0.007071 seconds
Number of updated asset objects reloaded before import = 0
Number of asset objects unloaded after import = 3
========================================================================
Received Import Request.
  Time since last request: 0.000204 seconds.
  path: Assets/RawResources/UI/MakeOver/MakeOver_story/story05/story04cattail2.png
  artifactKey: Guid(c6f27ad574e8e4f94b57f79f828cf393) Importer(815301076,1909f56bfc062723c751e8b465ee728b)
Start importing Assets/RawResources/UI/MakeOver/MakeOver_story/story05/story04cattail2.png using Guid(c6f27ad574e8e4f94b57f79f828cf393) Importer(815301076,1909f56bfc062723c751e8b465ee728b) [PhysX] Initialized MultithreadedTaskDispatcher with 8 workers.
[PhysX] Initialized MultithreadedTaskDispatcher with 8 workers.
 -> (artifact id: 'b3ac63aff0919732e3a1b8d64a818c1a') in 0.005811 seconds
Number of updated asset objects reloaded before import = 0
Number of asset objects unloaded after import = 3
========================================================================
Received Import Request.
  Time since last request: 0.071526 seconds.
  path: Assets/RawResources/UI/MakeOver/MakeOver_story/story04/story04_toy_3.png
  artifactKey: Guid(b4f61bd32a93241e0aba1dda80d863a0) Importer(815301076,1909f56bfc062723c751e8b465ee728b)
Start importing Assets/RawResources/UI/MakeOver/MakeOver_story/story04/story04_toy_3.png using Guid(b4f61bd32a93241e0aba1dda80d863a0) Importer(815301076,1909f56bfc062723c751e8b465ee728b) [PhysX] Initialized MultithreadedTaskDispatcher with 8 workers.
[PhysX] Initialized MultithreadedTaskDispatcher with 8 workers.
 -> (artifact id: 'e54da727d19f28f65ea9085fb020fbed') in 0.008017 seconds
Number of updated asset objects reloaded before import = 0
Number of asset objects unloaded after import = 3
========================================================================
Received Import Request.
  Time since last request: 0.000058 seconds.
  path: Assets/RawResources/UI/MakeOver/MakeOver_story/story04/story04_wash_1.png
  artifactKey: Guid(e48fb201126474950aa451883ba4d4e7) Importer(815301076,1909f56bfc062723c751e8b465ee728b)
Start importing Assets/RawResources/UI/MakeOver/MakeOver_story/story04/story04_wash_1.png using Guid(e48fb201126474950aa451883ba4d4e7) Importer(815301076,1909f56bfc062723c751e8b465ee728b) [PhysX] Initialized MultithreadedTaskDispatcher with 8 workers.
[PhysX] Initialized MultithreadedTaskDispatcher with 8 workers.
 -> (artifact id: '9a1ed57ad5d481b8b2b29edc339e9551') in 0.008015 seconds
Number of updated asset objects reloaded before import = 0
Number of asset objects unloaded after import = 3
========================================================================
Received Import Request.
  Time since last request: 0.143938 seconds.
  path: Assets/RawResources/UI/MakeOver/MakeOver_story/story04/story04_bubble_3.png
  artifactKey: Guid(9efe5bbeaa8cb43798900347d792a11f) Importer(815301076,1909f56bfc062723c751e8b465ee728b)
Start importing Assets/RawResources/UI/MakeOver/MakeOver_story/story04/story04_bubble_3.png using Guid(9efe5bbeaa8cb43798900347d792a11f) Importer(815301076,1909f56bfc062723c751e8b465ee728b) [PhysX] Initialized MultithreadedTaskDispatcher with 8 workers.
[PhysX] Initialized MultithreadedTaskDispatcher with 8 workers.
 -> (artifact id: '5a0f1d543070a230588d7cb0fa71acaf') in 0.007074 seconds
Number of updated asset objects reloaded before import = 0
Number of asset objects unloaded after import = 3
========================================================================
Received Import Request.
  Time since last request: 0.000034 seconds.
  path: Assets/RawResources/UI/MakeOver/MakeOver_story/story04/story04_shower.png
  artifactKey: Guid(9f6928f6f610a4f1f89b9f3fa38fbbaa) Importer(815301076,1909f56bfc062723c751e8b465ee728b)
Start importing Assets/RawResources/UI/MakeOver/MakeOver_story/story04/story04_shower.png using Guid(9f6928f6f610a4f1f89b9f3fa38fbbaa) Importer(815301076,1909f56bfc062723c751e8b465ee728b) [PhysX] Initialized MultithreadedTaskDispatcher with 8 workers.
[PhysX] Initialized MultithreadedTaskDispatcher with 8 workers.
 -> (artifact id: '4ff97b78b806ad690755ede858ecf76f') in 0.007012 seconds
Number of updated asset objects reloaded before import = 0
Number of asset objects unloaded after import = 3
========================================================================
Received Import Request.
  Time since last request: 0.295558 seconds.
  path: Assets/RawResources/UI/MakeOver/MakeOver_story/story04/story04_back.png
  artifactKey: Guid(eddb06e15c1ec4f54bdda3342040e2aa) Importer(815301076,1909f56bfc062723c751e8b465ee728b)
Start importing Assets/RawResources/UI/MakeOver/MakeOver_story/story04/story04_back.png using Guid(eddb06e15c1ec4f54bdda3342040e2aa) Importer(815301076,1909f56bfc062723c751e8b465ee728b) [PhysX] Initialized MultithreadedTaskDispatcher with 8 workers.
[PhysX] Initialized MultithreadedTaskDispatcher with 8 workers.
 -> (artifact id: 'fdcf4d1bb542849ea43e4e4b7a4686ee') in 0.010223 seconds
Number of updated asset objects reloaded before import = 0
Number of asset objects unloaded after import = 3
========================================================================
Received Import Request.
  Time since last request: 0.000107 seconds.
  path: Assets/RawResources/UI/MakeOver/MakeOver_story/story04/story04_bench.png
  artifactKey: Guid(c236f7055a74c43328a38de6ef8edc54) Importer(815301076,1909f56bfc062723c751e8b465ee728b)
Start importing Assets/RawResources/UI/MakeOver/MakeOver_story/story04/story04_bench.png using Guid(c236f7055a74c43328a38de6ef8edc54) Importer(815301076,1909f56bfc062723c751e8b465ee728b) [PhysX] Initialized MultithreadedTaskDispatcher with 8 workers.
[PhysX] Initialized MultithreadedTaskDispatcher with 8 workers.
 -> (artifact id: '8b1bfc8ff8f7293d4e15589723a19c36') in 0.009453 seconds
Number of updated asset objects reloaded before import = 0
Number of asset objects unloaded after import = 3
========================================================================
Received Import Request.
  Time since last request: 0.349887 seconds.
  path: Assets/RawResources/UI/MakeOver/MakeOver_story/story03/story03_nest_2.png
  artifactKey: Guid(8498ebdc8d43b47ff858d1f3c071db73) Importer(815301076,1909f56bfc062723c751e8b465ee728b)
Start importing Assets/RawResources/UI/MakeOver/MakeOver_story/story03/story03_nest_2.png using Guid(8498ebdc8d43b47ff858d1f3c071db73) Importer(815301076,1909f56bfc062723c751e8b465ee728b) [PhysX] Initialized MultithreadedTaskDispatcher with 8 workers.
[PhysX] Initialized MultithreadedTaskDispatcher with 8 workers.
 -> (artifact id: '7ce71c99b6d67df9b899b60d19ca323c') in 0.010931 seconds
Number of updated asset objects reloaded before import = 0
Number of asset objects unloaded after import = 3
========================================================================
Received Import Request.
  Time since last request: 0.000067 seconds.
  path: Assets/RawResources/UI/MakeOver/MakeOver_story/story03/story03_nest_4.png
  artifactKey: Guid(3357bab7d51524e89bc0d36c92c29fe3) Importer(815301076,1909f56bfc062723c751e8b465ee728b)
Start importing Assets/RawResources/UI/MakeOver/MakeOver_story/story03/story03_nest_4.png using Guid(3357bab7d51524e89bc0d36c92c29fe3) Importer(815301076,1909f56bfc062723c751e8b465ee728b) [PhysX] Initialized MultithreadedTaskDispatcher with 8 workers.
[PhysX] Initialized MultithreadedTaskDispatcher with 8 workers.
 -> (artifact id: 'e15a2bbc79822f33968aeced557c9e92') in 0.012368 seconds
Number of updated asset objects reloaded before import = 0
Number of asset objects unloaded after import = 3
========================================================================
Received Import Request.
  Time since last request: 0.092027 seconds.
  path: Assets/RawResources/UI/MakeOver/MakeOver_story/story03/story03_back_4.png
  artifactKey: Guid(07976af8dda5e4600b0d556bd502f874) Importer(815301076,1909f56bfc062723c751e8b465ee728b)
Start importing Assets/RawResources/UI/MakeOver/MakeOver_story/story03/story03_back_4.png using Guid(07976af8dda5e4600b0d556bd502f874) Importer(815301076,1909f56bfc062723c751e8b465ee728b) [PhysX] Initialized MultithreadedTaskDispatcher with 8 workers.
[PhysX] Initialized MultithreadedTaskDispatcher with 8 workers.
 -> (artifact id: '7b58e6c28369c3037c4bdeca3a628a36') in 0.006230 seconds
Number of updated asset objects reloaded before import = 0
Number of asset objects unloaded after import = 3
========================================================================
Received Import Request.
  Time since last request: 0.000034 seconds.
  path: Assets/RawResources/UI/MakeOver/MakeOver_story/story03/story03_food_1.png
  artifactKey: Guid(df01d7f04c3b94014b983fcb3d5c4bb2) Importer(815301076,1909f56bfc062723c751e8b465ee728b)
Start importing Assets/RawResources/UI/MakeOver/MakeOver_story/story03/story03_food_1.png using Guid(df01d7f04c3b94014b983fcb3d5c4bb2) Importer(815301076,1909f56bfc062723c751e8b465ee728b) [PhysX] Initialized MultithreadedTaskDispatcher with 8 workers.
[PhysX] Initialized MultithreadedTaskDispatcher with 8 workers.
 -> (artifact id: 'db4b16160d88398dc7a0bc496c08e912') in 0.007576 seconds
Number of updated asset objects reloaded before import = 0
Number of asset objects unloaded after import = 3
========================================================================
Received Import Request.
  Time since last request: 0.108650 seconds.
  path: Assets/RawResources/UI/MakeOver/MakeOver_story/story03/story03_back_0.png
  artifactKey: Guid(9478d453b31364d9bac7f78875eab390) Importer(815301076,1909f56bfc062723c751e8b465ee728b)
Start importing Assets/RawResources/UI/MakeOver/MakeOver_story/story03/story03_back_0.png using Guid(9478d453b31364d9bac7f78875eab390) Importer(815301076,1909f56bfc062723c751e8b465ee728b) [PhysX] Initialized MultithreadedTaskDispatcher with 8 workers.
[PhysX] Initialized MultithreadedTaskDispatcher with 8 workers.
 -> (artifact id: '9d73818e750f624aabb345a910d75e54') in 0.007316 seconds
Number of updated asset objects reloaded before import = 0
Number of asset objects unloaded after import = 3
========================================================================
Received Import Request.
  Time since last request: 0.000116 seconds.
  path: Assets/RawResources/UI/MakeOver/MakeOver_story/story03/story03_back_2.png
  artifactKey: Guid(edf461d9ade614389b7f12189378ee19) Importer(815301076,1909f56bfc062723c751e8b465ee728b)
Start importing Assets/RawResources/UI/MakeOver/MakeOver_story/story03/story03_back_2.png using Guid(edf461d9ade614389b7f12189378ee19) Importer(815301076,1909f56bfc062723c751e8b465ee728b) [PhysX] Initialized MultithreadedTaskDispatcher with 8 workers.
[PhysX] Initialized MultithreadedTaskDispatcher with 8 workers.
 -> (artifact id: 'a3d1823069d36524c1534f3645711ea2') in 0.007336 seconds
Number of updated asset objects reloaded before import = 0
Number of asset objects unloaded after import = 3
========================================================================
Received Import Request.
  Time since last request: 0.934285 seconds.
  path: Assets/RawResources/UI/MakeOver/MakeOver_pic/story02_letter1.png
  artifactKey: Guid(228f4491ca2e14558aaecccab042e766) Importer(815301076,1909f56bfc062723c751e8b465ee728b)
Start importing Assets/RawResources/UI/MakeOver/MakeOver_pic/story02_letter1.png using Guid(228f4491ca2e14558aaecccab042e766) Importer(815301076,1909f56bfc062723c751e8b465ee728b) [PhysX] Initialized MultithreadedTaskDispatcher with 8 workers.
[PhysX] Initialized MultithreadedTaskDispatcher with 8 workers.
 -> (artifact id: 'd5fb7122e87c2f133a5b6d168f382ec2') in 0.013512 seconds
Number of updated asset objects reloaded before import = 0
Number of asset objects unloaded after import = 3
========================================================================
Received Import Request.
  Time since last request: 0.000089 seconds.
  path: Assets/RawResources/UI/MakeOver/MakeOver_story/story02/story02_letter_1.png
  artifactKey: Guid(2afc207929644449ca4c23ce739aa6f8) Importer(815301076,1909f56bfc062723c751e8b465ee728b)
Start importing Assets/RawResources/UI/MakeOver/MakeOver_story/story02/story02_letter_1.png using Guid(2afc207929644449ca4c23ce739aa6f8) Importer(815301076,1909f56bfc062723c751e8b465ee728b) [PhysX] Initialized MultithreadedTaskDispatcher with 8 workers.
[PhysX] Initialized MultithreadedTaskDispatcher with 8 workers.
 -> (artifact id: '2cd98816347acd0378733893dae1ec14') in 0.009481 seconds
Number of updated asset objects reloaded before import = 0
Number of asset objects unloaded after import = 3
========================================================================
Received Import Request.
  Time since last request: 3.933975 seconds.
  path: Assets/RawResources/UI/MakeOver/MakeOver_story/story02/story02_house_2.png
  artifactKey: Guid(0bd1db9d07dfa4e2bbb0a79469dd8d18) Importer(815301076,1909f56bfc062723c751e8b465ee728b)
Start importing Assets/RawResources/UI/MakeOver/MakeOver_story/story02/story02_house_2.png using Guid(0bd1db9d07dfa4e2bbb0a79469dd8d18) Importer(815301076,1909f56bfc062723c751e8b465ee728b) [PhysX] Initialized MultithreadedTaskDispatcher with 8 workers.
[PhysX] Initialized MultithreadedTaskDispatcher with 8 workers.
 -> (artifact id: 'f3a1fab6d64df4e345128c35584040b6') in 0.016368 seconds
Number of updated asset objects reloaded before import = 0
Number of asset objects unloaded after import = 3
========================================================================
Received Import Request.
  Time since last request: 0.000099 seconds.
  path: Assets/RawResources/UI/MakeOver/MakeOver_story/story02/story02_house_3.png
  artifactKey: Guid(055da9b9ae5894e099b42dd83beac104) Importer(815301076,1909f56bfc062723c751e8b465ee728b)
Start importing Assets/RawResources/UI/MakeOver/MakeOver_story/story02/story02_house_3.png using Guid(055da9b9ae5894e099b42dd83beac104) Importer(815301076,1909f56bfc062723c751e8b465ee728b) [PhysX] Initialized MultithreadedTaskDispatcher with 8 workers.
[PhysX] Initialized MultithreadedTaskDispatcher with 8 workers.
 -> (artifact id: '62d4cf1f6f94644500f1d842b4e795bd') in 0.016758 seconds
Number of updated asset objects reloaded before import = 0
Number of asset objects unloaded after import = 3
========================================================================
Received Import Request.
  Time since last request: 0.000205 seconds.
  path: Assets/RawResources/UI/MakeOver/MakeOver_story/story02/story02_house_4.png
  artifactKey: Guid(b5a37a15cd9eb44ebafc7573473144ae) Importer(815301076,1909f56bfc062723c751e8b465ee728b)
Start importing Assets/RawResources/UI/MakeOver/MakeOver_story/story02/story02_house_4.png using Guid(b5a37a15cd9eb44ebafc7573473144ae) Importer(815301076,1909f56bfc062723c751e8b465ee728b) [PhysX] Initialized MultithreadedTaskDispatcher with 8 workers.
[PhysX] Initialized MultithreadedTaskDispatcher with 8 workers.
 -> (artifact id: '61fdba474eebf05edc963ff042a05ceb') in 0.015915 seconds
Number of updated asset objects reloaded before import = 0
Number of asset objects unloaded after import = 3
========================================================================
Received Import Request.
  Time since last request: 0.599161 seconds.
  path: Assets/RawResources/UI/MakeOver/MakeOver_story/story02/story02_bear.png
  artifactKey: Guid(f910a50b9577a45f084ebcf26635e7eb) Importer(815301076,1909f56bfc062723c751e8b465ee728b)
Start importing Assets/RawResources/UI/MakeOver/MakeOver_story/story02/story02_bear.png using Guid(f910a50b9577a45f084ebcf26635e7eb) Importer(815301076,1909f56bfc062723c751e8b465ee728b) [PhysX] Initialized MultithreadedTaskDispatcher with 8 workers.
[PhysX] Initialized MultithreadedTaskDispatcher with 8 workers.
 -> (artifact id: 'c76a9617ad23d37da440a2a03d889f6d') in 0.016225 seconds
Number of updated asset objects reloaded before import = 0
Number of asset objects unloaded after import = 3
========================================================================
Received Import Request.
  Time since last request: 0.000195 seconds.
  path: Assets/RawResources/UI/MakeOver/MakeOver_story/story02/story02_deco_1.png
  artifactKey: Guid(8f998c69a9ae447f6b97c071a02308f5) Importer(815301076,1909f56bfc062723c751e8b465ee728b)
Start importing Assets/RawResources/UI/MakeOver/MakeOver_story/story02/story02_deco_1.png using Guid(8f998c69a9ae447f6b97c071a02308f5) Importer(815301076,1909f56bfc062723c751e8b465ee728b) [PhysX] Initialized MultithreadedTaskDispatcher with 8 workers.
[PhysX] Initialized MultithreadedTaskDispatcher with 8 workers.
 -> (artifact id: 'e8d2dafacf58442d6fc1926ff3e4adcf') in 0.009592 seconds
Number of updated asset objects reloaded before import = 0
Number of asset objects unloaded after import = 3
========================================================================
Received Import Request.
  Time since last request: 0.468932 seconds.
  path: Assets/RawResources/UI/MakeOver/MakeOver_story/story01/story01_food_1.png
  artifactKey: Guid(c1bcb0e84ac754fb88fc39f56f0198c7) Importer(815301076,1909f56bfc062723c751e8b465ee728b)
Start importing Assets/RawResources/UI/MakeOver/MakeOver_story/story01/story01_food_1.png using Guid(c1bcb0e84ac754fb88fc39f56f0198c7) Importer(815301076,1909f56bfc062723c751e8b465ee728b) [PhysX] Initialized MultithreadedTaskDispatcher with 8 workers.
[PhysX] Initialized MultithreadedTaskDispatcher with 8 workers.
 -> (artifact id: '4fc2973ffd4a283256a862fe6d5d7daf') in 0.012972 seconds
Number of updated asset objects reloaded before import = 0
Number of asset objects unloaded after import = 3
========================================================================
Received Import Request.
  Time since last request: 0.000125 seconds.
  path: Assets/RawResources/UI/MakeOver/MakeOver_story/story01/story01_food_2.png
  artifactKey: Guid(70f77ece4df5c4613a9d048bdc87155c) Importer(815301076,1909f56bfc062723c751e8b465ee728b)
Start importing Assets/RawResources/UI/MakeOver/MakeOver_story/story01/story01_food_2.png using Guid(70f77ece4df5c4613a9d048bdc87155c) Importer(815301076,1909f56bfc062723c751e8b465ee728b) [PhysX] Initialized MultithreadedTaskDispatcher with 8 workers.
[PhysX] Initialized MultithreadedTaskDispatcher with 8 workers.
 -> (artifact id: '602a80f497077d91e541e18ee76fe71d') in 0.011901 seconds
Number of updated asset objects reloaded before import = 0
Number of asset objects unloaded after import = 3
========================================================================
Received Import Request.
  Time since last request: 0.071144 seconds.
  path: Assets/RawResources/UI/MakeOver/MakeOver_story/story01/story01_deco_2.png
  artifactKey: Guid(596288dee5de94b51aa080bb25d2cbde) Importer(815301076,1909f56bfc062723c751e8b465ee728b)
Start importing Assets/RawResources/UI/MakeOver/MakeOver_story/story01/story01_deco_2.png using Guid(596288dee5de94b51aa080bb25d2cbde) Importer(815301076,1909f56bfc062723c751e8b465ee728b) [PhysX] Initialized MultithreadedTaskDispatcher with 8 workers.
[PhysX] Initialized MultithreadedTaskDispatcher with 8 workers.
 -> (artifact id: 'c0d39c5303e6abc00e485c99dc58ad43') in 0.008447 seconds
Number of updated asset objects reloaded before import = 0
Number of asset objects unloaded after import = 3
========================================================================
Received Import Request.
  Time since last request: 0.000049 seconds.
  path: Assets/RawResources/UI/MakeOver/MakeOver_story/story01/story01_deco_3.png
  artifactKey: Guid(3ddcf71454db04cd7bb98bd67a9fd5fd) Importer(815301076,1909f56bfc062723c751e8b465ee728b)
Start importing Assets/RawResources/UI/MakeOver/MakeOver_story/story01/story01_deco_3.png using Guid(3ddcf71454db04cd7bb98bd67a9fd5fd) Importer(815301076,1909f56bfc062723c751e8b465ee728b) [PhysX] Initialized MultithreadedTaskDispatcher with 8 workers.
[PhysX] Initialized MultithreadedTaskDispatcher with 8 workers.
 -> (artifact id: '148be7d34e0d8b4d4484592964984591') in 0.009111 seconds
Number of updated asset objects reloaded before import = 0
Number of asset objects unloaded after import = 3
========================================================================
Received Import Request.
  Time since last request: 0.071025 seconds.
  path: Assets/RawResources/UI/MakeOver/MakeOver_story/story01/story01_box_2.png
  artifactKey: Guid(fed37aec8e63147a18be1afe5295c57b) Importer(815301076,1909f56bfc062723c751e8b465ee728b)
Start importing Assets/RawResources/UI/MakeOver/MakeOver_story/story01/story01_box_2.png using Guid(fed37aec8e63147a18be1afe5295c57b) Importer(815301076,1909f56bfc062723c751e8b465ee728b) [PhysX] Initialized MultithreadedTaskDispatcher with 8 workers.
[PhysX] Initialized MultithreadedTaskDispatcher with 8 workers.
 -> (artifact id: 'f77b69b1342e91f07d3900df8bd5aefa') in 0.007437 seconds
Number of updated asset objects reloaded before import = 0
Number of asset objects unloaded after import = 3
========================================================================
Received Import Request.
  Time since last request: 0.000035 seconds.
  path: Assets/RawResources/UI/MakeOver/MakeOver_story/story01/story01_box_3.png
  artifactKey: Guid(38544d47b36fc461d8671624233f9e2c) Importer(815301076,1909f56bfc062723c751e8b465ee728b)
Start importing Assets/RawResources/UI/MakeOver/MakeOver_story/story01/story01_box_3.png using Guid(38544d47b36fc461d8671624233f9e2c) Importer(815301076,1909f56bfc062723c751e8b465ee728b) [PhysX] Initialized MultithreadedTaskDispatcher with 8 workers.
[PhysX] Initialized MultithreadedTaskDispatcher with 8 workers.
 -> (artifact id: '1a0a6405d9046a75bc5d394cf35e1cbd') in 0.007037 seconds
Number of updated asset objects reloaded before import = 0
Number of asset objects unloaded after import = 3
========================================================================
Received Import Request.
  Time since last request: 0.111315 seconds.
  path: Assets/RawResources/UI/Home/slider_bar.png
  artifactKey: Guid(3b186057d63f041ada9d8207516bb59c) Importer(815301076,1909f56bfc062723c751e8b465ee728b)
Start importing Assets/RawResources/UI/Home/slider_bar.png using Guid(3b186057d63f041ada9d8207516bb59c) Importer(815301076,1909f56bfc062723c751e8b465ee728b) [PhysX] Initialized MultithreadedTaskDispatcher with 8 workers.
[PhysX] Initialized MultithreadedTaskDispatcher with 8 workers.
 -> (artifact id: 'b3be85d1344fbb130f7c3ac9e27c2e1d') in 0.006283 seconds
Number of updated asset objects reloaded before import = 0
Number of asset objects unloaded after import = 3
========================================================================
Received Import Request.
  Time since last request: 0.000047 seconds.
  path: Assets/RawResources/UI/MakeOver/MakeOver_story/story01/story01_back.png
  artifactKey: Guid(4b7817e7456bc430789e09c75c31c8e3) Importer(815301076,1909f56bfc062723c751e8b465ee728b)
Start importing Assets/RawResources/UI/MakeOver/MakeOver_story/story01/story01_back.png using Guid(4b7817e7456bc430789e09c75c31c8e3) Importer(815301076,1909f56bfc062723c751e8b465ee728b) [PhysX] Initialized MultithreadedTaskDispatcher with 8 workers.
[PhysX] Initialized MultithreadedTaskDispatcher with 8 workers.
 -> (artifact id: '93a78dcaad6d6c75da7fb9359c793ffe') in 0.008368 seconds
Number of updated asset objects reloaded before import = 0
Number of asset objects unloaded after import = 3
========================================================================
Received Import Request.
  Time since last request: 0.481454 seconds.
  path: Assets/RawResources/UI/BG/Sign_day7_BG.png
  artifactKey: Guid(d07176de30e454d328ed96ab6ece811a) Importer(815301076,1909f56bfc062723c751e8b465ee728b)
Start importing Assets/RawResources/UI/BG/Sign_day7_BG.png using Guid(d07176de30e454d328ed96ab6ece811a) Importer(815301076,1909f56bfc062723c751e8b465ee728b) [PhysX] Initialized MultithreadedTaskDispatcher with 8 workers.
[PhysX] Initialized MultithreadedTaskDispatcher with 8 workers.
 -> (artifact id: 'c213261f3ecc11466abc8e66bacf9fa6') in 0.041133 seconds
Number of updated asset objects reloaded before import = 0
Number of asset objects unloaded after import = 133
========================================================================
Received Import Request.
  Time since last request: 0.109919 seconds.
  path: Assets/RawResources/UI/Shop/shop_panel_small_2.png
  artifactKey: Guid(f6a1f8a21418f40f2b2001ef322555a9) Importer(815301076,1909f56bfc062723c751e8b465ee728b)
Start importing Assets/RawResources/UI/Shop/shop_panel_small_2.png using Guid(f6a1f8a21418f40f2b2001ef322555a9) Importer(815301076,1909f56bfc062723c751e8b465ee728b) [PhysX] Initialized MultithreadedTaskDispatcher with 8 workers.
[PhysX] Initialized MultithreadedTaskDispatcher with 8 workers.
 -> (artifact id: '4ba5a070838d2dec62b03895bdf57a9e') in 0.006874 seconds
Number of updated asset objects reloaded before import = 0
Number of asset objects unloaded after import = 3
========================================================================
Received Import Request.
  Time since last request: 0.000036 seconds.
  path: Assets/RawResources/UI/Shop/shop_sale.png
  artifactKey: Guid(b04fa707f53db47768d80a2a93e26199) Importer(815301076,1909f56bfc062723c751e8b465ee728b)
Start importing Assets/RawResources/UI/Shop/shop_sale.png using Guid(b04fa707f53db47768d80a2a93e26199) Importer(815301076,1909f56bfc062723c751e8b465ee728b) [PhysX] Initialized MultithreadedTaskDispatcher with 8 workers.
[PhysX] Initialized MultithreadedTaskDispatcher with 8 workers.
 -> (artifact id: 'f9f7ac7876febb65bebd8b9777000cea') in 0.007398 seconds
Number of updated asset objects reloaded before import = 0
Number of asset objects unloaded after import = 3
========================================================================
Received Import Request.
  Time since last request: 82.339419 seconds.
  path: Assets/RawResources/UI/Icon/00_1.png
  artifactKey: Guid(bfbcaced64375488da2147a90a6e1eca) Importer(815301076,1909f56bfc062723c751e8b465ee728b)
Start importing Assets/RawResources/UI/Icon/00_1.png using Guid(bfbcaced64375488da2147a90a6e1eca) Importer(815301076,1909f56bfc062723c751e8b465ee728b) [PhysX] Initialized MultithreadedTaskDispatcher with 8 workers.
[PhysX] Initialized MultithreadedTaskDispatcher with 8 workers.
 -> (artifact id: 'cab86f31b8860c96af807edadd825861') in 0.086200 seconds
Number of updated asset objects reloaded before import = 0
Number of asset objects unloaded after import = 47
========================================================================
Received Import Request.
  Time since last request: 0.000083 seconds.
  path: Assets/RawResources/UI/MakeOver/MakeOver_icon/01_6.png
  artifactKey: Guid(21aabf4edebf14e619006c4e9598a1ae) Importer(815301076,1909f56bfc062723c751e8b465ee728b)
Start importing Assets/RawResources/UI/MakeOver/MakeOver_icon/01_6.png using Guid(21aabf4edebf14e619006c4e9598a1ae) Importer(815301076,1909f56bfc062723c751e8b465ee728b) [PhysX] Initialized MultithreadedTaskDispatcher with 8 workers.
[PhysX] Initialized MultithreadedTaskDispatcher with 8 workers.
 -> (artifact id: '94fdb1e1a237aa80dafe208747192d66') in 0.044641 seconds
Number of updated asset objects reloaded before import = 0
Number of asset objects unloaded after import = 133
========================================================================
Received Import Request.
  Time since last request: 0.000063 seconds.
  path: Assets/RawResources/UI/MakeOver/MakeOver_icon/01_1.png
  artifactKey: Guid(5e5244f62d5cd4279937e21843637892) Importer(815301076,1909f56bfc062723c751e8b465ee728b)
Start importing Assets/RawResources/UI/MakeOver/MakeOver_icon/01_1.png using Guid(5e5244f62d5cd4279937e21843637892) Importer(815301076,1909f56bfc062723c751e8b465ee728b) [PhysX] Initialized MultithreadedTaskDispatcher with 8 workers.
[PhysX] Initialized MultithreadedTaskDispatcher with 8 workers.
 -> (artifact id: 'dabdee03a60d7bcbc14d82e1e995e93a') in 0.022830 seconds
Number of updated asset objects reloaded before import = 0
Number of asset objects unloaded after import = 133
========================================================================
Received Import Request.
  Time since last request: 0.000066 seconds.
  path: Assets/RawResources/UI/StoryOld/00_man.png
  artifactKey: Guid(6ad03b414cf4a4d6abc3898113ab0146) Importer(815301076,1909f56bfc062723c751e8b465ee728b)
Start importing Assets/RawResources/UI/StoryOld/00_man.png using Guid(6ad03b414cf4a4d6abc3898113ab0146) Importer(815301076,1909f56bfc062723c751e8b465ee728b) [PhysX] Initialized MultithreadedTaskDispatcher with 8 workers.
[PhysX] Initialized MultithreadedTaskDispatcher with 8 workers.
 -> (artifact id: 'e5a31131196150540fc87b189571aea1') in 0.010234 seconds
Number of updated asset objects reloaded before import = 0
Number of asset objects unloaded after import = 3
========================================================================
Received Import Request.
  Time since last request: 0.000063 seconds.
  path: Assets/RawResources/UI/MakeOver/MakeOver_icon/00_2.png
  artifactKey: Guid(fd749667730694525b85987dcedfb927) Importer(815301076,1909f56bfc062723c751e8b465ee728b)
Start importing Assets/RawResources/UI/MakeOver/MakeOver_icon/00_2.png using Guid(fd749667730694525b85987dcedfb927) Importer(815301076,1909f56bfc062723c751e8b465ee728b) [PhysX] Initialized MultithreadedTaskDispatcher with 8 workers.
[PhysX] Initialized MultithreadedTaskDispatcher with 8 workers.
 -> (artifact id: '856f18b4627a997f461f593becc92c59') in 0.016970 seconds
Number of updated asset objects reloaded before import = 0
Number of asset objects unloaded after import = 133
========================================================================
Received Import Request.
  Time since last request: 0.000042 seconds.
  path: Assets/RawResources/UI/MakeOver/MakeOver_icon/02_5.png
  artifactKey: Guid(78f70e8e2367d42f390ccebac7c17b3a) Importer(815301076,1909f56bfc062723c751e8b465ee728b)
Start importing Assets/RawResources/UI/MakeOver/MakeOver_icon/02_5.png using Guid(78f70e8e2367d42f390ccebac7c17b3a) Importer(815301076,1909f56bfc062723c751e8b465ee728b) [PhysX] Initialized MultithreadedTaskDispatcher with 8 workers.
[PhysX] Initialized MultithreadedTaskDispatcher with 8 workers.
 -> (artifact id: '43470cc6ba7cf60b346d4c73b2d9fa73') in 0.015129 seconds
Number of updated asset objects reloaded before import = 0
Number of asset objects unloaded after import = 133
========================================================================
Received Import Request.
  Time since last request: 0.000036 seconds.
  path: Assets/RawResources/UI/MakeOver/MakeOver_icon/01_7.png
  artifactKey: Guid(43f0c01e45d64470d9bf309375390cd9) Importer(815301076,1909f56bfc062723c751e8b465ee728b)
Start importing Assets/RawResources/UI/MakeOver/MakeOver_icon/01_7.png using Guid(43f0c01e45d64470d9bf309375390cd9) Importer(815301076,1909f56bfc062723c751e8b465ee728b) [PhysX] Initialized MultithreadedTaskDispatcher with 8 workers.
[PhysX] Initialized MultithreadedTaskDispatcher with 8 workers.
 -> (artifact id: '0d731ddf3afd3887f23a8fe136bddec9') in 0.019049 seconds
Number of updated asset objects reloaded before import = 0
Number of asset objects unloaded after import = 133
========================================================================
Received Import Request.
  Time since last request: 0.000035 seconds.
  path: Assets/RawResources/UI/MakeOver/MakeOver_icon/01_2.png
  artifactKey: Guid(ff9dc85e82f1543eab211795360295f5) Importer(815301076,1909f56bfc062723c751e8b465ee728b)
Start importing Assets/RawResources/UI/MakeOver/MakeOver_icon/01_2.png using Guid(ff9dc85e82f1543eab211795360295f5) Importer(815301076,1909f56bfc062723c751e8b465ee728b) [PhysX] Initialized MultithreadedTaskDispatcher with 8 workers.
[PhysX] Initialized MultithreadedTaskDispatcher with 8 workers.
 -> (artifact id: 'c5bf1ca1aa95d9187efd2168a142b596') in 0.015163 seconds
Number of updated asset objects reloaded before import = 0
Number of asset objects unloaded after import = 133
========================================================================
Received Import Request.
  Time since last request: 0.000060 seconds.
  path: Assets/RawResources/UI/MakeOver/MakeOver_icon/02_2.png
  artifactKey: Guid(c97a729c85ce94325abca925e3cdbe43) Importer(815301076,1909f56bfc062723c751e8b465ee728b)
Start importing Assets/RawResources/UI/MakeOver/MakeOver_icon/02_2.png using Guid(c97a729c85ce94325abca925e3cdbe43) Importer(815301076,1909f56bfc062723c751e8b465ee728b) [PhysX] Initialized MultithreadedTaskDispatcher with 8 workers.
[PhysX] Initialized MultithreadedTaskDispatcher with 8 workers.
 -> (artifact id: 'f553a3ed28d3ecbd02a439306cfcb2e4') in 0.017786 seconds
Number of updated asset objects reloaded before import = 0
Number of asset objects unloaded after import = 133
========================================================================
Received Import Request.
  Time since last request: 0.000053 seconds.
  path: Assets/RawResources/UI/StoryOld/00_order.png
  artifactKey: Guid(361024e460a98427388db3466ae7b1d1) Importer(815301076,1909f56bfc062723c751e8b465ee728b)
Start importing Assets/RawResources/UI/StoryOld/00_order.png using Guid(361024e460a98427388db3466ae7b1d1) Importer(815301076,1909f56bfc062723c751e8b465ee728b) [PhysX] Initialized MultithreadedTaskDispatcher with 8 workers.
[PhysX] Initialized MultithreadedTaskDispatcher with 8 workers.
 -> (artifact id: '7e17c3d4cdcd96c51b8edd0e3c6af89f') in 0.010829 seconds
Number of updated asset objects reloaded before import = 0
Number of asset objects unloaded after import = 3
========================================================================
Received Import Request.
  Time since last request: 0.000215 seconds.
  path: Assets/RawResources/UI/MakeOver/MakeOver_icon/02_3.png
  artifactKey: Guid(ab6adac36133249738bbafbed1a75e95) Importer(815301076,1909f56bfc062723c751e8b465ee728b)
Start importing Assets/RawResources/UI/MakeOver/MakeOver_icon/02_3.png using Guid(ab6adac36133249738bbafbed1a75e95) Importer(815301076,1909f56bfc062723c751e8b465ee728b) [PhysX] Initialized MultithreadedTaskDispatcher with 8 workers.
[PhysX] Initialized MultithreadedTaskDispatcher with 8 workers.
 -> (artifact id: 'd39f2afc0feb72507f8873a821fb42ef') in 0.016627 seconds
Number of updated asset objects reloaded before import = 0
Number of asset objects unloaded after import = 133
========================================================================
Received Import Request.
  Time since last request: 0.000058 seconds.
  path: Assets/RawResources/UI/MakeOver/MakeOver_icon/00_3.png
  artifactKey: Guid(9f38d4a62f7e147a8a0b1ed939a97d49) Importer(815301076,1909f56bfc062723c751e8b465ee728b)
Start importing Assets/RawResources/UI/MakeOver/MakeOver_icon/00_3.png using Guid(9f38d4a62f7e147a8a0b1ed939a97d49) Importer(815301076,1909f56bfc062723c751e8b465ee728b) [PhysX] Initialized MultithreadedTaskDispatcher with 8 workers.
[PhysX] Initialized MultithreadedTaskDispatcher with 8 workers.
 -> (artifact id: '4cc271bfbd5c7245bb87b85f596b795b') in 0.019013 seconds
Number of updated asset objects reloaded before import = 0
Number of asset objects unloaded after import = 133
========================================================================
Received Prepare
Shader 'TextMeshPro/Distance Field (UIHsvModifier)': fallback shader 'TextMeshPro/Mobile/Distance Field (UIHsv)' not found
Shader 'TextMeshPro/Distance Field (UIHsvModifier)': fallback shader 'TextMeshPro/Mobile/Distance Field (UIHsv)' not found
Refreshing native plugins compatible for Editor in 10.20 ms, found 3 plugins.
Preloading 0 native plugins for Editor in 0.00 ms.
Unloading 31 Unused Serialized files (Serialized files now loaded: 0)
Unloading 36 unused Assets / (1.9 MB). Loaded Objects now: 7689.
Memory consumption went from 0.99 GB to 0.99 GB.
Total: 24.452792 ms (FindLiveObjects: 0.669334 ms CreateObjectMapping: 0.098875 ms MarkObjects: 22.584792 ms  DeleteObjects: 1.099041 ms)

Prepare: number of updated asset objects reloaded= 0
AssetImportParameters requested are different than current active one (requested -> active):
  custom:container-demuxer-ogg: 62fdf1f143b41e24485cea50d1cbac27 -> 
  custom:container-muxer-webm: aa71ff27fc2769a1b78a27578f13a17b -> 
  custom:video-decoder-webm-vp8: 9c59270c3fd7afecdb556c50c9e8de78 -> 
  custom:SearchIndexIgnoredProperties: e643bd26f0fe6173181afceb89e7c659 -> 
  custom:AudioImporter_EditorPlatform: 3918e3fc78b5a79bad01e8451be0beb8 -> 
  custom:audio-decoder-ogg-vorbis: bf7c407c2cedff20999df2af8eb42d56 -> 
  custom:audio-encoder-webm-vorbis: bf7c407c2cedff20999df2af8eb42d56 -> 
  custom:scripting/precompiled-assembly-types:Assembly-CSharp: a0835f64333928775a952eaf5a03a91f -> dd865f2bf1c65a1c7720113f429c2ed7
  custom:video-decoder-ogg-theora: a1e56fd34408186e4bbccfd4996cb3dc -> 
  custom:CustomObjectIndexerAttribute: 9a22284fe3817be447336de3de66b15e -> 
  custom:container-demuxer-webm: 4f35f7cbe854078d1ac9338744f61a02 -> 
  custom:framework-osx-AVFoundation: e770b220cccbd017edd2c1fefb359320 -> 
  custom:video-encoder-webm-vp8: eb34c28f22e8b96e1ab97ce403110664 -> 
========================================================================
Received Prepare
Caller must complete domain reload
Begin MonoManager ReloadAssembly
Thread 0x16b5c3000 may have been prematurely finalized
Symbol file LoadedFromMemory is not a mono symbol file
- Loaded All Assemblies, in  0.829 seconds
Native extension for Android target not found
Native extension for OSXStandalone target not found
Native extension for WebGL target not found
[Package Manager] Server::EnsureServerProcessIsRunning -- launch failed, reason: Unity was launched with the -noUpm command-line argument
[Package Manager] UpmClient::Send -- Unable to send message (not connected to UPM process).
[Package Manager] Cannot connect to Unity Package Manager local server
[Package Manager] Server::EnsureServerProcessIsRunning -- launch failed, reason: Unity was launched with the -noUpm command-line argument
[Package Manager] UpmClient::Send -- Unable to send message (not connected to UPM process).
[Package Manager] Cannot connect to Unity Package Manager local server
Mono: successfully reloaded assembly
- Finished resetting the current domain, in  1.747 seconds
Domain Reload Profiling: 2580ms
	BeginReloadAssembly (293ms)
		ExecutionOrderSort (0ms)
		DisableScriptedObjects (22ms)
		BackupInstance (0ms)
		ReleaseScriptingObjects (2ms)
		CreateAndSetChildDomain (110ms)
	RebuildCommonClasses (43ms)
	RebuildNativeTypeToScriptingClass (14ms)
	initialDomainReloadingComplete (40ms)
	LoadAllAssembliesAndSetupDomain (442ms)
		LoadAssemblies (507ms)
		RebuildTransferFunctionScriptingTraits (0ms)
		AnalyzeDomain (53ms)
			TypeCache.Refresh (20ms)
				TypeCache.ScanAssembly (0ms)
			ScanForSourceGeneratedMonoScriptInfo (0ms)
			ResolveRequiredComponents (31ms)
	FinalizeReload (1747ms)
		ReleaseScriptCaches (0ms)
		RebuildScriptCaches (0ms)
		SetupLoadedEditorAssemblies (630ms)
			LogAssemblyErrors (0ms)
			InitializePlatformSupportModulesInManaged (19ms)
			SetLoadedEditorAssemblies (6ms)
			RefreshPlugins (0ms)
			BeforeProcessingInitializeOnLoad (59ms)
			ProcessInitializeOnLoadAttributes (509ms)
			ProcessInitializeOnLoadMethodAttributes (36ms)
			AfterProcessingInitializeOnLoad (1ms)
			EditorAssembliesLoaded (1ms)
		ExecutionOrderSort2 (0ms)
		AwakeInstancesAfterBackupRestoration (9ms)
Shader 'TextMeshPro/Distance Field (UIHsvModifier)': fallback shader 'TextMeshPro/Mobile/Distance Field (UIHsv)' not found
Shader 'TextMeshPro/Distance Field (UIHsvModifier)': fallback shader 'TextMeshPro/Mobile/Distance Field (UIHsv)' not found
Refreshing native plugins compatible for Editor in 24.95 ms, found 3 plugins.
Preloading 0 native plugins for Editor in 0.00 ms.
Unloading 6643 Unused Serialized files (Serialized files now loaded: 0)
Unloading 70 unused Assets / (1.9 MB). Loaded Objects now: 7692.
Memory consumption went from 1.10 GB to 1.10 GB.
Total: 6.773500 ms (FindLiveObjects: 0.383125 ms CreateObjectMapping: 0.099292 ms MarkObjects: 5.268958 ms  DeleteObjects: 1.021458 ms)

Prepare: number of updated asset objects reloaded= 0
AssetImportParameters requested are different than current active one (requested -> active):
  custom:container-demuxer-ogg: 62fdf1f143b41e24485cea50d1cbac27 -> 
  custom:container-muxer-webm: aa71ff27fc2769a1b78a27578f13a17b -> 
  custom:video-decoder-webm-vp8: 9c59270c3fd7afecdb556c50c9e8de78 -> 
  custom:SearchIndexIgnoredProperties: e643bd26f0fe6173181afceb89e7c659 -> 
  custom:AudioImporter_EditorPlatform: 3918e3fc78b5a79bad01e8451be0beb8 -> 
  custom:audio-decoder-ogg-vorbis: bf7c407c2cedff20999df2af8eb42d56 -> 
  custom:audio-encoder-webm-vorbis: bf7c407c2cedff20999df2af8eb42d56 -> 
  custom:scripting/precompiled-assembly-types:Assembly-CSharp: a0835f64333928775a952eaf5a03a91f -> dd865f2bf1c65a1c7720113f429c2ed7
  custom:video-decoder-ogg-theora: a1e56fd34408186e4bbccfd4996cb3dc -> 
  custom:CustomObjectIndexerAttribute: 9a22284fe3817be447336de3de66b15e -> 
  custom:container-demuxer-webm: 4f35f7cbe854078d1ac9338744f61a02 -> 
  custom:framework-osx-AVFoundation: e770b220cccbd017edd2c1fefb359320 -> 
  custom:video-encoder-webm-vp8: eb34c28f22e8b96e1ab97ce403110664 -> 
========================================================================
Received Prepare
Caller must complete domain reload
Begin MonoManager ReloadAssembly
Thread 0x16b5c3000 may have been prematurely finalized
Symbol file LoadedFromMemory is not a mono symbol file
- Loaded All Assemblies, in  0.817 seconds
Native extension for Android target not found
Native extension for OSXStandalone target not found
Native extension for WebGL target not found
[Package Manager] Server::EnsureServerProcessIsRunning -- launch failed, reason: Unity was launched with the -noUpm command-line argument
[Package Manager] UpmClient::Send -- Unable to send message (not connected to UPM process).
[Package Manager] Cannot connect to Unity Package Manager local server
[Package Manager] Server::EnsureServerProcessIsRunning -- launch failed, reason: Unity was launched with the -noUpm command-line argument
[Package Manager] UpmClient::Send -- Unable to send message (not connected to UPM process).
[Package Manager] Cannot connect to Unity Package Manager local server
Mono: successfully reloaded assembly
- Finished resetting the current domain, in  1.193 seconds
Domain Reload Profiling: 2011ms
	BeginReloadAssembly (349ms)
		ExecutionOrderSort (0ms)
		DisableScriptedObjects (33ms)
		BackupInstance (0ms)
		ReleaseScriptingObjects (0ms)
		CreateAndSetChildDomain (138ms)
	RebuildCommonClasses (25ms)
	RebuildNativeTypeToScriptingClass (8ms)
	initialDomainReloadingComplete (29ms)
	LoadAllAssembliesAndSetupDomain (406ms)
		LoadAssemblies (462ms)
		RebuildTransferFunctionScriptingTraits (0ms)
		AnalyzeDomain (70ms)
			TypeCache.Refresh (45ms)
				TypeCache.ScanAssembly (14ms)
			ScanForSourceGeneratedMonoScriptInfo (14ms)
			ResolveRequiredComponents (9ms)
	FinalizeReload (1193ms)
		ReleaseScriptCaches (0ms)
		RebuildScriptCaches (0ms)
		SetupLoadedEditorAssemblies (460ms)
			LogAssemblyErrors (0ms)
			InitializePlatformSupportModulesInManaged (10ms)
			SetLoadedEditorAssemblies (4ms)
			RefreshPlugins (0ms)
			BeforeProcessingInitializeOnLoad (52ms)
			ProcessInitializeOnLoadAttributes (365ms)
			ProcessInitializeOnLoadMethodAttributes (29ms)
			AfterProcessingInitializeOnLoad (1ms)
			EditorAssembliesLoaded (0ms)
		ExecutionOrderSort2 (0ms)
		AwakeInstancesAfterBackupRestoration (7ms)
Shader 'TextMeshPro/Distance Field (UIHsvModifier)': fallback shader 'TextMeshPro/Mobile/Distance Field (UIHsv)' not found
Shader 'TextMeshPro/Distance Field (UIHsvModifier)': fallback shader 'TextMeshPro/Mobile/Distance Field (UIHsv)' not found
Refreshing native plugins compatible for Editor in 7.85 ms, found 3 plugins.
Preloading 0 native plugins for Editor in 0.00 ms.
Unloading 6644 Unused Serialized files (Serialized files now loaded: 0)
Unloading 70 unused Assets / (1.9 MB). Loaded Objects now: 7697.
Memory consumption went from 1.11 GB to 1.11 GB.
Total: 5.840958 ms (FindLiveObjects: 0.321875 ms CreateObjectMapping: 0.094500 ms MarkObjects: 4.467042 ms  DeleteObjects: 0.956833 ms)

Prepare: number of updated asset objects reloaded= 0
AssetImportParameters requested are different than current active one (requested -> active):
  custom:container-demuxer-ogg: 62fdf1f143b41e24485cea50d1cbac27 -> 
  custom:scripting/monoscript/fileName/GameCustom.cs: 6888756bf44b4f9d23ee232cf51bfb11 -> 
  custom:container-muxer-webm: aa71ff27fc2769a1b78a27578f13a17b -> 
  custom:video-decoder-webm-vp8: 9c59270c3fd7afecdb556c50c9e8de78 -> 
  custom:SearchIndexIgnoredProperties: e643bd26f0fe6173181afceb89e7c659 -> 
  custom:AudioImporter_EditorPlatform: 3918e3fc78b5a79bad01e8451be0beb8 -> 
  custom:audio-decoder-ogg-vorbis: bf7c407c2cedff20999df2af8eb42d56 -> 
  custom:audio-encoder-webm-vorbis: bf7c407c2cedff20999df2af8eb42d56 -> 
  custom:scripting/precompiled-assembly-types:Assembly-CSharp: c56976019c1f82d3a53c324429f9cd3d -> dd865f2bf1c65a1c7720113f429c2ed7
  custom:video-decoder-ogg-theora: a1e56fd34408186e4bbccfd4996cb3dc -> 
  custom:CustomObjectIndexerAttribute: 9a22284fe3817be447336de3de66b15e -> 
  custom:container-demuxer-webm: 4f35f7cbe854078d1ac9338744f61a02 -> 
  custom:framework-osx-AVFoundation: e770b220cccbd017edd2c1fefb359320 -> 
  custom:video-encoder-webm-vp8: eb34c28f22e8b96e1ab97ce403110664 -> 
========================================================================
Received Prepare
Shader 'TextMeshPro/Distance Field (UIHsvModifier)': fallback shader 'TextMeshPro/Mobile/Distance Field (UIHsv)' not found
Shader 'TextMeshPro/Distance Field (UIHsvModifier)': fallback shader 'TextMeshPro/Mobile/Distance Field (UIHsv)' not found
Refreshing native plugins compatible for Editor in 7.53 ms, found 3 plugins.
Preloading 0 native plugins for Editor in 0.00 ms.
Unloading 32 Unused Serialized files (Serialized files now loaded: 0)
Unloading 32 unused Assets / (1.8 MB). Loaded Objects now: 7697.
Memory consumption went from 1.01 GB to 1.01 GB.
Total: 24.471209 ms (FindLiveObjects: 0.603500 ms CreateObjectMapping: 0.090667 ms MarkObjects: 22.660458 ms  DeleteObjects: 1.115542 ms)

Prepare: number of updated asset objects reloaded= 0
AssetImportParameters requested are different than current active one (requested -> active):
  custom:container-demuxer-ogg: 62fdf1f143b41e24485cea50d1cbac27 -> 
  custom:scripting/monoscript/fileName/GameCustom.cs: 6888756bf44b4f9d23ee232cf51bfb11 -> 
  custom:container-muxer-webm: aa71ff27fc2769a1b78a27578f13a17b -> 
  custom:video-decoder-webm-vp8: 9c59270c3fd7afecdb556c50c9e8de78 -> 
  custom:SearchIndexIgnoredProperties: e643bd26f0fe6173181afceb89e7c659 -> 
  custom:AudioImporter_EditorPlatform: 3918e3fc78b5a79bad01e8451be0beb8 -> 
  custom:audio-decoder-ogg-vorbis: bf7c407c2cedff20999df2af8eb42d56 -> 
  custom:audio-encoder-webm-vorbis: bf7c407c2cedff20999df2af8eb42d56 -> 
  custom:scripting/precompiled-assembly-types:Assembly-CSharp: c56976019c1f82d3a53c324429f9cd3d -> dd865f2bf1c65a1c7720113f429c2ed7
  custom:video-decoder-ogg-theora: a1e56fd34408186e4bbccfd4996cb3dc -> 
  custom:CustomObjectIndexerAttribute: 9a22284fe3817be447336de3de66b15e -> 
  custom:container-demuxer-webm: 4f35f7cbe854078d1ac9338744f61a02 -> 
  custom:framework-osx-AVFoundation: e770b220cccbd017edd2c1fefb359320 -> 
  custom:video-encoder-webm-vp8: eb34c28f22e8b96e1ab97ce403110664 -> 
========================================================================
Received Prepare
Caller must complete domain reload
Begin MonoManager ReloadAssembly
Thread 0x16b5c3000 may have been prematurely finalized
Symbol file LoadedFromMemory is not a mono symbol file
- Loaded All Assemblies, in  0.594 seconds
Native extension for Android target not found
Native extension for OSXStandalone target not found
Native extension for WebGL target not found
[Package Manager] Server::EnsureServerProcessIsRunning -- launch failed, reason: Unity was launched with the -noUpm command-line argument
[Package Manager] UpmClient::Send -- Unable to send message (not connected to UPM process).
[Package Manager] Cannot connect to Unity Package Manager local server
[Package Manager] Server::EnsureServerProcessIsRunning -- launch failed, reason: Unity was launched with the -noUpm command-line argument
[Package Manager] UpmClient::Send -- Unable to send message (not connected to UPM process).
[Package Manager] Cannot connect to Unity Package Manager local server
Mono: successfully reloaded assembly
- Finished resetting the current domain, in  1.494 seconds
Domain Reload Profiling: 2090ms
	BeginReloadAssembly (171ms)
		ExecutionOrderSort (0ms)
		DisableScriptedObjects (10ms)
		BackupInstance (0ms)
		ReleaseScriptingObjects (0ms)
		CreateAndSetChildDomain (51ms)
	RebuildCommonClasses (24ms)
	RebuildNativeTypeToScriptingClass (8ms)
	initialDomainReloadingComplete (25ms)
	LoadAllAssembliesAndSetupDomain (367ms)
		LoadAssemblies (417ms)
		RebuildTransferFunctionScriptingTraits (0ms)
		AnalyzeDomain (30ms)
			TypeCache.Refresh (16ms)
				TypeCache.ScanAssembly (0ms)
			ScanForSourceGeneratedMonoScriptInfo (0ms)
			ResolveRequiredComponents (13ms)
	FinalizeReload (1495ms)
		ReleaseScriptCaches (0ms)
		RebuildScriptCaches (0ms)
		SetupLoadedEditorAssemblies (573ms)
			LogAssemblyErrors (0ms)
			InitializePlatformSupportModulesInManaged (10ms)
			SetLoadedEditorAssemblies (4ms)
			RefreshPlugins (0ms)
			BeforeProcessingInitializeOnLoad (70ms)
			ProcessInitializeOnLoadAttributes (452ms)
			ProcessInitializeOnLoadMethodAttributes (36ms)
			AfterProcessingInitializeOnLoad (1ms)
			EditorAssembliesLoaded (0ms)
		ExecutionOrderSort2 (0ms)
		AwakeInstancesAfterBackupRestoration (8ms)
Shader 'TextMeshPro/Distance Field (UIHsvModifier)': fallback shader 'TextMeshPro/Mobile/Distance Field (UIHsv)' not found
Shader 'TextMeshPro/Distance Field (UIHsvModifier)': fallback shader 'TextMeshPro/Mobile/Distance Field (UIHsv)' not found
Refreshing native plugins compatible for Editor in 28.83 ms, found 3 plugins.
Preloading 0 native plugins for Editor in 0.00 ms.
Unloading 6644 Unused Serialized files (Serialized files now loaded: 0)
Unloading 70 unused Assets / (1.9 MB). Loaded Objects now: 7701.
Memory consumption went from 1.12 GB to 1.12 GB.
Total: 7.034375 ms (FindLiveObjects: 0.318833 ms CreateObjectMapping: 0.126833 ms MarkObjects: 4.925375 ms  DeleteObjects: 1.662583 ms)

Prepare: number of updated asset objects reloaded= 0
AssetImportParameters requested are different than current active one (requested -> active):
  custom:container-demuxer-ogg: 62fdf1f143b41e24485cea50d1cbac27 -> 
  custom:scripting/monoscript/fileName/GameCustom.cs: 6888756bf44b4f9d23ee232cf51bfb11 -> 
  custom:container-muxer-webm: aa71ff27fc2769a1b78a27578f13a17b -> 
  custom:video-decoder-webm-vp8: 9c59270c3fd7afecdb556c50c9e8de78 -> 
  custom:SearchIndexIgnoredProperties: e643bd26f0fe6173181afceb89e7c659 -> 
  custom:AudioImporter_EditorPlatform: 3918e3fc78b5a79bad01e8451be0beb8 -> 
  custom:audio-decoder-ogg-vorbis: bf7c407c2cedff20999df2af8eb42d56 -> 
  custom:audio-encoder-webm-vorbis: bf7c407c2cedff20999df2af8eb42d56 -> 
  custom:scripting/precompiled-assembly-types:Assembly-CSharp: c56976019c1f82d3a53c324429f9cd3d -> dd865f2bf1c65a1c7720113f429c2ed7
  custom:video-decoder-ogg-theora: a1e56fd34408186e4bbccfd4996cb3dc -> 
  custom:CustomObjectIndexerAttribute: 9a22284fe3817be447336de3de66b15e -> 
  custom:container-demuxer-webm: 4f35f7cbe854078d1ac9338744f61a02 -> 
  custom:framework-osx-AVFoundation: e770b220cccbd017edd2c1fefb359320 -> 
  custom:video-encoder-webm-vp8: eb34c28f22e8b96e1ab97ce403110664 -> 
========================================================================
Received Prepare
Caller must complete domain reload
Begin MonoManager ReloadAssembly
Thread 0x16b5c3000 may have been prematurely finalized
Symbol file LoadedFromMemory is not a mono symbol file
- Loaded All Assemblies, in  0.812 seconds
Native extension for Android target not found
Native extension for OSXStandalone target not found
Native extension for WebGL target not found
[Package Manager] Server::EnsureServerProcessIsRunning -- launch failed, reason: Unity was launched with the -noUpm command-line argument
[Package Manager] UpmClient::Send -- Unable to send message (not connected to UPM process).
[Package Manager] Cannot connect to Unity Package Manager local server
[Package Manager] Server::EnsureServerProcessIsRunning -- launch failed, reason: Unity was launched with the -noUpm command-line argument
[Package Manager] UpmClient::Send -- Unable to send message (not connected to UPM process).
[Package Manager] Cannot connect to Unity Package Manager local server
Mono: successfully reloaded assembly
- Finished resetting the current domain, in  1.279 seconds
Domain Reload Profiling: 2092ms
	BeginReloadAssembly (257ms)
		ExecutionOrderSort (0ms)
		DisableScriptedObjects (17ms)
		BackupInstance (0ms)
		ReleaseScriptingObjects (0ms)
		CreateAndSetChildDomain (93ms)
	RebuildCommonClasses (29ms)
	RebuildNativeTypeToScriptingClass (21ms)
	initialDomainReloadingComplete (40ms)
	LoadAllAssembliesAndSetupDomain (465ms)
		LoadAssemblies (502ms)
		RebuildTransferFunctionScriptingTraits (0ms)
		AnalyzeDomain (80ms)
			TypeCache.Refresh (47ms)
				TypeCache.ScanAssembly (16ms)
			ScanForSourceGeneratedMonoScriptInfo (16ms)
			ResolveRequiredComponents (17ms)
	FinalizeReload (1280ms)
		ReleaseScriptCaches (0ms)
		RebuildScriptCaches (0ms)
		SetupLoadedEditorAssemblies (465ms)
			LogAssemblyErrors (0ms)
			InitializePlatformSupportModulesInManaged (10ms)
			SetLoadedEditorAssemblies (6ms)
			RefreshPlugins (0ms)
			BeforeProcessingInitializeOnLoad (50ms)
			ProcessInitializeOnLoadAttributes (368ms)
			ProcessInitializeOnLoadMethodAttributes (29ms)
			AfterProcessingInitializeOnLoad (1ms)
			EditorAssembliesLoaded (1ms)
		ExecutionOrderSort2 (0ms)
		AwakeInstancesAfterBackupRestoration (6ms)
Shader 'TextMeshPro/Distance Field (UIHsvModifier)': fallback shader 'TextMeshPro/Mobile/Distance Field (UIHsv)' not found
Shader 'TextMeshPro/Distance Field (UIHsvModifier)': fallback shader 'TextMeshPro/Mobile/Distance Field (UIHsv)' not found
Refreshing native plugins compatible for Editor in 6.60 ms, found 3 plugins.
Preloading 0 native plugins for Editor in 0.00 ms.
Unloading 6644 Unused Serialized files (Serialized files now loaded: 0)
Unloading 70 unused Assets / (1.9 MB). Loaded Objects now: 7705.
Memory consumption went from 1.13 GB to 1.12 GB.
Total: 4.490750 ms (FindLiveObjects: 0.348041 ms CreateObjectMapping: 0.109625 ms MarkObjects: 3.128417 ms  DeleteObjects: 0.904208 ms)

Prepare: number of updated asset objects reloaded= 0
AssetImportParameters requested are different than current active one (requested -> active):
  custom:container-demuxer-ogg: 62fdf1f143b41e24485cea50d1cbac27 -> 
  custom:scripting/monoscript/fileName/GameCustom.cs: 01a349434af836614ef8402de38aed64 -> 
  custom:container-muxer-webm: aa71ff27fc2769a1b78a27578f13a17b -> 
  custom:video-decoder-webm-vp8: 9c59270c3fd7afecdb556c50c9e8de78 -> 
  custom:SearchIndexIgnoredProperties: e643bd26f0fe6173181afceb89e7c659 -> 
  custom:AudioImporter_EditorPlatform: 3918e3fc78b5a79bad01e8451be0beb8 -> 
  custom:audio-decoder-ogg-vorbis: bf7c407c2cedff20999df2af8eb42d56 -> 
  custom:audio-encoder-webm-vorbis: bf7c407c2cedff20999df2af8eb42d56 -> 
  custom:scripting/precompiled-assembly-types:Assembly-CSharp: 86b54c10fa7313a67d3854f26ea0d0b8 -> dd865f2bf1c65a1c7720113f429c2ed7
  custom:video-decoder-ogg-theora: a1e56fd34408186e4bbccfd4996cb3dc -> 
  custom:CustomObjectIndexerAttribute: 9a22284fe3817be447336de3de66b15e -> 
  custom:container-demuxer-webm: 4f35f7cbe854078d1ac9338744f61a02 -> 
  custom:framework-osx-AVFoundation: e770b220cccbd017edd2c1fefb359320 -> 
  custom:video-encoder-webm-vp8: eb34c28f22e8b96e1ab97ce403110664 -> 
========================================================================
Received Prepare
Caller must complete domain reload
Begin MonoManager ReloadAssembly
Thread 0x16b5c3000 may have been prematurely finalized
Symbol file LoadedFromMemory is not a mono symbol file
- Loaded All Assemblies, in  0.498 seconds
Native extension for Android target not found
Native extension for OSXStandalone target not found
Native extension for WebGL target not found
[Package Manager] Server::EnsureServerProcessIsRunning -- launch failed, reason: Unity was launched with the -noUpm command-line argument
[Package Manager] UpmClient::Send -- Unable to send message (not connected to UPM process).
[Package Manager] Cannot connect to Unity Package Manager local server
[Package Manager] Server::EnsureServerProcessIsRunning -- launch failed, reason: Unity was launched with the -noUpm command-line argument
[Package Manager] UpmClient::Send -- Unable to send message (not connected to UPM process).
[Package Manager] Cannot connect to Unity Package Manager local server
Mono: successfully reloaded assembly
- Finished resetting the current domain, in  0.888 seconds
Domain Reload Profiling: 1388ms
	BeginReloadAssembly (133ms)
		ExecutionOrderSort (0ms)
		DisableScriptedObjects (16ms)
		BackupInstance (0ms)
		ReleaseScriptingObjects (0ms)
		CreateAndSetChildDomain (50ms)
	RebuildCommonClasses (21ms)
	RebuildNativeTypeToScriptingClass (8ms)
	initialDomainReloadingComplete (19ms)
	LoadAllAssembliesAndSetupDomain (318ms)
		LoadAssemblies (313ms)
		RebuildTransferFunctionScriptingTraits (0ms)
		AnalyzeDomain (46ms)
			TypeCache.Refresh (35ms)
				TypeCache.ScanAssembly (0ms)
			ScanForSourceGeneratedMonoScriptInfo (0ms)
			ResolveRequiredComponents (10ms)
	FinalizeReload (889ms)
		ReleaseScriptCaches (0ms)
		RebuildScriptCaches (0ms)
		SetupLoadedEditorAssemblies (513ms)
			LogAssemblyErrors (0ms)
			InitializePlatformSupportModulesInManaged (15ms)
			SetLoadedEditorAssemblies (7ms)
			RefreshPlugins (0ms)
			BeforeProcessingInitializeOnLoad (71ms)
			ProcessInitializeOnLoadAttributes (392ms)
			ProcessInitializeOnLoadMethodAttributes (27ms)
			AfterProcessingInitializeOnLoad (1ms)
			EditorAssembliesLoaded (0ms)
		ExecutionOrderSort2 (0ms)
		AwakeInstancesAfterBackupRestoration (6ms)
Shader 'TextMeshPro/Distance Field (UIHsvModifier)': fallback shader 'TextMeshPro/Mobile/Distance Field (UIHsv)' not found
Shader 'TextMeshPro/Distance Field (UIHsvModifier)': fallback shader 'TextMeshPro/Mobile/Distance Field (UIHsv)' not found
Refreshing native plugins compatible for Editor in 9.56 ms, found 3 plugins.
Preloading 0 native plugins for Editor in 0.00 ms.
Unloading 6644 Unused Serialized files (Serialized files now loaded: 0)
Unloading 70 unused Assets / (1.9 MB). Loaded Objects now: 7709.
Memory consumption went from 1.14 GB to 1.13 GB.
Total: 14.216542 ms (FindLiveObjects: 0.366750 ms CreateObjectMapping: 0.098667 ms MarkObjects: 12.334208 ms  DeleteObjects: 1.414667 ms)

Prepare: number of updated asset objects reloaded= 0
AssetImportParameters requested are different than current active one (requested -> active):
  custom:container-demuxer-ogg: 62fdf1f143b41e24485cea50d1cbac27 -> 
  custom:scripting/monoscript/fileName/GameCustom.cs: 01a349434af836614ef8402de38aed64 -> 
  custom:container-muxer-webm: aa71ff27fc2769a1b78a27578f13a17b -> 
  custom:video-decoder-webm-vp8: 9c59270c3fd7afecdb556c50c9e8de78 -> 
  custom:SearchIndexIgnoredProperties: e643bd26f0fe6173181afceb89e7c659 -> 
  custom:AudioImporter_EditorPlatform: 3918e3fc78b5a79bad01e8451be0beb8 -> 
  custom:audio-decoder-ogg-vorbis: bf7c407c2cedff20999df2af8eb42d56 -> 
  custom:audio-encoder-webm-vorbis: bf7c407c2cedff20999df2af8eb42d56 -> 
  custom:scripting/precompiled-assembly-types:Assembly-CSharp: 86b54c10fa7313a67d3854f26ea0d0b8 -> dd865f2bf1c65a1c7720113f429c2ed7
  custom:video-decoder-ogg-theora: a1e56fd34408186e4bbccfd4996cb3dc -> 
  custom:CustomObjectIndexerAttribute: 9a22284fe3817be447336de3de66b15e -> 
  custom:container-demuxer-webm: 4f35f7cbe854078d1ac9338744f61a02 -> 
  custom:framework-osx-AVFoundation: e770b220cccbd017edd2c1fefb359320 -> 
  custom:video-encoder-webm-vp8: eb34c28f22e8b96e1ab97ce403110664 -> 
========================================================================
Received Prepare
Caller must complete domain reload
Begin MonoManager ReloadAssembly
Thread 0x16b5c3000 may have been prematurely finalized
Symbol file LoadedFromMemory is not a mono symbol file
- Loaded All Assemblies, in  0.507 seconds
Native extension for Android target not found
Native extension for OSXStandalone target not found
Native extension for WebGL target not found
[Package Manager] Server::EnsureServerProcessIsRunning -- launch failed, reason: Unity was launched with the -noUpm command-line argument
[Package Manager] UpmClient::Send -- Unable to send message (not connected to UPM process).
[Package Manager] Cannot connect to Unity Package Manager local server
[Package Manager] Server::EnsureServerProcessIsRunning -- launch failed, reason: Unity was launched with the -noUpm command-line argument
[Package Manager] UpmClient::Send -- Unable to send message (not connected to UPM process).
[Package Manager] Cannot connect to Unity Package Manager local server
Mono: successfully reloaded assembly
- Finished resetting the current domain, in  1.259 seconds
Domain Reload Profiling: 1767ms
	BeginReloadAssembly (120ms)
		ExecutionOrderSort (0ms)
		DisableScriptedObjects (11ms)
		BackupInstance (0ms)
		ReleaseScriptingObjects (0ms)
		CreateAndSetChildDomain (46ms)
	RebuildCommonClasses (21ms)
	RebuildNativeTypeToScriptingClass (8ms)
	initialDomainReloadingComplete (19ms)
	LoadAllAssembliesAndSetupDomain (340ms)
		LoadAssemblies (302ms)
		RebuildTransferFunctionScriptingTraits (0ms)
		AnalyzeDomain (76ms)
			TypeCache.Refresh (47ms)
				TypeCache.ScanAssembly (13ms)
			ScanForSourceGeneratedMonoScriptInfo (12ms)
			ResolveRequiredComponents (16ms)
	FinalizeReload (1260ms)
		ReleaseScriptCaches (0ms)
		RebuildScriptCaches (0ms)
		SetupLoadedEditorAssemblies (466ms)
			LogAssemblyErrors (0ms)
			InitializePlatformSupportModulesInManaged (9ms)
			SetLoadedEditorAssemblies (6ms)
			RefreshPlugins (0ms)
			BeforeProcessingInitializeOnLoad (53ms)
			ProcessInitializeOnLoadAttributes (369ms)
			ProcessInitializeOnLoadMethodAttributes (28ms)
			AfterProcessingInitializeOnLoad (1ms)
			EditorAssembliesLoaded (0ms)
		ExecutionOrderSort2 (0ms)
		AwakeInstancesAfterBackupRestoration (6ms)
Shader 'TextMeshPro/Distance Field (UIHsvModifier)': fallback shader 'TextMeshPro/Mobile/Distance Field (UIHsv)' not found
Shader 'TextMeshPro/Distance Field (UIHsvModifier)': fallback shader 'TextMeshPro/Mobile/Distance Field (UIHsv)' not found
Refreshing native plugins compatible for Editor in 7.92 ms, found 3 plugins.
Preloading 0 native plugins for Editor in 0.00 ms.
Unloading 6644 Unused Serialized files (Serialized files now loaded: 0)
Unloading 70 unused Assets / (1.9 MB). Loaded Objects now: 7713.
Memory consumption went from 1.15 GB to 1.14 GB.
Total: 4.622458 ms (FindLiveObjects: 0.336459 ms CreateObjectMapping: 0.107333 ms MarkObjects: 3.256833 ms  DeleteObjects: 0.921250 ms)

Prepare: number of updated asset objects reloaded= 0
AssetImportParameters requested are different than current active one (requested -> active):
  custom:container-demuxer-ogg: 62fdf1f143b41e24485cea50d1cbac27 -> 
  custom:scripting/monoscript/fileName/GameCustom.cs: 01a349434af836614ef8402de38aed64 -> 
  custom:container-muxer-webm: aa71ff27fc2769a1b78a27578f13a17b -> 
  custom:video-decoder-webm-vp8: 9c59270c3fd7afecdb556c50c9e8de78 -> 
  custom:SearchIndexIgnoredProperties: e643bd26f0fe6173181afceb89e7c659 -> 
  custom:AudioImporter_EditorPlatform: 3918e3fc78b5a79bad01e8451be0beb8 -> 
  custom:audio-decoder-ogg-vorbis: bf7c407c2cedff20999df2af8eb42d56 -> 
  custom:audio-encoder-webm-vorbis: bf7c407c2cedff20999df2af8eb42d56 -> 
  custom:scripting/precompiled-assembly-types:Assembly-CSharp: 86b54c10fa7313a67d3854f26ea0d0b8 -> dd865f2bf1c65a1c7720113f429c2ed7
  custom:video-decoder-ogg-theora: a1e56fd34408186e4bbccfd4996cb3dc -> 
  custom:CustomObjectIndexerAttribute: 9a22284fe3817be447336de3de66b15e -> 
  custom:container-demuxer-webm: 4f35f7cbe854078d1ac9338744f61a02 -> 
  custom:framework-osx-AVFoundation: e770b220cccbd017edd2c1fefb359320 -> 
  custom:video-encoder-webm-vp8: eb34c28f22e8b96e1ab97ce403110664 -> 
========================================================================
Received Prepare
Caller must complete domain reload
Begin MonoManager ReloadAssembly
Thread 0x16b5c3000 may have been prematurely finalized
Symbol file LoadedFromMemory is not a mono symbol file
- Loaded All Assemblies, in  0.506 seconds
Native extension for Android target not found
Native extension for OSXStandalone target not found
Native extension for WebGL target not found
[Package Manager] Server::EnsureServerProcessIsRunning -- launch failed, reason: Unity was launched with the -noUpm command-line argument
[Package Manager] UpmClient::Send -- Unable to send message (not connected to UPM process).
[Package Manager] Cannot connect to Unity Package Manager local server
[Package Manager] Server::EnsureServerProcessIsRunning -- launch failed, reason: Unity was launched with the -noUpm command-line argument
[Package Manager] UpmClient::Send -- Unable to send message (not connected to UPM process).
[Package Manager] Cannot connect to Unity Package Manager local server
Mono: successfully reloaded assembly
- Finished resetting the current domain, in  1.236 seconds
Domain Reload Profiling: 1744ms
	BeginReloadAssembly (141ms)
		ExecutionOrderSort (0ms)
		DisableScriptedObjects (12ms)
		BackupInstance (0ms)
		ReleaseScriptingObjects (0ms)
		CreateAndSetChildDomain (59ms)
	RebuildCommonClasses (21ms)
	RebuildNativeTypeToScriptingClass (8ms)
	initialDomainReloadingComplete (21ms)
	LoadAllAssembliesAndSetupDomain (317ms)
		LoadAssemblies (314ms)
		RebuildTransferFunctionScriptingTraits (0ms)
		AnalyzeDomain (38ms)
			TypeCache.Refresh (29ms)
				TypeCache.ScanAssembly (0ms)
			ScanForSourceGeneratedMonoScriptInfo (0ms)
			ResolveRequiredComponents (8ms)
	FinalizeReload (1236ms)
		ReleaseScriptCaches (0ms)
		RebuildScriptCaches (0ms)
		SetupLoadedEditorAssemblies (523ms)
			LogAssemblyErrors (1ms)
			InitializePlatformSupportModulesInManaged (11ms)
			SetLoadedEditorAssemblies (8ms)
			RefreshPlugins (0ms)
			BeforeProcessingInitializeOnLoad (55ms)
			ProcessInitializeOnLoadAttributes (416ms)
			ProcessInitializeOnLoadMethodAttributes (32ms)
			AfterProcessingInitializeOnLoad (1ms)
			EditorAssembliesLoaded (1ms)
		ExecutionOrderSort2 (0ms)
		AwakeInstancesAfterBackupRestoration (6ms)
Shader 'TextMeshPro/Distance Field (UIHsvModifier)': fallback shader 'TextMeshPro/Mobile/Distance Field (UIHsv)' not found
Shader 'TextMeshPro/Distance Field (UIHsvModifier)': fallback shader 'TextMeshPro/Mobile/Distance Field (UIHsv)' not found
Refreshing native plugins compatible for Editor in 9.39 ms, found 3 plugins.
Preloading 0 native plugins for Editor in 0.00 ms.
Unloading 6644 Unused Serialized files (Serialized files now loaded: 0)
Unloading 70 unused Assets / (1.9 MB). Loaded Objects now: 7717.
Memory consumption went from 1.15 GB to 1.15 GB.
Total: 6.934708 ms (FindLiveObjects: 0.317292 ms CreateObjectMapping: 0.104750 ms MarkObjects: 5.252292 ms  DeleteObjects: 1.259750 ms)

Prepare: number of updated asset objects reloaded= 0
AssetImportParameters requested are different than current active one (requested -> active):
  custom:container-demuxer-ogg: 62fdf1f143b41e24485cea50d1cbac27 -> 
  custom:scripting/monoscript/fileName/GameCustom.cs: 01a349434af836614ef8402de38aed64 -> 
  custom:container-muxer-webm: aa71ff27fc2769a1b78a27578f13a17b -> 
  custom:video-decoder-webm-vp8: 9c59270c3fd7afecdb556c50c9e8de78 -> 
  custom:SearchIndexIgnoredProperties: e643bd26f0fe6173181afceb89e7c659 -> 
  custom:AudioImporter_EditorPlatform: 3918e3fc78b5a79bad01e8451be0beb8 -> 
  custom:audio-decoder-ogg-vorbis: bf7c407c2cedff20999df2af8eb42d56 -> 
  custom:audio-encoder-webm-vorbis: bf7c407c2cedff20999df2af8eb42d56 -> 
  custom:scripting/precompiled-assembly-types:Assembly-CSharp: 86b54c10fa7313a67d3854f26ea0d0b8 -> dd865f2bf1c65a1c7720113f429c2ed7
  custom:video-decoder-ogg-theora: a1e56fd34408186e4bbccfd4996cb3dc -> 
  custom:CustomObjectIndexerAttribute: 9a22284fe3817be447336de3de66b15e -> 
  custom:container-demuxer-webm: 4f35f7cbe854078d1ac9338744f61a02 -> 
  custom:framework-osx-AVFoundation: e770b220cccbd017edd2c1fefb359320 -> 
  custom:video-encoder-webm-vp8: eb34c28f22e8b96e1ab97ce403110664 -> 
========================================================================
Received Prepare
Caller must complete domain reload
Begin MonoManager ReloadAssembly
Thread 0x16b5c3000 may have been prematurely finalized
Symbol file LoadedFromMemory is not a mono symbol file
- Loaded All Assemblies, in  0.578 seconds
Native extension for Android target not found
Native extension for OSXStandalone target not found
Native extension for WebGL target not found
[Package Manager] Server::EnsureServerProcessIsRunning -- launch failed, reason: Unity was launched with the -noUpm command-line argument
[Package Manager] UpmClient::Send -- Unable to send message (not connected to UPM process).
[Package Manager] Cannot connect to Unity Package Manager local server
[Package Manager] Server::EnsureServerProcessIsRunning -- launch failed, reason: Unity was launched with the -noUpm command-line argument
[Package Manager] UpmClient::Send -- Unable to send message (not connected to UPM process).
[Package Manager] Cannot connect to Unity Package Manager local server
Mono: successfully reloaded assembly
- Finished resetting the current domain, in  1.238 seconds
Domain Reload Profiling: 1817ms
	BeginReloadAssembly (141ms)
		ExecutionOrderSort (0ms)
		DisableScriptedObjects (17ms)
		BackupInstance (0ms)
		ReleaseScriptingObjects (0ms)
		CreateAndSetChildDomain (56ms)
	RebuildCommonClasses (22ms)
	RebuildNativeTypeToScriptingClass (8ms)
	initialDomainReloadingComplete (22ms)
	LoadAllAssembliesAndSetupDomain (385ms)
		LoadAssemblies (333ms)
		RebuildTransferFunctionScriptingTraits (0ms)
		AnalyzeDomain (94ms)
			TypeCache.Refresh (55ms)
				TypeCache.ScanAssembly (16ms)
			ScanForSourceGeneratedMonoScriptInfo (26ms)
			ResolveRequiredComponents (11ms)
	FinalizeReload (1238ms)
		ReleaseScriptCaches (0ms)
		RebuildScriptCaches (0ms)
		SetupLoadedEditorAssemblies (473ms)
			LogAssemblyErrors (0ms)
			InitializePlatformSupportModulesInManaged (11ms)
			SetLoadedEditorAssemblies (5ms)
			RefreshPlugins (0ms)
			BeforeProcessingInitializeOnLoad (53ms)
			ProcessInitializeOnLoadAttributes (374ms)
			ProcessInitializeOnLoadMethodAttributes (30ms)
			AfterProcessingInitializeOnLoad (1ms)
			EditorAssembliesLoaded (0ms)
		ExecutionOrderSort2 (0ms)
		AwakeInstancesAfterBackupRestoration (6ms)
Shader 'TextMeshPro/Distance Field (UIHsvModifier)': fallback shader 'TextMeshPro/Mobile/Distance Field (UIHsv)' not found
Shader 'TextMeshPro/Distance Field (UIHsvModifier)': fallback shader 'TextMeshPro/Mobile/Distance Field (UIHsv)' not found
Refreshing native plugins compatible for Editor in 23.33 ms, found 3 plugins.
Preloading 0 native plugins for Editor in 0.00 ms.
Unloading 6644 Unused Serialized files (Serialized files now loaded: 0)
Unloading 70 unused Assets / (1.9 MB). Loaded Objects now: 7721.
Memory consumption went from 1.16 GB to 1.16 GB.
Total: 4.759959 ms (FindLiveObjects: 0.357167 ms CreateObjectMapping: 0.105416 ms MarkObjects: 3.372959 ms  DeleteObjects: 0.923833 ms)

Prepare: number of updated asset objects reloaded= 0
AssetImportParameters requested are different than current active one (requested -> active):
  custom:container-demuxer-ogg: 62fdf1f143b41e24485cea50d1cbac27 -> 
  custom:scripting/monoscript/fileName/GameCustom.cs: 01a349434af836614ef8402de38aed64 -> 
  custom:container-muxer-webm: aa71ff27fc2769a1b78a27578f13a17b -> 
  custom:video-decoder-webm-vp8: 9c59270c3fd7afecdb556c50c9e8de78 -> 
  custom:SearchIndexIgnoredProperties: e643bd26f0fe6173181afceb89e7c659 -> 
  custom:AudioImporter_EditorPlatform: 3918e3fc78b5a79bad01e8451be0beb8 -> 
  custom:audio-decoder-ogg-vorbis: bf7c407c2cedff20999df2af8eb42d56 -> 
  custom:audio-encoder-webm-vorbis: bf7c407c2cedff20999df2af8eb42d56 -> 
  custom:scripting/precompiled-assembly-types:Assembly-CSharp: 86b54c10fa7313a67d3854f26ea0d0b8 -> dd865f2bf1c65a1c7720113f429c2ed7
  custom:video-decoder-ogg-theora: a1e56fd34408186e4bbccfd4996cb3dc -> 
  custom:CustomObjectIndexerAttribute: 9a22284fe3817be447336de3de66b15e -> 
  custom:container-demuxer-webm: 4f35f7cbe854078d1ac9338744f61a02 -> 
  custom:framework-osx-AVFoundation: e770b220cccbd017edd2c1fefb359320 -> 
  custom:video-encoder-webm-vp8: eb34c28f22e8b96e1ab97ce403110664 -> 
========================================================================
Received Prepare
Caller must complete domain reload
Begin MonoManager ReloadAssembly
Thread 0x16b5c3000 may have been prematurely finalized
Symbol file LoadedFromMemory is not a mono symbol file
- Loaded All Assemblies, in  0.774 seconds
Native extension for Android target not found
Native extension for OSXStandalone target not found
Native extension for WebGL target not found
[Package Manager] Server::EnsureServerProcessIsRunning -- launch failed, reason: Unity was launched with the -noUpm command-line argument
[Package Manager] UpmClient::Send -- Unable to send message (not connected to UPM process).
[Package Manager] Cannot connect to Unity Package Manager local server
[Package Manager] Server::EnsureServerProcessIsRunning -- launch failed, reason: Unity was launched with the -noUpm command-line argument
[Package Manager] UpmClient::Send -- Unable to send message (not connected to UPM process).
[Package Manager] Cannot connect to Unity Package Manager local server
Mono: successfully reloaded assembly
- Finished resetting the current domain, in  1.548 seconds
Domain Reload Profiling: 2324ms
	BeginReloadAssembly (264ms)
		ExecutionOrderSort (0ms)
		DisableScriptedObjects (32ms)
		BackupInstance (0ms)
		ReleaseScriptingObjects (0ms)
		CreateAndSetChildDomain (107ms)
	RebuildCommonClasses (30ms)
	RebuildNativeTypeToScriptingClass (16ms)
	initialDomainReloadingComplete (36ms)
	LoadAllAssembliesAndSetupDomain (429ms)
		LoadAssemblies (464ms)
		RebuildTransferFunctionScriptingTraits (0ms)
		AnalyzeDomain (45ms)
			TypeCache.Refresh (35ms)
				TypeCache.ScanAssembly (0ms)
			ScanForSourceGeneratedMonoScriptInfo (0ms)
			ResolveRequiredComponents (9ms)
	FinalizeReload (1549ms)
		ReleaseScriptCaches (0ms)
		RebuildScriptCaches (0ms)
		SetupLoadedEditorAssemblies (584ms)
			LogAssemblyErrors (0ms)
			InitializePlatformSupportModulesInManaged (19ms)
			SetLoadedEditorAssemblies (6ms)
			RefreshPlugins (0ms)
			BeforeProcessingInitializeOnLoad (59ms)
			ProcessInitializeOnLoadAttributes (462ms)
			ProcessInitializeOnLoadMethodAttributes (35ms)
			AfterProcessingInitializeOnLoad (1ms)
			EditorAssembliesLoaded (1ms)
		ExecutionOrderSort2 (0ms)
		AwakeInstancesAfterBackupRestoration (7ms)
Shader 'TextMeshPro/Distance Field (UIHsvModifier)': fallback shader 'TextMeshPro/Mobile/Distance Field (UIHsv)' not found
Shader 'TextMeshPro/Distance Field (UIHsvModifier)': fallback shader 'TextMeshPro/Mobile/Distance Field (UIHsv)' not found
Refreshing native plugins compatible for Editor in 10.70 ms, found 3 plugins.
Preloading 0 native plugins for Editor in 0.00 ms.
Unloading 6644 Unused Serialized files (Serialized files now loaded: 0)
Unloading 70 unused Assets / (1.9 MB). Loaded Objects now: 7725.
Memory consumption went from 1.17 GB to 1.17 GB.
Total: 13.608500 ms (FindLiveObjects: 1.807459 ms CreateObjectMapping: 0.182416 ms MarkObjects: 10.090209 ms  DeleteObjects: 1.527250 ms)

Prepare: number of updated asset objects reloaded= 0
AssetImportParameters requested are different than current active one (requested -> active):
  custom:container-demuxer-ogg: 62fdf1f143b41e24485cea50d1cbac27 -> 
  custom:scripting/monoscript/fileName/GameCustom.cs: 01a349434af836614ef8402de38aed64 -> 
  custom:container-muxer-webm: aa71ff27fc2769a1b78a27578f13a17b -> 
  custom:video-decoder-webm-vp8: 9c59270c3fd7afecdb556c50c9e8de78 -> 
  custom:SearchIndexIgnoredProperties: e643bd26f0fe6173181afceb89e7c659 -> 
  custom:AudioImporter_EditorPlatform: 3918e3fc78b5a79bad01e8451be0beb8 -> 
  custom:audio-decoder-ogg-vorbis: bf7c407c2cedff20999df2af8eb42d56 -> 
  custom:audio-encoder-webm-vorbis: bf7c407c2cedff20999df2af8eb42d56 -> 
  custom:scripting/precompiled-assembly-types:Assembly-CSharp: 86b54c10fa7313a67d3854f26ea0d0b8 -> dd865f2bf1c65a1c7720113f429c2ed7
  custom:video-decoder-ogg-theora: a1e56fd34408186e4bbccfd4996cb3dc -> 
  custom:CustomObjectIndexerAttribute: 9a22284fe3817be447336de3de66b15e -> 
  custom:container-demuxer-webm: 4f35f7cbe854078d1ac9338744f61a02 -> 
  custom:framework-osx-AVFoundation: e770b220cccbd017edd2c1fefb359320 -> 
  custom:video-encoder-webm-vp8: eb34c28f22e8b96e1ab97ce403110664 -> 
========================================================================
Received Prepare
Caller must complete domain reload
Begin MonoManager ReloadAssembly
Thread 0x16b5c3000 may have been prematurely finalized
Symbol file LoadedFromMemory is not a mono symbol file
- Loaded All Assemblies, in  0.765 seconds
Native extension for Android target not found
Native extension for OSXStandalone target not found
Native extension for WebGL target not found
[Package Manager] Server::EnsureServerProcessIsRunning -- launch failed, reason: Unity was launched with the -noUpm command-line argument
[Package Manager] UpmClient::Send -- Unable to send message (not connected to UPM process).
[Package Manager] Cannot connect to Unity Package Manager local server
[Package Manager] Server::EnsureServerProcessIsRunning -- launch failed, reason: Unity was launched with the -noUpm command-line argument
[Package Manager] UpmClient::Send -- Unable to send message (not connected to UPM process).
[Package Manager] Cannot connect to Unity Package Manager local server
Mono: successfully reloaded assembly
- Finished resetting the current domain, in  1.446 seconds
Domain Reload Profiling: 2211ms
	BeginReloadAssembly (166ms)
		ExecutionOrderSort (0ms)
		DisableScriptedObjects (8ms)
		BackupInstance (0ms)
		ReleaseScriptingObjects (0ms)
		CreateAndSetChildDomain (57ms)
	RebuildCommonClasses (29ms)
	RebuildNativeTypeToScriptingClass (9ms)
	initialDomainReloadingComplete (19ms)
	LoadAllAssembliesAndSetupDomain (541ms)
		LoadAssemblies (505ms)
		RebuildTransferFunctionScriptingTraits (0ms)
		AnalyzeDomain (104ms)
			TypeCache.Refresh (67ms)
				TypeCache.ScanAssembly (24ms)
			ScanForSourceGeneratedMonoScriptInfo (27ms)
			ResolveRequiredComponents (9ms)
	FinalizeReload (1447ms)
		ReleaseScriptCaches (0ms)
		RebuildScriptCaches (0ms)
		SetupLoadedEditorAssemblies (478ms)
			LogAssemblyErrors (0ms)
			InitializePlatformSupportModulesInManaged (11ms)
			SetLoadedEditorAssemblies (4ms)
			RefreshPlugins (0ms)
			BeforeProcessingInitializeOnLoad (57ms)
			ProcessInitializeOnLoadAttributes (377ms)
			ProcessInitializeOnLoadMethodAttributes (28ms)
			AfterProcessingInitializeOnLoad (1ms)
			EditorAssembliesLoaded (0ms)
		ExecutionOrderSort2 (0ms)
		AwakeInstancesAfterBackupRestoration (6ms)
Shader 'TextMeshPro/Distance Field (UIHsvModifier)': fallback shader 'TextMeshPro/Mobile/Distance Field (UIHsv)' not found
Shader 'TextMeshPro/Distance Field (UIHsvModifier)': fallback shader 'TextMeshPro/Mobile/Distance Field (UIHsv)' not found
Refreshing native plugins compatible for Editor in 34.16 ms, found 3 plugins.
Preloading 0 native plugins for Editor in 0.00 ms.
Unloading 6644 Unused Serialized files (Serialized files now loaded: 0)
Unloading 70 unused Assets / (1.9 MB). Loaded Objects now: 7729.
Memory consumption went from 1.18 GB to 1.18 GB.
Total: 4.866791 ms (FindLiveObjects: 0.333958 ms CreateObjectMapping: 0.096542 ms MarkObjects: 3.513833 ms  DeleteObjects: 0.922041 ms)

Prepare: number of updated asset objects reloaded= 0
AssetImportParameters requested are different than current active one (requested -> active):
  custom:container-demuxer-ogg: 62fdf1f143b41e24485cea50d1cbac27 -> 
  custom:scripting/monoscript/fileName/GameCustom.cs: 01a349434af836614ef8402de38aed64 -> 
  custom:container-muxer-webm: aa71ff27fc2769a1b78a27578f13a17b -> 
  custom:video-decoder-webm-vp8: 9c59270c3fd7afecdb556c50c9e8de78 -> 
  custom:SearchIndexIgnoredProperties: e643bd26f0fe6173181afceb89e7c659 -> 
  custom:AudioImporter_EditorPlatform: 3918e3fc78b5a79bad01e8451be0beb8 -> 
  custom:audio-decoder-ogg-vorbis: bf7c407c2cedff20999df2af8eb42d56 -> 
  custom:audio-encoder-webm-vorbis: bf7c407c2cedff20999df2af8eb42d56 -> 
  custom:scripting/precompiled-assembly-types:Assembly-CSharp: 86b54c10fa7313a67d3854f26ea0d0b8 -> dd865f2bf1c65a1c7720113f429c2ed7
  custom:video-decoder-ogg-theora: a1e56fd34408186e4bbccfd4996cb3dc -> 
  custom:CustomObjectIndexerAttribute: 9a22284fe3817be447336de3de66b15e -> 
  custom:container-demuxer-webm: 4f35f7cbe854078d1ac9338744f61a02 -> 
  custom:framework-osx-AVFoundation: e770b220cccbd017edd2c1fefb359320 -> 
  custom:video-encoder-webm-vp8: eb34c28f22e8b96e1ab97ce403110664 -> 
========================================================================
Received Prepare
Caller must complete domain reload
Begin MonoManager ReloadAssembly
Thread 0x16b5c3000 may have been prematurely finalized
Symbol file LoadedFromMemory is not a mono symbol file
- Loaded All Assemblies, in  0.461 seconds
Native extension for Android target not found
Native extension for OSXStandalone target not found
Native extension for WebGL target not found
[Package Manager] Server::EnsureServerProcessIsRunning -- launch failed, reason: Unity was launched with the -noUpm command-line argument
[Package Manager] UpmClient::Send -- Unable to send message (not connected to UPM process).
[Package Manager] Cannot connect to Unity Package Manager local server
[Package Manager] Server::EnsureServerProcessIsRunning -- launch failed, reason: Unity was launched with the -noUpm command-line argument
[Package Manager] UpmClient::Send -- Unable to send message (not connected to UPM process).
[Package Manager] Cannot connect to Unity Package Manager local server
Mono: successfully reloaded assembly
- Finished resetting the current domain, in  1.267 seconds
Domain Reload Profiling: 1729ms
	BeginReloadAssembly (133ms)
		ExecutionOrderSort (0ms)
		DisableScriptedObjects (11ms)
		BackupInstance (0ms)
		ReleaseScriptingObjects (0ms)
		CreateAndSetChildDomain (53ms)
	RebuildCommonClasses (24ms)
	RebuildNativeTypeToScriptingClass (8ms)
	initialDomainReloadingComplete (23ms)
	LoadAllAssembliesAndSetupDomain (274ms)
		LoadAssemblies (300ms)
		RebuildTransferFunctionScriptingTraits (0ms)
		AnalyzeDomain (19ms)
			TypeCache.Refresh (10ms)
				TypeCache.ScanAssembly (0ms)
			ScanForSourceGeneratedMonoScriptInfo (0ms)
			ResolveRequiredComponents (8ms)
	FinalizeReload (1267ms)
		ReleaseScriptCaches (0ms)
		RebuildScriptCaches (0ms)
		SetupLoadedEditorAssemblies (513ms)
			LogAssemblyErrors (0ms)
			InitializePlatformSupportModulesInManaged (12ms)
			SetLoadedEditorAssemblies (5ms)
			RefreshPlugins (0ms)
			BeforeProcessingInitializeOnLoad (50ms)
			ProcessInitializeOnLoadAttributes (409ms)
			ProcessInitializeOnLoadMethodAttributes (34ms)
			AfterProcessingInitializeOnLoad (1ms)
			EditorAssembliesLoaded (1ms)
		ExecutionOrderSort2 (0ms)
		AwakeInstancesAfterBackupRestoration (7ms)
Shader 'TextMeshPro/Distance Field (UIHsvModifier)': fallback shader 'TextMeshPro/Mobile/Distance Field (UIHsv)' not found
Shader 'TextMeshPro/Distance Field (UIHsvModifier)': fallback shader 'TextMeshPro/Mobile/Distance Field (UIHsv)' not found
Refreshing native plugins compatible for Editor in 10.88 ms, found 3 plugins.
Preloading 0 native plugins for Editor in 0.00 ms.
Unloading 6644 Unused Serialized files (Serialized files now loaded: 0)
Unloading 70 unused Assets / (1.8 MB). Loaded Objects now: 7733.
Memory consumption went from 1.19 GB to 1.19 GB.
Total: 13.028541 ms (FindLiveObjects: 0.433833 ms CreateObjectMapping: 0.108333 ms MarkObjects: 11.311084 ms  DeleteObjects: 1.174584 ms)

Prepare: number of updated asset objects reloaded= 0
AssetImportParameters requested are different than current active one (requested -> active):
  custom:container-demuxer-ogg: 62fdf1f143b41e24485cea50d1cbac27 -> 
  custom:scripting/monoscript/fileName/GameCustom.cs: 01a349434af836614ef8402de38aed64 -> 
  custom:container-muxer-webm: aa71ff27fc2769a1b78a27578f13a17b -> 
  custom:video-decoder-webm-vp8: 9c59270c3fd7afecdb556c50c9e8de78 -> 
  custom:SearchIndexIgnoredProperties: e643bd26f0fe6173181afceb89e7c659 -> 
  custom:AudioImporter_EditorPlatform: 3918e3fc78b5a79bad01e8451be0beb8 -> 
  custom:audio-decoder-ogg-vorbis: bf7c407c2cedff20999df2af8eb42d56 -> 
  custom:audio-encoder-webm-vorbis: bf7c407c2cedff20999df2af8eb42d56 -> 
  custom:scripting/precompiled-assembly-types:Assembly-CSharp: 86b54c10fa7313a67d3854f26ea0d0b8 -> dd865f2bf1c65a1c7720113f429c2ed7
  custom:video-decoder-ogg-theora: a1e56fd34408186e4bbccfd4996cb3dc -> 
  custom:CustomObjectIndexerAttribute: 9a22284fe3817be447336de3de66b15e -> 
  custom:container-demuxer-webm: 4f35f7cbe854078d1ac9338744f61a02 -> 
  custom:framework-osx-AVFoundation: e770b220cccbd017edd2c1fefb359320 -> 
  custom:video-encoder-webm-vp8: eb34c28f22e8b96e1ab97ce403110664 -> 
========================================================================
Received Prepare
Caller must complete domain reload
Begin MonoManager ReloadAssembly
Thread 0x16b5c3000 may have been prematurely finalized
Symbol file LoadedFromMemory is not a mono symbol file
- Loaded All Assemblies, in  0.577 seconds
Native extension for Android target not found
Native extension for OSXStandalone target not found
Native extension for WebGL target not found
[Package Manager] Server::EnsureServerProcessIsRunning -- launch failed, reason: Unity was launched with the -noUpm command-line argument
[Package Manager] UpmClient::Send -- Unable to send message (not connected to UPM process).
[Package Manager] Cannot connect to Unity Package Manager local server
[Package Manager] Server::EnsureServerProcessIsRunning -- launch failed, reason: Unity was launched with the -noUpm command-line argument
[Package Manager] UpmClient::Send -- Unable to send message (not connected to UPM process).
[Package Manager] Cannot connect to Unity Package Manager local server
Mono: successfully reloaded assembly
- Finished resetting the current domain, in  1.260 seconds
Domain Reload Profiling: 1837ms
	BeginReloadAssembly (120ms)
		ExecutionOrderSort (0ms)
		DisableScriptedObjects (8ms)
		BackupInstance (0ms)
		ReleaseScriptingObjects (0ms)
		CreateAndSetChildDomain (47ms)
	RebuildCommonClasses (20ms)
	RebuildNativeTypeToScriptingClass (8ms)
	initialDomainReloadingComplete (21ms)
	LoadAllAssembliesAndSetupDomain (408ms)
		LoadAssemblies (337ms)
		RebuildTransferFunctionScriptingTraits (0ms)
		AnalyzeDomain (108ms)
			TypeCache.Refresh (64ms)
				TypeCache.ScanAssembly (19ms)
			ScanForSourceGeneratedMonoScriptInfo (26ms)
			ResolveRequiredComponents (17ms)
	FinalizeReload (1260ms)
		ReleaseScriptCaches (0ms)
		RebuildScriptCaches (0ms)
		SetupLoadedEditorAssemblies (468ms)
			LogAssemblyErrors (0ms)
			InitializePlatformSupportModulesInManaged (9ms)
			SetLoadedEditorAssemblies (6ms)
			RefreshPlugins (0ms)
			BeforeProcessingInitializeOnLoad (52ms)
			ProcessInitializeOnLoadAttributes (371ms)
			ProcessInitializeOnLoadMethodAttributes (28ms)
			AfterProcessingInitializeOnLoad (1ms)
			EditorAssembliesLoaded (0ms)
		ExecutionOrderSort2 (0ms)
		AwakeInstancesAfterBackupRestoration (6ms)
Shader 'TextMeshPro/Distance Field (UIHsvModifier)': fallback shader 'TextMeshPro/Mobile/Distance Field (UIHsv)' not found
Shader 'TextMeshPro/Distance Field (UIHsvModifier)': fallback shader 'TextMeshPro/Mobile/Distance Field (UIHsv)' not found
Refreshing native plugins compatible for Editor in 6.97 ms, found 3 plugins.
Preloading 0 native plugins for Editor in 0.00 ms.
Unloading 6644 Unused Serialized files (Serialized files now loaded: 0)
Unloading 70 unused Assets / (1.9 MB). Loaded Objects now: 7737.
Memory consumption went from 1.20 GB to 1.20 GB.
Total: 6.490500 ms (FindLiveObjects: 0.490250 ms CreateObjectMapping: 0.098667 ms MarkObjects: 4.919541 ms  DeleteObjects: 0.981250 ms)

Prepare: number of updated asset objects reloaded= 0
AssetImportParameters requested are different than current active one (requested -> active):
  custom:container-demuxer-ogg: 62fdf1f143b41e24485cea50d1cbac27 -> 
  custom:scripting/monoscript/fileName/GameCustom.cs: 01a349434af836614ef8402de38aed64 -> 
  custom:container-muxer-webm: aa71ff27fc2769a1b78a27578f13a17b -> 
  custom:video-decoder-webm-vp8: 9c59270c3fd7afecdb556c50c9e8de78 -> 
  custom:SearchIndexIgnoredProperties: e643bd26f0fe6173181afceb89e7c659 -> 
  custom:AudioImporter_EditorPlatform: 3918e3fc78b5a79bad01e8451be0beb8 -> 
  custom:audio-decoder-ogg-vorbis: bf7c407c2cedff20999df2af8eb42d56 -> 
  custom:audio-encoder-webm-vorbis: bf7c407c2cedff20999df2af8eb42d56 -> 
  custom:scripting/precompiled-assembly-types:Assembly-CSharp: 86b54c10fa7313a67d3854f26ea0d0b8 -> dd865f2bf1c65a1c7720113f429c2ed7
  custom:video-decoder-ogg-theora: a1e56fd34408186e4bbccfd4996cb3dc -> 
  custom:CustomObjectIndexerAttribute: 9a22284fe3817be447336de3de66b15e -> 
  custom:container-demuxer-webm: 4f35f7cbe854078d1ac9338744f61a02 -> 
  custom:framework-osx-AVFoundation: e770b220cccbd017edd2c1fefb359320 -> 
  custom:video-encoder-webm-vp8: eb34c28f22e8b96e1ab97ce403110664 -> 
========================================================================
Received Prepare
Caller must complete domain reload
Begin MonoManager ReloadAssembly
Thread 0x16b5c3000 may have been prematurely finalized
Symbol file LoadedFromMemory is not a mono symbol file
- Loaded All Assemblies, in  0.500 seconds
Native extension for Android target not found
Native extension for OSXStandalone target not found
Native extension for WebGL target not found
[Package Manager] Server::EnsureServerProcessIsRunning -- launch failed, reason: Unity was launched with the -noUpm command-line argument
[Package Manager] UpmClient::Send -- Unable to send message (not connected to UPM process).
[Package Manager] Cannot connect to Unity Package Manager local server
[Package Manager] Server::EnsureServerProcessIsRunning -- launch failed, reason: Unity was launched with the -noUpm command-line argument
[Package Manager] UpmClient::Send -- Unable to send message (not connected to UPM process).
[Package Manager] Cannot connect to Unity Package Manager local server
Mono: successfully reloaded assembly
- Finished resetting the current domain, in  1.217 seconds
Domain Reload Profiling: 1719ms
	BeginReloadAssembly (136ms)
		ExecutionOrderSort (0ms)
		DisableScriptedObjects (10ms)
		BackupInstance (0ms)
		ReleaseScriptingObjects (0ms)
		CreateAndSetChildDomain (52ms)
	RebuildCommonClasses (21ms)
	RebuildNativeTypeToScriptingClass (8ms)
	initialDomainReloadingComplete (23ms)
	LoadAllAssembliesAndSetupDomain (314ms)
		LoadAssemblies (314ms)
		RebuildTransferFunctionScriptingTraits (0ms)
		AnalyzeDomain (38ms)
			TypeCache.Refresh (27ms)
				TypeCache.ScanAssembly (0ms)
			ScanForSourceGeneratedMonoScriptInfo (0ms)
			ResolveRequiredComponents (10ms)
	FinalizeReload (1217ms)
		ReleaseScriptCaches (0ms)
		RebuildScriptCaches (0ms)
		SetupLoadedEditorAssemblies (522ms)
			LogAssemblyErrors (0ms)
			InitializePlatformSupportModulesInManaged (13ms)
			SetLoadedEditorAssemblies (5ms)
			RefreshPlugins (0ms)
			BeforeProcessingInitializeOnLoad (58ms)
			ProcessInitializeOnLoadAttributes (410ms)
			ProcessInitializeOnLoadMethodAttributes (35ms)
			AfterProcessingInitializeOnLoad (1ms)
			EditorAssembliesLoaded (1ms)
		ExecutionOrderSort2 (0ms)
		AwakeInstancesAfterBackupRestoration (8ms)
Shader 'TextMeshPro/Distance Field (UIHsvModifier)': fallback shader 'TextMeshPro/Mobile/Distance Field (UIHsv)' not found
Shader 'TextMeshPro/Distance Field (UIHsvModifier)': fallback shader 'TextMeshPro/Mobile/Distance Field (UIHsv)' not found
Refreshing native plugins compatible for Editor in 9.32 ms, found 3 plugins.
Preloading 0 native plugins for Editor in 0.00 ms.
Unloading 6644 Unused Serialized files (Serialized files now loaded: 0)
Unloading 70 unused Assets / (1.8 MB). Loaded Objects now: 7741.
Memory consumption went from 1.21 GB to 1.21 GB.
Total: 9.726458 ms (FindLiveObjects: 0.439583 ms CreateObjectMapping: 0.127708 ms MarkObjects: 7.984750 ms  DeleteObjects: 1.173209 ms)

Prepare: number of updated asset objects reloaded= 0
AssetImportParameters requested are different than current active one (requested -> active):
  custom:container-demuxer-ogg: 62fdf1f143b41e24485cea50d1cbac27 -> 
  custom:scripting/monoscript/fileName/GameCustom.cs: 01a349434af836614ef8402de38aed64 -> 
  custom:container-muxer-webm: aa71ff27fc2769a1b78a27578f13a17b -> 
  custom:video-decoder-webm-vp8: 9c59270c3fd7afecdb556c50c9e8de78 -> 
  custom:SearchIndexIgnoredProperties: e643bd26f0fe6173181afceb89e7c659 -> 
  custom:AudioImporter_EditorPlatform: 3918e3fc78b5a79bad01e8451be0beb8 -> 
  custom:audio-decoder-ogg-vorbis: bf7c407c2cedff20999df2af8eb42d56 -> 
  custom:audio-encoder-webm-vorbis: bf7c407c2cedff20999df2af8eb42d56 -> 
  custom:scripting/precompiled-assembly-types:Assembly-CSharp: 86b54c10fa7313a67d3854f26ea0d0b8 -> dd865f2bf1c65a1c7720113f429c2ed7
  custom:video-decoder-ogg-theora: a1e56fd34408186e4bbccfd4996cb3dc -> 
  custom:CustomObjectIndexerAttribute: 9a22284fe3817be447336de3de66b15e -> 
  custom:container-demuxer-webm: 4f35f7cbe854078d1ac9338744f61a02 -> 
  custom:framework-osx-AVFoundation: e770b220cccbd017edd2c1fefb359320 -> 
  custom:video-encoder-webm-vp8: eb34c28f22e8b96e1ab97ce403110664 -> 
========================================================================
Received Prepare
Caller must complete domain reload
Begin MonoManager ReloadAssembly
Thread 0x16b5c3000 may have been prematurely finalized
Symbol file LoadedFromMemory is not a mono symbol file
- Loaded All Assemblies, in  0.576 seconds
Native extension for Android target not found
Native extension for OSXStandalone target not found
Native extension for WebGL target not found
[Package Manager] Server::EnsureServerProcessIsRunning -- launch failed, reason: Unity was launched with the -noUpm command-line argument
[Package Manager] UpmClient::Send -- Unable to send message (not connected to UPM process).
[Package Manager] Cannot connect to Unity Package Manager local server
[Package Manager] Server::EnsureServerProcessIsRunning -- launch failed, reason: Unity was launched with the -noUpm command-line argument
[Package Manager] UpmClient::Send -- Unable to send message (not connected to UPM process).
[Package Manager] Cannot connect to Unity Package Manager local server
Mono: successfully reloaded assembly
- Finished resetting the current domain, in  1.445 seconds
Domain Reload Profiling: 2022ms
	BeginReloadAssembly (166ms)
		ExecutionOrderSort (0ms)
		DisableScriptedObjects (9ms)
		BackupInstance (0ms)
		ReleaseScriptingObjects (0ms)
		CreateAndSetChildDomain (70ms)
	RebuildCommonClasses (29ms)
	RebuildNativeTypeToScriptingClass (11ms)
	initialDomainReloadingComplete (20ms)
	LoadAllAssembliesAndSetupDomain (351ms)
		LoadAssemblies (322ms)
		RebuildTransferFunctionScriptingTraits (0ms)
		AnalyzeDomain (84ms)
			TypeCache.Refresh (48ms)
				TypeCache.ScanAssembly (13ms)
			ScanForSourceGeneratedMonoScriptInfo (17ms)
			ResolveRequiredComponents (16ms)
	FinalizeReload (1446ms)
		ReleaseScriptCaches (0ms)
		RebuildScriptCaches (0ms)
		SetupLoadedEditorAssemblies (463ms)
			LogAssemblyErrors (0ms)
			InitializePlatformSupportModulesInManaged (11ms)
			SetLoadedEditorAssemblies (5ms)
			RefreshPlugins (0ms)
			BeforeProcessingInitializeOnLoad (52ms)
			ProcessInitializeOnLoadAttributes (367ms)
			ProcessInitializeOnLoadMethodAttributes (28ms)
			AfterProcessingInitializeOnLoad (1ms)
			EditorAssembliesLoaded (0ms)
		ExecutionOrderSort2 (0ms)
		AwakeInstancesAfterBackupRestoration (6ms)
Shader 'TextMeshPro/Distance Field (UIHsvModifier)': fallback shader 'TextMeshPro/Mobile/Distance Field (UIHsv)' not found
Shader 'TextMeshPro/Distance Field (UIHsvModifier)': fallback shader 'TextMeshPro/Mobile/Distance Field (UIHsv)' not found
Refreshing native plugins compatible for Editor in 25.51 ms, found 3 plugins.
Preloading 0 native plugins for Editor in 0.00 ms.
Unloading 6644 Unused Serialized files (Serialized files now loaded: 0)
Unloading 70 unused Assets / (1.8 MB). Loaded Objects now: 7745.
Memory consumption went from 1.22 GB to 1.22 GB.
Total: 4.406959 ms (FindLiveObjects: 0.312458 ms CreateObjectMapping: 0.099125 ms MarkObjects: 3.123334 ms  DeleteObjects: 0.871125 ms)

Prepare: number of updated asset objects reloaded= 0
AssetImportParameters requested are different than current active one (requested -> active):
  custom:container-demuxer-ogg: 62fdf1f143b41e24485cea50d1cbac27 -> 
  custom:scripting/monoscript/fileName/GameCustom.cs: 01a349434af836614ef8402de38aed64 -> 
  custom:container-muxer-webm: aa71ff27fc2769a1b78a27578f13a17b -> 
  custom:video-decoder-webm-vp8: 9c59270c3fd7afecdb556c50c9e8de78 -> 
  custom:SearchIndexIgnoredProperties: e643bd26f0fe6173181afceb89e7c659 -> 
  custom:AudioImporter_EditorPlatform: 3918e3fc78b5a79bad01e8451be0beb8 -> 
  custom:audio-decoder-ogg-vorbis: bf7c407c2cedff20999df2af8eb42d56 -> 
  custom:audio-encoder-webm-vorbis: bf7c407c2cedff20999df2af8eb42d56 -> 
  custom:scripting/precompiled-assembly-types:Assembly-CSharp: 86b54c10fa7313a67d3854f26ea0d0b8 -> dd865f2bf1c65a1c7720113f429c2ed7
  custom:video-decoder-ogg-theora: a1e56fd34408186e4bbccfd4996cb3dc -> 
  custom:CustomObjectIndexerAttribute: 9a22284fe3817be447336de3de66b15e -> 
  custom:container-demuxer-webm: 4f35f7cbe854078d1ac9338744f61a02 -> 
  custom:framework-osx-AVFoundation: e770b220cccbd017edd2c1fefb359320 -> 
  custom:video-encoder-webm-vp8: eb34c28f22e8b96e1ab97ce403110664 -> 
========================================================================
Received Prepare
Caller must complete domain reload
Begin MonoManager ReloadAssembly
Thread 0x16b5c3000 may have been prematurely finalized
Symbol file LoadedFromMemory is not a mono symbol file
- Loaded All Assemblies, in  0.523 seconds
Native extension for Android target not found
Native extension for OSXStandalone target not found
Native extension for WebGL target not found
[Package Manager] Server::EnsureServerProcessIsRunning -- launch failed, reason: Unity was launched with the -noUpm command-line argument
[Package Manager] UpmClient::Send -- Unable to send message (not connected to UPM process).
[Package Manager] Cannot connect to Unity Package Manager local server
[Package Manager] Server::EnsureServerProcessIsRunning -- launch failed, reason: Unity was launched with the -noUpm command-line argument
[Package Manager] UpmClient::Send -- Unable to send message (not connected to UPM process).
[Package Manager] Cannot connect to Unity Package Manager local server
Mono: successfully reloaded assembly
- Finished resetting the current domain, in  1.202 seconds
Domain Reload Profiling: 1727ms
	BeginReloadAssembly (142ms)
		ExecutionOrderSort (0ms)
		DisableScriptedObjects (14ms)
		BackupInstance (0ms)
		ReleaseScriptingObjects (0ms)
		CreateAndSetChildDomain (57ms)
	RebuildCommonClasses (22ms)
	RebuildNativeTypeToScriptingClass (8ms)
	initialDomainReloadingComplete (24ms)
	LoadAllAssembliesAndSetupDomain (328ms)
		LoadAssemblies (330ms)
		RebuildTransferFunctionScriptingTraits (0ms)
		AnalyzeDomain (32ms)
			TypeCache.Refresh (23ms)
				TypeCache.ScanAssembly (0ms)
			ScanForSourceGeneratedMonoScriptInfo (0ms)
			ResolveRequiredComponents (8ms)
	FinalizeReload (1202ms)
		ReleaseScriptCaches (0ms)
		RebuildScriptCaches (0ms)
		SetupLoadedEditorAssemblies (535ms)
			LogAssemblyErrors (1ms)
			InitializePlatformSupportModulesInManaged (13ms)
			SetLoadedEditorAssemblies (5ms)
			RefreshPlugins (0ms)
			BeforeProcessingInitializeOnLoad (52ms)
			ProcessInitializeOnLoadAttributes (430ms)
			ProcessInitializeOnLoadMethodAttributes (31ms)
			AfterProcessingInitializeOnLoad (1ms)
			EditorAssembliesLoaded (1ms)
		ExecutionOrderSort2 (0ms)
		AwakeInstancesAfterBackupRestoration (7ms)
Shader 'TextMeshPro/Distance Field (UIHsvModifier)': fallback shader 'TextMeshPro/Mobile/Distance Field (UIHsv)' not found
Shader 'TextMeshPro/Distance Field (UIHsvModifier)': fallback shader 'TextMeshPro/Mobile/Distance Field (UIHsv)' not found
Refreshing native plugins compatible for Editor in 9.80 ms, found 3 plugins.
Preloading 0 native plugins for Editor in 0.00 ms.
Unloading 6644 Unused Serialized files (Serialized files now loaded: 0)
Unloading 70 unused Assets / (1.9 MB). Loaded Objects now: 7749.
Memory consumption went from 1.23 GB to 1.23 GB.
Total: 11.424458 ms (FindLiveObjects: 0.298375 ms CreateObjectMapping: 0.097667 ms MarkObjects: 9.871292 ms  DeleteObjects: 1.156583 ms)

Prepare: number of updated asset objects reloaded= 0
AssetImportParameters requested are different than current active one (requested -> active):
  custom:container-demuxer-ogg: 62fdf1f143b41e24485cea50d1cbac27 -> 
  custom:scripting/monoscript/fileName/GameCustom.cs: 01a349434af836614ef8402de38aed64 -> 
  custom:container-muxer-webm: aa71ff27fc2769a1b78a27578f13a17b -> 
  custom:video-decoder-webm-vp8: 9c59270c3fd7afecdb556c50c9e8de78 -> 
  custom:SearchIndexIgnoredProperties: e643bd26f0fe6173181afceb89e7c659 -> 
  custom:AudioImporter_EditorPlatform: 3918e3fc78b5a79bad01e8451be0beb8 -> 
  custom:audio-decoder-ogg-vorbis: bf7c407c2cedff20999df2af8eb42d56 -> 
  custom:audio-encoder-webm-vorbis: bf7c407c2cedff20999df2af8eb42d56 -> 
  custom:scripting/precompiled-assembly-types:Assembly-CSharp: 86b54c10fa7313a67d3854f26ea0d0b8 -> dd865f2bf1c65a1c7720113f429c2ed7
  custom:video-decoder-ogg-theora: a1e56fd34408186e4bbccfd4996cb3dc -> 
  custom:CustomObjectIndexerAttribute: 9a22284fe3817be447336de3de66b15e -> 
  custom:container-demuxer-webm: 4f35f7cbe854078d1ac9338744f61a02 -> 
  custom:framework-osx-AVFoundation: e770b220cccbd017edd2c1fefb359320 -> 
  custom:video-encoder-webm-vp8: eb34c28f22e8b96e1ab97ce403110664 -> 
========================================================================
Received Prepare
Caller must complete domain reload
Begin MonoManager ReloadAssembly
Thread 0x16b5c3000 may have been prematurely finalized
Symbol file LoadedFromMemory is not a mono symbol file
- Loaded All Assemblies, in  0.621 seconds
Native extension for Android target not found
Native extension for OSXStandalone target not found
Native extension for WebGL target not found
[Package Manager] Server::EnsureServerProcessIsRunning -- launch failed, reason: Unity was launched with the -noUpm command-line argument
[Package Manager] UpmClient::Send -- Unable to send message (not connected to UPM process).
[Package Manager] Cannot connect to Unity Package Manager local server
[Package Manager] Server::EnsureServerProcessIsRunning -- launch failed, reason: Unity was launched with the -noUpm command-line argument
[Package Manager] UpmClient::Send -- Unable to send message (not connected to UPM process).
[Package Manager] Cannot connect to Unity Package Manager local server
Mono: successfully reloaded assembly
- Finished resetting the current domain, in  1.183 seconds
Domain Reload Profiling: 1805ms
	BeginReloadAssembly (153ms)
		ExecutionOrderSort (0ms)
		DisableScriptedObjects (12ms)
		BackupInstance (0ms)
		ReleaseScriptingObjects (0ms)
		CreateAndSetChildDomain (53ms)
	RebuildCommonClasses (20ms)
	RebuildNativeTypeToScriptingClass (8ms)
	initialDomainReloadingComplete (23ms)
	LoadAllAssembliesAndSetupDomain (418ms)
		LoadAssemblies (400ms)
		RebuildTransferFunctionScriptingTraits (0ms)
		AnalyzeDomain (74ms)
			TypeCache.Refresh (45ms)
				TypeCache.ScanAssembly (18ms)
			ScanForSourceGeneratedMonoScriptInfo (18ms)
			ResolveRequiredComponents (10ms)
	FinalizeReload (1184ms)
		ReleaseScriptCaches (0ms)
		RebuildScriptCaches (0ms)
		SetupLoadedEditorAssemblies (480ms)
			LogAssemblyErrors (0ms)
			InitializePlatformSupportModulesInManaged (10ms)
			SetLoadedEditorAssemblies (5ms)
			RefreshPlugins (0ms)
			BeforeProcessingInitializeOnLoad (53ms)
			ProcessInitializeOnLoadAttributes (382ms)
			ProcessInitializeOnLoadMethodAttributes (28ms)
			AfterProcessingInitializeOnLoad (1ms)
			EditorAssembliesLoaded (0ms)
		ExecutionOrderSort2 (0ms)
		AwakeInstancesAfterBackupRestoration (6ms)
Shader 'TextMeshPro/Distance Field (UIHsvModifier)': fallback shader 'TextMeshPro/Mobile/Distance Field (UIHsv)' not found
Shader 'TextMeshPro/Distance Field (UIHsvModifier)': fallback shader 'TextMeshPro/Mobile/Distance Field (UIHsv)' not found
Refreshing native plugins compatible for Editor in 22.39 ms, found 3 plugins.
Preloading 0 native plugins for Editor in 0.00 ms.
Unloading 6644 Unused Serialized files (Serialized files now loaded: 0)
Unloading 70 unused Assets / (1.9 MB). Loaded Objects now: 7753.
Memory consumption went from 1.24 GB to 1.24 GB.
Total: 4.726209 ms (FindLiveObjects: 0.386750 ms CreateObjectMapping: 0.096625 ms MarkObjects: 3.327500 ms  DeleteObjects: 0.914667 ms)

Prepare: number of updated asset objects reloaded= 0
AssetImportParameters requested are different than current active one (requested -> active):
  custom:container-demuxer-ogg: 62fdf1f143b41e24485cea50d1cbac27 -> 
  custom:scripting/monoscript/fileName/GameCustom.cs: 01a349434af836614ef8402de38aed64 -> 
  custom:container-muxer-webm: aa71ff27fc2769a1b78a27578f13a17b -> 
  custom:video-decoder-webm-vp8: 9c59270c3fd7afecdb556c50c9e8de78 -> 
  custom:SearchIndexIgnoredProperties: e643bd26f0fe6173181afceb89e7c659 -> 
  custom:AudioImporter_EditorPlatform: 3918e3fc78b5a79bad01e8451be0beb8 -> 
  custom:audio-decoder-ogg-vorbis: bf7c407c2cedff20999df2af8eb42d56 -> 
  custom:audio-encoder-webm-vorbis: bf7c407c2cedff20999df2af8eb42d56 -> 
  custom:scripting/precompiled-assembly-types:Assembly-CSharp: 86b54c10fa7313a67d3854f26ea0d0b8 -> dd865f2bf1c65a1c7720113f429c2ed7
  custom:video-decoder-ogg-theora: a1e56fd34408186e4bbccfd4996cb3dc -> 
  custom:CustomObjectIndexerAttribute: 9a22284fe3817be447336de3de66b15e -> 
  custom:container-demuxer-webm: 4f35f7cbe854078d1ac9338744f61a02 -> 
  custom:framework-osx-AVFoundation: e770b220cccbd017edd2c1fefb359320 -> 
  custom:video-encoder-webm-vp8: eb34c28f22e8b96e1ab97ce403110664 -> 
========================================================================
Received Prepare
Caller must complete domain reload
Begin MonoManager ReloadAssembly
Thread 0x16b5c3000 may have been prematurely finalized
Symbol file LoadedFromMemory is not a mono symbol file
- Loaded All Assemblies, in  0.497 seconds
Native extension for Android target not found
Native extension for OSXStandalone target not found
Native extension for WebGL target not found
[Package Manager] Server::EnsureServerProcessIsRunning -- launch failed, reason: Unity was launched with the -noUpm command-line argument
[Package Manager] UpmClient::Send -- Unable to send message (not connected to UPM process).
[Package Manager] Cannot connect to Unity Package Manager local server
[Package Manager] Server::EnsureServerProcessIsRunning -- launch failed, reason: Unity was launched with the -noUpm command-line argument
[Package Manager] UpmClient::Send -- Unable to send message (not connected to UPM process).
[Package Manager] Cannot connect to Unity Package Manager local server
Mono: successfully reloaded assembly
- Finished resetting the current domain, in  1.213 seconds
Domain Reload Profiling: 1711ms
	BeginReloadAssembly (140ms)
		ExecutionOrderSort (0ms)
		DisableScriptedObjects (15ms)
		BackupInstance (0ms)
		ReleaseScriptingObjects (0ms)
		CreateAndSetChildDomain (57ms)
	RebuildCommonClasses (22ms)
	RebuildNativeTypeToScriptingClass (8ms)
	initialDomainReloadingComplete (24ms)
	LoadAllAssembliesAndSetupDomain (303ms)
		LoadAssemblies (308ms)
		RebuildTransferFunctionScriptingTraits (0ms)
		AnalyzeDomain (36ms)
			TypeCache.Refresh (27ms)
				TypeCache.ScanAssembly (0ms)
			ScanForSourceGeneratedMonoScriptInfo (0ms)
			ResolveRequiredComponents (8ms)
	FinalizeReload (1213ms)
		ReleaseScriptCaches (0ms)
		RebuildScriptCaches (0ms)
		SetupLoadedEditorAssemblies (508ms)
			LogAssemblyErrors (2ms)
			InitializePlatformSupportModulesInManaged (10ms)
			SetLoadedEditorAssemblies (5ms)
			RefreshPlugins (0ms)
			BeforeProcessingInitializeOnLoad (54ms)
			ProcessInitializeOnLoadAttributes (403ms)
			ProcessInitializeOnLoadMethodAttributes (33ms)
			AfterProcessingInitializeOnLoad (1ms)
			EditorAssembliesLoaded (0ms)
		ExecutionOrderSort2 (0ms)
		AwakeInstancesAfterBackupRestoration (6ms)
Shader 'TextMeshPro/Distance Field (UIHsvModifier)': fallback shader 'TextMeshPro/Mobile/Distance Field (UIHsv)' not found
Shader 'TextMeshPro/Distance Field (UIHsvModifier)': fallback shader 'TextMeshPro/Mobile/Distance Field (UIHsv)' not found
Refreshing native plugins compatible for Editor in 7.22 ms, found 3 plugins.
Preloading 0 native plugins for Editor in 0.00 ms.
Unloading 6644 Unused Serialized files (Serialized files now loaded: 0)
Unloading 70 unused Assets / (1.9 MB). Loaded Objects now: 7757.
Memory consumption went from 1.25 GB to 1.25 GB.
Total: 16.835167 ms (FindLiveObjects: 0.351000 ms CreateObjectMapping: 0.137625 ms MarkObjects: 14.404667 ms  DeleteObjects: 1.940958 ms)

Prepare: number of updated asset objects reloaded= 0
AssetImportParameters requested are different than current active one (requested -> active):
  custom:container-demuxer-ogg: 62fdf1f143b41e24485cea50d1cbac27 -> 
  custom:scripting/monoscript/fileName/GameCustom.cs: 01a349434af836614ef8402de38aed64 -> 
  custom:container-muxer-webm: aa71ff27fc2769a1b78a27578f13a17b -> 
  custom:video-decoder-webm-vp8: 9c59270c3fd7afecdb556c50c9e8de78 -> 
  custom:SearchIndexIgnoredProperties: e643bd26f0fe6173181afceb89e7c659 -> 
  custom:AudioImporter_EditorPlatform: 3918e3fc78b5a79bad01e8451be0beb8 -> 
  custom:audio-decoder-ogg-vorbis: bf7c407c2cedff20999df2af8eb42d56 -> 
  custom:audio-encoder-webm-vorbis: bf7c407c2cedff20999df2af8eb42d56 -> 
  custom:scripting/precompiled-assembly-types:Assembly-CSharp: 86b54c10fa7313a67d3854f26ea0d0b8 -> dd865f2bf1c65a1c7720113f429c2ed7
  custom:video-decoder-ogg-theora: a1e56fd34408186e4bbccfd4996cb3dc -> 
  custom:CustomObjectIndexerAttribute: 9a22284fe3817be447336de3de66b15e -> 
  custom:container-demuxer-webm: 4f35f7cbe854078d1ac9338744f61a02 -> 
  custom:framework-osx-AVFoundation: e770b220cccbd017edd2c1fefb359320 -> 
  custom:video-encoder-webm-vp8: eb34c28f22e8b96e1ab97ce403110664 -> 
========================================================================
Received Prepare
Caller must complete domain reload
Begin MonoManager ReloadAssembly
Thread 0x16b5c3000 may have been prematurely finalized
Symbol file LoadedFromMemory is not a mono symbol file
- Loaded All Assemblies, in  0.525 seconds
Native extension for Android target not found
Native extension for OSXStandalone target not found
Native extension for WebGL target not found
[Package Manager] Server::EnsureServerProcessIsRunning -- launch failed, reason: Unity was launched with the -noUpm command-line argument
[Package Manager] UpmClient::Send -- Unable to send message (not connected to UPM process).
[Package Manager] Cannot connect to Unity Package Manager local server
[Package Manager] Server::EnsureServerProcessIsRunning -- launch failed, reason: Unity was launched with the -noUpm command-line argument
[Package Manager] UpmClient::Send -- Unable to send message (not connected to UPM process).
[Package Manager] Cannot connect to Unity Package Manager local server
Mono: successfully reloaded assembly
- Finished resetting the current domain, in  1.361 seconds
Domain Reload Profiling: 1886ms
	BeginReloadAssembly (122ms)
		ExecutionOrderSort (0ms)
		DisableScriptedObjects (8ms)
		BackupInstance (0ms)
		ReleaseScriptingObjects (0ms)
		CreateAndSetChildDomain (50ms)
	RebuildCommonClasses (20ms)
	RebuildNativeTypeToScriptingClass (8ms)
	initialDomainReloadingComplete (24ms)
	LoadAllAssembliesAndSetupDomain (352ms)
		LoadAssemblies (305ms)
		RebuildTransferFunctionScriptingTraits (0ms)
		AnalyzeDomain (80ms)
			TypeCache.Refresh (56ms)
				TypeCache.ScanAssembly (18ms)
			ScanForSourceGeneratedMonoScriptInfo (13ms)
			ResolveRequiredComponents (10ms)
	FinalizeReload (1361ms)
		ReleaseScriptCaches (0ms)
		RebuildScriptCaches (0ms)
		SetupLoadedEditorAssemblies (484ms)
			LogAssemblyErrors (1ms)
			InitializePlatformSupportModulesInManaged (13ms)
			SetLoadedEditorAssemblies (5ms)
			RefreshPlugins (0ms)
			BeforeProcessingInitializeOnLoad (54ms)
			ProcessInitializeOnLoadAttributes (379ms)
			ProcessInitializeOnLoadMethodAttributes (30ms)
			AfterProcessingInitializeOnLoad (1ms)
			EditorAssembliesLoaded (0ms)
		ExecutionOrderSort2 (0ms)
		AwakeInstancesAfterBackupRestoration (7ms)
Shader 'TextMeshPro/Distance Field (UIHsvModifier)': fallback shader 'TextMeshPro/Mobile/Distance Field (UIHsv)' not found
Shader 'TextMeshPro/Distance Field (UIHsvModifier)': fallback shader 'TextMeshPro/Mobile/Distance Field (UIHsv)' not found
Refreshing native plugins compatible for Editor in 6.39 ms, found 3 plugins.
Preloading 0 native plugins for Editor in 0.00 ms.
Unloading 6644 Unused Serialized files (Serialized files now loaded: 0)
Unloading 70 unused Assets / (1.9 MB). Loaded Objects now: 7761.
Memory consumption went from 1.26 GB to 1.26 GB.
Total: 4.941375 ms (FindLiveObjects: 0.325750 ms CreateObjectMapping: 0.093208 ms MarkObjects: 3.476625 ms  DeleteObjects: 1.045208 ms)

Prepare: number of updated asset objects reloaded= 0
AssetImportParameters requested are different than current active one (requested -> active):
  custom:container-demuxer-ogg: 62fdf1f143b41e24485cea50d1cbac27 -> 
  custom:scripting/monoscript/fileName/GameCustom.cs: 01a349434af836614ef8402de38aed64 -> 
  custom:container-muxer-webm: aa71ff27fc2769a1b78a27578f13a17b -> 
  custom:video-decoder-webm-vp8: 9c59270c3fd7afecdb556c50c9e8de78 -> 
  custom:SearchIndexIgnoredProperties: e643bd26f0fe6173181afceb89e7c659 -> 
  custom:AudioImporter_EditorPlatform: 3918e3fc78b5a79bad01e8451be0beb8 -> 
  custom:audio-decoder-ogg-vorbis: bf7c407c2cedff20999df2af8eb42d56 -> 
  custom:audio-encoder-webm-vorbis: bf7c407c2cedff20999df2af8eb42d56 -> 
  custom:scripting/precompiled-assembly-types:Assembly-CSharp: 86b54c10fa7313a67d3854f26ea0d0b8 -> dd865f2bf1c65a1c7720113f429c2ed7
  custom:video-decoder-ogg-theora: a1e56fd34408186e4bbccfd4996cb3dc -> 
  custom:CustomObjectIndexerAttribute: 9a22284fe3817be447336de3de66b15e -> 
  custom:container-demuxer-webm: 4f35f7cbe854078d1ac9338744f61a02 -> 
  custom:framework-osx-AVFoundation: e770b220cccbd017edd2c1fefb359320 -> 
  custom:video-encoder-webm-vp8: eb34c28f22e8b96e1ab97ce403110664 -> 
========================================================================
Received Prepare
Caller must complete domain reload
Begin MonoManager ReloadAssembly
Thread 0x16b5c3000 may have been prematurely finalized
Symbol file LoadedFromMemory is not a mono symbol file
- Loaded All Assemblies, in  0.530 seconds
Native extension for Android target not found
Native extension for OSXStandalone target not found
Native extension for WebGL target not found
[Package Manager] Server::EnsureServerProcessIsRunning -- launch failed, reason: Unity was launched with the -noUpm command-line argument
[Package Manager] UpmClient::Send -- Unable to send message (not connected to UPM process).
[Package Manager] Cannot connect to Unity Package Manager local server
[Package Manager] Server::EnsureServerProcessIsRunning -- launch failed, reason: Unity was launched with the -noUpm command-line argument
[Package Manager] UpmClient::Send -- Unable to send message (not connected to UPM process).
[Package Manager] Cannot connect to Unity Package Manager local server
Mono: successfully reloaded assembly
- Finished resetting the current domain, in  1.225 seconds
Domain Reload Profiling: 1757ms
	BeginReloadAssembly (131ms)
		ExecutionOrderSort (0ms)
		DisableScriptedObjects (14ms)
		BackupInstance (0ms)
		ReleaseScriptingObjects (0ms)
		CreateAndSetChildDomain (52ms)
	RebuildCommonClasses (21ms)
	RebuildNativeTypeToScriptingClass (8ms)
	initialDomainReloadingComplete (23ms)
	LoadAllAssembliesAndSetupDomain (348ms)
		LoadAssemblies (343ms)
		RebuildTransferFunctionScriptingTraits (0ms)
		AnalyzeDomain (40ms)
			TypeCache.Refresh (31ms)
				TypeCache.ScanAssembly (0ms)
			ScanForSourceGeneratedMonoScriptInfo (0ms)
			ResolveRequiredComponents (8ms)
	FinalizeReload (1226ms)
		ReleaseScriptCaches (0ms)
		RebuildScriptCaches (0ms)
		SetupLoadedEditorAssemblies (529ms)
			LogAssemblyErrors (0ms)
			InitializePlatformSupportModulesInManaged (10ms)
			SetLoadedEditorAssemblies (4ms)
			RefreshPlugins (0ms)
			BeforeProcessingInitializeOnLoad (53ms)
			ProcessInitializeOnLoadAttributes (422ms)
			ProcessInitializeOnLoadMethodAttributes (38ms)
			AfterProcessingInitializeOnLoad (1ms)
			EditorAssembliesLoaded (0ms)
		ExecutionOrderSort2 (0ms)
		AwakeInstancesAfterBackupRestoration (6ms)
Shader 'TextMeshPro/Distance Field (UIHsvModifier)': fallback shader 'TextMeshPro/Mobile/Distance Field (UIHsv)' not found
Shader 'TextMeshPro/Distance Field (UIHsvModifier)': fallback shader 'TextMeshPro/Mobile/Distance Field (UIHsv)' not found
Refreshing native plugins compatible for Editor in 9.76 ms, found 3 plugins.
Preloading 0 native plugins for Editor in 0.00 ms.
Unloading 6644 Unused Serialized files (Serialized files now loaded: 0)
Unloading 70 unused Assets / (1.8 MB). Loaded Objects now: 7765.
Memory consumption went from 1.27 GB to 1.27 GB.
Total: 8.348625 ms (FindLiveObjects: 0.307375 ms CreateObjectMapping: 0.104542 ms MarkObjects: 6.339208 ms  DeleteObjects: 1.595667 ms)

Prepare: number of updated asset objects reloaded= 0
AssetImportParameters requested are different than current active one (requested -> active):
  custom:container-demuxer-ogg: 62fdf1f143b41e24485cea50d1cbac27 -> 
  custom:scripting/monoscript/fileName/GameCustom.cs: 01a349434af836614ef8402de38aed64 -> 
  custom:container-muxer-webm: aa71ff27fc2769a1b78a27578f13a17b -> 
  custom:video-decoder-webm-vp8: 9c59270c3fd7afecdb556c50c9e8de78 -> 
  custom:SearchIndexIgnoredProperties: e643bd26f0fe6173181afceb89e7c659 -> 
  custom:AudioImporter_EditorPlatform: 3918e3fc78b5a79bad01e8451be0beb8 -> 
  custom:audio-decoder-ogg-vorbis: bf7c407c2cedff20999df2af8eb42d56 -> 
  custom:audio-encoder-webm-vorbis: bf7c407c2cedff20999df2af8eb42d56 -> 
  custom:scripting/precompiled-assembly-types:Assembly-CSharp: 86b54c10fa7313a67d3854f26ea0d0b8 -> dd865f2bf1c65a1c7720113f429c2ed7
  custom:video-decoder-ogg-theora: a1e56fd34408186e4bbccfd4996cb3dc -> 
  custom:CustomObjectIndexerAttribute: 9a22284fe3817be447336de3de66b15e -> 
  custom:container-demuxer-webm: 4f35f7cbe854078d1ac9338744f61a02 -> 
  custom:framework-osx-AVFoundation: e770b220cccbd017edd2c1fefb359320 -> 
  custom:video-encoder-webm-vp8: eb34c28f22e8b96e1ab97ce403110664 -> 
========================================================================
Received Prepare
Caller must complete domain reload
Begin MonoManager ReloadAssembly
Thread 0x16b5c3000 may have been prematurely finalized
Symbol file LoadedFromMemory is not a mono symbol file
- Loaded All Assemblies, in  0.529 seconds
Native extension for Android target not found
Native extension for OSXStandalone target not found
Native extension for WebGL target not found
[Package Manager] Server::EnsureServerProcessIsRunning -- launch failed, reason: Unity was launched with the -noUpm command-line argument
[Package Manager] UpmClient::Send -- Unable to send message (not connected to UPM process).
[Package Manager] Cannot connect to Unity Package Manager local server
[Package Manager] Server::EnsureServerProcessIsRunning -- launch failed, reason: Unity was launched with the -noUpm command-line argument
[Package Manager] UpmClient::Send -- Unable to send message (not connected to UPM process).
[Package Manager] Cannot connect to Unity Package Manager local server
Mono: successfully reloaded assembly
- Finished resetting the current domain, in  1.218 seconds
Domain Reload Profiling: 1747ms
	BeginReloadAssembly (145ms)
		ExecutionOrderSort (0ms)
		DisableScriptedObjects (9ms)
		BackupInstance (0ms)
		ReleaseScriptingObjects (0ms)
		CreateAndSetChildDomain (63ms)
	RebuildCommonClasses (21ms)
	RebuildNativeTypeToScriptingClass (8ms)
	initialDomainReloadingComplete (22ms)
	LoadAllAssembliesAndSetupDomain (333ms)
		LoadAssemblies (312ms)
		RebuildTransferFunctionScriptingTraits (0ms)
		AnalyzeDomain (63ms)
			TypeCache.Refresh (39ms)
				TypeCache.ScanAssembly (13ms)
			ScanForSourceGeneratedMonoScriptInfo (13ms)
			ResolveRequiredComponents (9ms)
	FinalizeReload (1218ms)
		ReleaseScriptCaches (0ms)
		RebuildScriptCaches (0ms)
		SetupLoadedEditorAssemblies (487ms)
			LogAssemblyErrors (0ms)
			InitializePlatformSupportModulesInManaged (10ms)
			SetLoadedEditorAssemblies (5ms)
			RefreshPlugins (0ms)
			BeforeProcessingInitializeOnLoad (53ms)
			ProcessInitializeOnLoadAttributes (387ms)
			ProcessInitializeOnLoadMethodAttributes (29ms)
			AfterProcessingInitializeOnLoad (1ms)
			EditorAssembliesLoaded (1ms)
		ExecutionOrderSort2 (0ms)
		AwakeInstancesAfterBackupRestoration (6ms)
Shader 'TextMeshPro/Distance Field (UIHsvModifier)': fallback shader 'TextMeshPro/Mobile/Distance Field (UIHsv)' not found
Shader 'TextMeshPro/Distance Field (UIHsvModifier)': fallback shader 'TextMeshPro/Mobile/Distance Field (UIHsv)' not found
Refreshing native plugins compatible for Editor in 25.13 ms, found 3 plugins.
Preloading 0 native plugins for Editor in 0.00 ms.
Unloading 6644 Unused Serialized files (Serialized files now loaded: 0)
Unloading 70 unused Assets / (1.9 MB). Loaded Objects now: 7769.
Memory consumption went from 1.28 GB to 1.28 GB.
Total: 4.731083 ms (FindLiveObjects: 0.354667 ms CreateObjectMapping: 0.105083 ms MarkObjects: 3.316708 ms  DeleteObjects: 0.953833 ms)

Prepare: number of updated asset objects reloaded= 0
AssetImportParameters requested are different than current active one (requested -> active):
  custom:container-demuxer-ogg: 62fdf1f143b41e24485cea50d1cbac27 -> 
  custom:scripting/monoscript/fileName/GameCustom.cs: 01a349434af836614ef8402de38aed64 -> 
  custom:container-muxer-webm: aa71ff27fc2769a1b78a27578f13a17b -> 
  custom:video-decoder-webm-vp8: 9c59270c3fd7afecdb556c50c9e8de78 -> 
  custom:SearchIndexIgnoredProperties: e643bd26f0fe6173181afceb89e7c659 -> 
  custom:AudioImporter_EditorPlatform: 3918e3fc78b5a79bad01e8451be0beb8 -> 
  custom:audio-decoder-ogg-vorbis: bf7c407c2cedff20999df2af8eb42d56 -> 
  custom:audio-encoder-webm-vorbis: bf7c407c2cedff20999df2af8eb42d56 -> 
  custom:scripting/precompiled-assembly-types:Assembly-CSharp: 86b54c10fa7313a67d3854f26ea0d0b8 -> dd865f2bf1c65a1c7720113f429c2ed7
  custom:video-decoder-ogg-theora: a1e56fd34408186e4bbccfd4996cb3dc -> 
  custom:CustomObjectIndexerAttribute: 9a22284fe3817be447336de3de66b15e -> 
  custom:container-demuxer-webm: 4f35f7cbe854078d1ac9338744f61a02 -> 
  custom:framework-osx-AVFoundation: e770b220cccbd017edd2c1fefb359320 -> 
  custom:video-encoder-webm-vp8: eb34c28f22e8b96e1ab97ce403110664 -> 
========================================================================
Received Prepare
Caller must complete domain reload
Begin MonoManager ReloadAssembly
Thread 0x16b5c3000 may have been prematurely finalized
Symbol file LoadedFromMemory is not a mono symbol file
- Loaded All Assemblies, in  0.527 seconds
Native extension for Android target not found
Native extension for OSXStandalone target not found
Native extension for WebGL target not found
[Package Manager] Server::EnsureServerProcessIsRunning -- launch failed, reason: Unity was launched with the -noUpm command-line argument
[Package Manager] UpmClient::Send -- Unable to send message (not connected to UPM process).
[Package Manager] Cannot connect to Unity Package Manager local server
[Package Manager] Server::EnsureServerProcessIsRunning -- launch failed, reason: Unity was launched with the -noUpm command-line argument
[Package Manager] UpmClient::Send -- Unable to send message (not connected to UPM process).
[Package Manager] Cannot connect to Unity Package Manager local server
Mono: successfully reloaded assembly
- Finished resetting the current domain, in  1.327 seconds
Domain Reload Profiling: 1856ms
	BeginReloadAssembly (141ms)
		ExecutionOrderSort (0ms)
		DisableScriptedObjects (13ms)
		BackupInstance (0ms)
		ReleaseScriptingObjects (0ms)
		CreateAndSetChildDomain (57ms)
	RebuildCommonClasses (21ms)
	RebuildNativeTypeToScriptingClass (8ms)
	initialDomainReloadingComplete (26ms)
	LoadAllAssembliesAndSetupDomain (332ms)
		LoadAssemblies (329ms)
		RebuildTransferFunctionScriptingTraits (0ms)
		AnalyzeDomain (41ms)
			TypeCache.Refresh (29ms)
				TypeCache.ScanAssembly (0ms)
			ScanForSourceGeneratedMonoScriptInfo (0ms)
			ResolveRequiredComponents (11ms)
	FinalizeReload (1328ms)
		ReleaseScriptCaches (0ms)
		RebuildScriptCaches (0ms)
		SetupLoadedEditorAssemblies (654ms)
			LogAssemblyErrors (0ms)
			InitializePlatformSupportModulesInManaged (13ms)
			SetLoadedEditorAssemblies (6ms)
			RefreshPlugins (0ms)
			BeforeProcessingInitializeOnLoad (64ms)
			ProcessInitializeOnLoadAttributes (533ms)
			ProcessInitializeOnLoadMethodAttributes (36ms)
			AfterProcessingInitializeOnLoad (1ms)
			EditorAssembliesLoaded (1ms)
		ExecutionOrderSort2 (0ms)
		AwakeInstancesAfterBackupRestoration (6ms)
Shader 'TextMeshPro/Distance Field (UIHsvModifier)': fallback shader 'TextMeshPro/Mobile/Distance Field (UIHsv)' not found
Shader 'TextMeshPro/Distance Field (UIHsvModifier)': fallback shader 'TextMeshPro/Mobile/Distance Field (UIHsv)' not found
Refreshing native plugins compatible for Editor in 9.76 ms, found 3 plugins.
Preloading 0 native plugins for Editor in 0.00 ms.
Unloading 6644 Unused Serialized files (Serialized files now loaded: 0)
Unloading 70 unused Assets / (1.9 MB). Loaded Objects now: 7773.
Memory consumption went from 1.29 GB to 1.29 GB.
Total: 8.876583 ms (FindLiveObjects: 0.459750 ms CreateObjectMapping: 0.146000 ms MarkObjects: 7.126834 ms  DeleteObjects: 1.143375 ms)

Prepare: number of updated asset objects reloaded= 0
AssetImportParameters requested are different than current active one (requested -> active):
  custom:container-demuxer-ogg: 62fdf1f143b41e24485cea50d1cbac27 -> 
  custom:scripting/monoscript/fileName/GameCustom.cs: 01a349434af836614ef8402de38aed64 -> 
  custom:container-muxer-webm: aa71ff27fc2769a1b78a27578f13a17b -> 
  custom:video-decoder-webm-vp8: 9c59270c3fd7afecdb556c50c9e8de78 -> 
  custom:SearchIndexIgnoredProperties: e643bd26f0fe6173181afceb89e7c659 -> 
  custom:AudioImporter_EditorPlatform: 3918e3fc78b5a79bad01e8451be0beb8 -> 
  custom:audio-decoder-ogg-vorbis: bf7c407c2cedff20999df2af8eb42d56 -> 
  custom:audio-encoder-webm-vorbis: bf7c407c2cedff20999df2af8eb42d56 -> 
  custom:scripting/precompiled-assembly-types:Assembly-CSharp: 86b54c10fa7313a67d3854f26ea0d0b8 -> dd865f2bf1c65a1c7720113f429c2ed7
  custom:video-decoder-ogg-theora: a1e56fd34408186e4bbccfd4996cb3dc -> 
  custom:CustomObjectIndexerAttribute: 9a22284fe3817be447336de3de66b15e -> 
  custom:container-demuxer-webm: 4f35f7cbe854078d1ac9338744f61a02 -> 
  custom:framework-osx-AVFoundation: e770b220cccbd017edd2c1fefb359320 -> 
  custom:video-encoder-webm-vp8: eb34c28f22e8b96e1ab97ce403110664 -> 
========================================================================
Received Prepare
Caller must complete domain reload
Begin MonoManager ReloadAssembly
Thread 0x16b5c3000 may have been prematurely finalized
Symbol file LoadedFromMemory is not a mono symbol file
- Loaded All Assemblies, in  1.011 seconds
Native extension for Android target not found
Native extension for OSXStandalone target not found
Native extension for WebGL target not found
[Package Manager] Server::EnsureServerProcessIsRunning -- launch failed, reason: Unity was launched with the -noUpm command-line argument
[Package Manager] UpmClient::Send -- Unable to send message (not connected to UPM process).
[Package Manager] Cannot connect to Unity Package Manager local server
[Package Manager] Server::EnsureServerProcessIsRunning -- launch failed, reason: Unity was launched with the -noUpm command-line argument
[Package Manager] UpmClient::Send -- Unable to send message (not connected to UPM process).
[Package Manager] Cannot connect to Unity Package Manager local server
Mono: successfully reloaded assembly
- Finished resetting the current domain, in  1.344 seconds
Domain Reload Profiling: 2356ms
	BeginReloadAssembly (373ms)
		ExecutionOrderSort (0ms)
		DisableScriptedObjects (36ms)
		BackupInstance (0ms)
		ReleaseScriptingObjects (0ms)
		CreateAndSetChildDomain (136ms)
	RebuildCommonClasses (23ms)
	RebuildNativeTypeToScriptingClass (8ms)
	initialDomainReloadingComplete (27ms)
	LoadAllAssembliesAndSetupDomain (581ms)
		LoadAssemblies (625ms)
		RebuildTransferFunctionScriptingTraits (0ms)
		AnalyzeDomain (94ms)
			TypeCache.Refresh (54ms)
				TypeCache.ScanAssembly (21ms)
			ScanForSourceGeneratedMonoScriptInfo (26ms)
			ResolveRequiredComponents (13ms)
	FinalizeReload (1344ms)
		ReleaseScriptCaches (0ms)
		RebuildScriptCaches (0ms)
		SetupLoadedEditorAssemblies (462ms)
			LogAssemblyErrors (0ms)
			InitializePlatformSupportModulesInManaged (10ms)
			SetLoadedEditorAssemblies (4ms)
			RefreshPlugins (0ms)
			BeforeProcessingInitializeOnLoad (51ms)
			ProcessInitializeOnLoadAttributes (367ms)
			ProcessInitializeOnLoadMethodAttributes (29ms)
			AfterProcessingInitializeOnLoad (1ms)
			EditorAssembliesLoaded (1ms)
		ExecutionOrderSort2 (0ms)
		AwakeInstancesAfterBackupRestoration (7ms)
Shader 'TextMeshPro/Distance Field (UIHsvModifier)': fallback shader 'TextMeshPro/Mobile/Distance Field (UIHsv)' not found
Shader 'TextMeshPro/Distance Field (UIHsvModifier)': fallback shader 'TextMeshPro/Mobile/Distance Field (UIHsv)' not found
Refreshing native plugins compatible for Editor in 6.76 ms, found 3 plugins.
Preloading 0 native plugins for Editor in 0.00 ms.
Unloading 6644 Unused Serialized files (Serialized files now loaded: 0)
Unloading 70 unused Assets / (1.9 MB). Loaded Objects now: 7777.
Memory consumption went from 1.30 GB to 1.30 GB.
Total: 4.804250 ms (FindLiveObjects: 0.306708 ms CreateObjectMapping: 0.095959 ms MarkObjects: 3.304833 ms  DeleteObjects: 1.095208 ms)

Prepare: number of updated asset objects reloaded= 0
AssetImportParameters requested are different than current active one (requested -> active):
  custom:container-demuxer-ogg: 62fdf1f143b41e24485cea50d1cbac27 -> 
  custom:scripting/monoscript/fileName/GameCustom.cs: 01a349434af836614ef8402de38aed64 -> 
  custom:container-muxer-webm: aa71ff27fc2769a1b78a27578f13a17b -> 
  custom:video-decoder-webm-vp8: 9c59270c3fd7afecdb556c50c9e8de78 -> 
  custom:SearchIndexIgnoredProperties: e643bd26f0fe6173181afceb89e7c659 -> 
  custom:AudioImporter_EditorPlatform: 3918e3fc78b5a79bad01e8451be0beb8 -> 
  custom:audio-decoder-ogg-vorbis: bf7c407c2cedff20999df2af8eb42d56 -> 
  custom:audio-encoder-webm-vorbis: bf7c407c2cedff20999df2af8eb42d56 -> 
  custom:scripting/precompiled-assembly-types:Assembly-CSharp: 86b54c10fa7313a67d3854f26ea0d0b8 -> dd865f2bf1c65a1c7720113f429c2ed7
  custom:video-decoder-ogg-theora: a1e56fd34408186e4bbccfd4996cb3dc -> 
  custom:CustomObjectIndexerAttribute: 9a22284fe3817be447336de3de66b15e -> 
  custom:container-demuxer-webm: 4f35f7cbe854078d1ac9338744f61a02 -> 
  custom:framework-osx-AVFoundation: e770b220cccbd017edd2c1fefb359320 -> 
  custom:video-encoder-webm-vp8: eb34c28f22e8b96e1ab97ce403110664 -> 
========================================================================
Received Prepare
Caller must complete domain reload
Begin MonoManager ReloadAssembly
Thread 0x16b5c3000 may have been prematurely finalized
Symbol file LoadedFromMemory is not a mono symbol file
- Loaded All Assemblies, in  0.490 seconds
Native extension for Android target not found
Native extension for OSXStandalone target not found
Native extension for WebGL target not found
[Package Manager] Server::EnsureServerProcessIsRunning -- launch failed, reason: Unity was launched with the -noUpm command-line argument
[Package Manager] UpmClient::Send -- Unable to send message (not connected to UPM process).
[Package Manager] Cannot connect to Unity Package Manager local server
[Package Manager] Server::EnsureServerProcessIsRunning -- launch failed, reason: Unity was launched with the -noUpm command-line argument
[Package Manager] UpmClient::Send -- Unable to send message (not connected to UPM process).
[Package Manager] Cannot connect to Unity Package Manager local server
Mono: successfully reloaded assembly
- Finished resetting the current domain, in  1.323 seconds
Domain Reload Profiling: 1816ms
	BeginReloadAssembly (130ms)
		ExecutionOrderSort (0ms)
		DisableScriptedObjects (10ms)
		BackupInstance (0ms)
		ReleaseScriptingObjects (0ms)
		CreateAndSetChildDomain (55ms)
	RebuildCommonClasses (22ms)
	RebuildNativeTypeToScriptingClass (8ms)
	initialDomainReloadingComplete (19ms)
	LoadAllAssembliesAndSetupDomain (312ms)
		LoadAssemblies (313ms)
		RebuildTransferFunctionScriptingTraits (0ms)
		AnalyzeDomain (36ms)
			TypeCache.Refresh (27ms)
				TypeCache.ScanAssembly (0ms)
			ScanForSourceGeneratedMonoScriptInfo (0ms)
			ResolveRequiredComponents (8ms)
	FinalizeReload (1325ms)
		ReleaseScriptCaches (0ms)
		RebuildScriptCaches (0ms)
		SetupLoadedEditorAssemblies (553ms)
			LogAssemblyErrors (0ms)
			InitializePlatformSupportModulesInManaged (11ms)
			SetLoadedEditorAssemblies (5ms)
			RefreshPlugins (0ms)
			BeforeProcessingInitializeOnLoad (58ms)
			ProcessInitializeOnLoadAttributes (436ms)
			ProcessInitializeOnLoadMethodAttributes (41ms)
			AfterProcessingInitializeOnLoad (1ms)
			EditorAssembliesLoaded (1ms)
		ExecutionOrderSort2 (0ms)
		AwakeInstancesAfterBackupRestoration (7ms)
Shader 'TextMeshPro/Distance Field (UIHsvModifier)': fallback shader 'TextMeshPro/Mobile/Distance Field (UIHsv)' not found
Shader 'TextMeshPro/Distance Field (UIHsvModifier)': fallback shader 'TextMeshPro/Mobile/Distance Field (UIHsv)' not found
Refreshing native plugins compatible for Editor in 9.60 ms, found 3 plugins.
Preloading 0 native plugins for Editor in 0.00 ms.
Unloading 6644 Unused Serialized files (Serialized files now loaded: 0)
Unloading 70 unused Assets / (1.9 MB). Loaded Objects now: 7781.
Memory consumption went from 1.31 GB to 1.31 GB.
Total: 12.677166 ms (FindLiveObjects: 0.528917 ms CreateObjectMapping: 0.117041 ms MarkObjects: 10.852584 ms  DeleteObjects: 1.177125 ms)

Prepare: number of updated asset objects reloaded= 0
AssetImportParameters requested are different than current active one (requested -> active):
  custom:container-demuxer-ogg: 62fdf1f143b41e24485cea50d1cbac27 -> 
  custom:scripting/monoscript/fileName/GameCustom.cs: 01a349434af836614ef8402de38aed64 -> 
  custom:container-muxer-webm: aa71ff27fc2769a1b78a27578f13a17b -> 
  custom:video-decoder-webm-vp8: 9c59270c3fd7afecdb556c50c9e8de78 -> 
  custom:SearchIndexIgnoredProperties: e643bd26f0fe6173181afceb89e7c659 -> 
  custom:AudioImporter_EditorPlatform: 3918e3fc78b5a79bad01e8451be0beb8 -> 
  custom:audio-decoder-ogg-vorbis: bf7c407c2cedff20999df2af8eb42d56 -> 
  custom:audio-encoder-webm-vorbis: bf7c407c2cedff20999df2af8eb42d56 -> 
  custom:scripting/precompiled-assembly-types:Assembly-CSharp: 86b54c10fa7313a67d3854f26ea0d0b8 -> dd865f2bf1c65a1c7720113f429c2ed7
  custom:video-decoder-ogg-theora: a1e56fd34408186e4bbccfd4996cb3dc -> 
  custom:CustomObjectIndexerAttribute: 9a22284fe3817be447336de3de66b15e -> 
  custom:container-demuxer-webm: 4f35f7cbe854078d1ac9338744f61a02 -> 
  custom:framework-osx-AVFoundation: e770b220cccbd017edd2c1fefb359320 -> 
  custom:video-encoder-webm-vp8: eb34c28f22e8b96e1ab97ce403110664 -> 
========================================================================
Received Prepare
Caller must complete domain reload
Begin MonoManager ReloadAssembly
Thread 0x16b5c3000 may have been prematurely finalized
Symbol file LoadedFromMemory is not a mono symbol file
- Loaded All Assemblies, in  0.876 seconds
Native extension for Android target not found
Native extension for OSXStandalone target not found
Native extension for WebGL target not found
[Package Manager] Server::EnsureServerProcessIsRunning -- launch failed, reason: Unity was launched with the -noUpm command-line argument
[Package Manager] UpmClient::Send -- Unable to send message (not connected to UPM process).
[Package Manager] Cannot connect to Unity Package Manager local server
[Package Manager] Server::EnsureServerProcessIsRunning -- launch failed, reason: Unity was launched with the -noUpm command-line argument
[Package Manager] UpmClient::Send -- Unable to send message (not connected to UPM process).
[Package Manager] Cannot connect to Unity Package Manager local server
Mono: successfully reloaded assembly
- Finished resetting the current domain, in  1.648 seconds
Domain Reload Profiling: 2525ms
	BeginReloadAssembly (316ms)
		ExecutionOrderSort (0ms)
		DisableScriptedObjects (25ms)
		BackupInstance (0ms)
		ReleaseScriptingObjects (2ms)
		CreateAndSetChildDomain (108ms)
	RebuildCommonClasses (21ms)
	RebuildNativeTypeToScriptingClass (8ms)
	initialDomainReloadingComplete (25ms)
	LoadAllAssembliesAndSetupDomain (508ms)
		LoadAssemblies (532ms)
		RebuildTransferFunctionScriptingTraits (0ms)
		AnalyzeDomain (91ms)
			TypeCache.Refresh (41ms)
				TypeCache.ScanAssembly (11ms)
			ScanForSourceGeneratedMonoScriptInfo (22ms)
			ResolveRequiredComponents (27ms)
	FinalizeReload (1648ms)
		ReleaseScriptCaches (0ms)
		RebuildScriptCaches (0ms)
		SetupLoadedEditorAssemblies (492ms)
			LogAssemblyErrors (0ms)
			InitializePlatformSupportModulesInManaged (10ms)
			SetLoadedEditorAssemblies (6ms)
			RefreshPlugins (0ms)
			BeforeProcessingInitializeOnLoad (56ms)
			ProcessInitializeOnLoadAttributes (387ms)
			ProcessInitializeOnLoadMethodAttributes (31ms)
			AfterProcessingInitializeOnLoad (1ms)
			EditorAssembliesLoaded (1ms)
		ExecutionOrderSort2 (0ms)
		AwakeInstancesAfterBackupRestoration (9ms)
Shader 'TextMeshPro/Distance Field (UIHsvModifier)': fallback shader 'TextMeshPro/Mobile/Distance Field (UIHsv)' not found
Shader 'TextMeshPro/Distance Field (UIHsvModifier)': fallback shader 'TextMeshPro/Mobile/Distance Field (UIHsv)' not found
Refreshing native plugins compatible for Editor in 28.24 ms, found 3 plugins.
Preloading 0 native plugins for Editor in 0.00 ms.
Unloading 6644 Unused Serialized files (Serialized files now loaded: 0)
Unloading 70 unused Assets / (1.9 MB). Loaded Objects now: 7785.
Memory consumption went from 1.32 GB to 1.31 GB.
Total: 6.394000 ms (FindLiveObjects: 0.538000 ms CreateObjectMapping: 0.116166 ms MarkObjects: 4.706458 ms  DeleteObjects: 1.032209 ms)

Prepare: number of updated asset objects reloaded= 0
AssetImportParameters requested are different than current active one (requested -> active):
  custom:container-demuxer-ogg: 62fdf1f143b41e24485cea50d1cbac27 -> 
  custom:scripting/monoscript/fileName/GameCustom.cs: 01a349434af836614ef8402de38aed64 -> 
  custom:container-muxer-webm: aa71ff27fc2769a1b78a27578f13a17b -> 
  custom:video-decoder-webm-vp8: 9c59270c3fd7afecdb556c50c9e8de78 -> 
  custom:SearchIndexIgnoredProperties: e643bd26f0fe6173181afceb89e7c659 -> 
  custom:AudioImporter_EditorPlatform: 3918e3fc78b5a79bad01e8451be0beb8 -> 
  custom:audio-decoder-ogg-vorbis: bf7c407c2cedff20999df2af8eb42d56 -> 
  custom:audio-encoder-webm-vorbis: bf7c407c2cedff20999df2af8eb42d56 -> 
  custom:scripting/precompiled-assembly-types:Assembly-CSharp: 86b54c10fa7313a67d3854f26ea0d0b8 -> dd865f2bf1c65a1c7720113f429c2ed7
  custom:video-decoder-ogg-theora: a1e56fd34408186e4bbccfd4996cb3dc -> 
  custom:CustomObjectIndexerAttribute: 9a22284fe3817be447336de3de66b15e -> 
  custom:container-demuxer-webm: 4f35f7cbe854078d1ac9338744f61a02 -> 
  custom:framework-osx-AVFoundation: e770b220cccbd017edd2c1fefb359320 -> 
  custom:video-encoder-webm-vp8: eb34c28f22e8b96e1ab97ce403110664 -> 
========================================================================
Received Prepare
Caller must complete domain reload
Begin MonoManager ReloadAssembly
Thread 0x16b5c3000 may have been prematurely finalized
Symbol file LoadedFromMemory is not a mono symbol file
- Loaded All Assemblies, in  0.566 seconds
Native extension for Android target not found
Native extension for OSXStandalone target not found
Native extension for WebGL target not found
[Package Manager] Server::EnsureServerProcessIsRunning -- launch failed, reason: Unity was launched with the -noUpm command-line argument
[Package Manager] UpmClient::Send -- Unable to send message (not connected to UPM process).
[Package Manager] Cannot connect to Unity Package Manager local server
[Package Manager] Server::EnsureServerProcessIsRunning -- launch failed, reason: Unity was launched with the -noUpm command-line argument
[Package Manager] UpmClient::Send -- Unable to send message (not connected to UPM process).
[Package Manager] Cannot connect to Unity Package Manager local server
Mono: successfully reloaded assembly
- Finished resetting the current domain, in  1.658 seconds
Domain Reload Profiling: 2224ms
	BeginReloadAssembly (159ms)
		ExecutionOrderSort (0ms)
		DisableScriptedObjects (21ms)
		BackupInstance (0ms)
		ReleaseScriptingObjects (0ms)
		CreateAndSetChildDomain (56ms)
	RebuildCommonClasses (21ms)
	RebuildNativeTypeToScriptingClass (8ms)
	initialDomainReloadingComplete (21ms)
	LoadAllAssembliesAndSetupDomain (356ms)
		LoadAssemblies (315ms)
		RebuildTransferFunctionScriptingTraits (0ms)
		AnalyzeDomain (77ms)
			TypeCache.Refresh (55ms)
				TypeCache.ScanAssembly (13ms)
			ScanForSourceGeneratedMonoScriptInfo (12ms)
			ResolveRequiredComponents (8ms)
	FinalizeReload (1658ms)
		ReleaseScriptCaches (0ms)
		RebuildScriptCaches (0ms)
		SetupLoadedEditorAssemblies (493ms)
			LogAssemblyErrors (0ms)
			InitializePlatformSupportModulesInManaged (10ms)
			SetLoadedEditorAssemblies (5ms)
			RefreshPlugins (0ms)
			BeforeProcessingInitializeOnLoad (53ms)
			ProcessInitializeOnLoadAttributes (395ms)
			ProcessInitializeOnLoadMethodAttributes (29ms)
			AfterProcessingInitializeOnLoad (1ms)
			EditorAssembliesLoaded (0ms)
		ExecutionOrderSort2 (0ms)
		AwakeInstancesAfterBackupRestoration (6ms)
Shader 'TextMeshPro/Distance Field (UIHsvModifier)': fallback shader 'TextMeshPro/Mobile/Distance Field (UIHsv)' not found
Shader 'TextMeshPro/Distance Field (UIHsvModifier)': fallback shader 'TextMeshPro/Mobile/Distance Field (UIHsv)' not found
Refreshing native plugins compatible for Editor in 6.67 ms, found 3 plugins.
Preloading 0 native plugins for Editor in 0.00 ms.
Unloading 6644 Unused Serialized files (Serialized files now loaded: 0)
Unloading 70 unused Assets / (1.9 MB). Loaded Objects now: 7789.
Memory consumption went from 1.32 GB to 1.32 GB.
Total: 4.363250 ms (FindLiveObjects: 0.293833 ms CreateObjectMapping: 0.092167 ms MarkObjects: 3.119417 ms  DeleteObjects: 0.857209 ms)

Prepare: number of updated asset objects reloaded= 0
AssetImportParameters requested are different than current active one (requested -> active):
  custom:container-demuxer-ogg: 62fdf1f143b41e24485cea50d1cbac27 -> 
  custom:scripting/monoscript/fileName/GameCustom.cs: 01a349434af836614ef8402de38aed64 -> 
  custom:container-muxer-webm: aa71ff27fc2769a1b78a27578f13a17b -> 
  custom:video-decoder-webm-vp8: 9c59270c3fd7afecdb556c50c9e8de78 -> 
  custom:SearchIndexIgnoredProperties: e643bd26f0fe6173181afceb89e7c659 -> 
  custom:AudioImporter_EditorPlatform: 3918e3fc78b5a79bad01e8451be0beb8 -> 
  custom:audio-decoder-ogg-vorbis: bf7c407c2cedff20999df2af8eb42d56 -> 
  custom:audio-encoder-webm-vorbis: bf7c407c2cedff20999df2af8eb42d56 -> 
  custom:scripting/precompiled-assembly-types:Assembly-CSharp: 86b54c10fa7313a67d3854f26ea0d0b8 -> dd865f2bf1c65a1c7720113f429c2ed7
  custom:video-decoder-ogg-theora: a1e56fd34408186e4bbccfd4996cb3dc -> 
  custom:CustomObjectIndexerAttribute: 9a22284fe3817be447336de3de66b15e -> 
  custom:container-demuxer-webm: 4f35f7cbe854078d1ac9338744f61a02 -> 
  custom:framework-osx-AVFoundation: e770b220cccbd017edd2c1fefb359320 -> 
  custom:video-encoder-webm-vp8: eb34c28f22e8b96e1ab97ce403110664 -> 
========================================================================
Received Prepare
Caller must complete domain reload
Begin MonoManager ReloadAssembly
Thread 0x16b5c3000 may have been prematurely finalized
Symbol file LoadedFromMemory is not a mono symbol file
- Loaded All Assemblies, in  0.569 seconds
Native extension for Android target not found
Native extension for OSXStandalone target not found
Native extension for WebGL target not found
[Package Manager] Server::EnsureServerProcessIsRunning -- launch failed, reason: Unity was launched with the -noUpm command-line argument
[Package Manager] UpmClient::Send -- Unable to send message (not connected to UPM process).
[Package Manager] Cannot connect to Unity Package Manager local server
[Package Manager] Server::EnsureServerProcessIsRunning -- launch failed, reason: Unity was launched with the -noUpm command-line argument
[Package Manager] UpmClient::Send -- Unable to send message (not connected to UPM process).
[Package Manager] Cannot connect to Unity Package Manager local server
Mono: successfully reloaded assembly
- Finished resetting the current domain, in  1.649 seconds
Domain Reload Profiling: 2217ms
	BeginReloadAssembly (160ms)
		ExecutionOrderSort (0ms)
		DisableScriptedObjects (8ms)
		BackupInstance (0ms)
		ReleaseScriptingObjects (0ms)
		CreateAndSetChildDomain (57ms)
	RebuildCommonClasses (22ms)
	RebuildNativeTypeToScriptingClass (9ms)
	initialDomainReloadingComplete (23ms)
	LoadAllAssembliesAndSetupDomain (353ms)
		LoadAssemblies (379ms)
		RebuildTransferFunctionScriptingTraits (0ms)
		AnalyzeDomain (36ms)
			TypeCache.Refresh (26ms)
				TypeCache.ScanAssembly (0ms)
			ScanForSourceGeneratedMonoScriptInfo (0ms)
			ResolveRequiredComponents (9ms)
	FinalizeReload (1650ms)
		ReleaseScriptCaches (0ms)
		RebuildScriptCaches (0ms)
		SetupLoadedEditorAssemblies (635ms)
			LogAssemblyErrors (0ms)
			InitializePlatformSupportModulesInManaged (12ms)
			SetLoadedEditorAssemblies (7ms)
			RefreshPlugins (0ms)
			BeforeProcessingInitializeOnLoad (59ms)
			ProcessInitializeOnLoadAttributes (516ms)
			ProcessInitializeOnLoadMethodAttributes (39ms)
			AfterProcessingInitializeOnLoad (1ms)
			EditorAssembliesLoaded (1ms)
		ExecutionOrderSort2 (0ms)
		AwakeInstancesAfterBackupRestoration (7ms)
Shader 'TextMeshPro/Distance Field (UIHsvModifier)': fallback shader 'TextMeshPro/Mobile/Distance Field (UIHsv)' not found
Shader 'TextMeshPro/Distance Field (UIHsvModifier)': fallback shader 'TextMeshPro/Mobile/Distance Field (UIHsv)' not found
Refreshing native plugins compatible for Editor in 36.16 ms, found 3 plugins.
Preloading 0 native plugins for Editor in 0.00 ms.
Unloading 6644 Unused Serialized files (Serialized files now loaded: 0)
Unloading 70 unused Assets / (1.9 MB). Loaded Objects now: 7793.
Memory consumption went from 1.33 GB to 1.33 GB.
Total: 15.038208 ms (FindLiveObjects: 0.563375 ms CreateObjectMapping: 0.119583 ms MarkObjects: 12.815208 ms  DeleteObjects: 1.538375 ms)

Prepare: number of updated asset objects reloaded= 0
AssetImportParameters requested are different than current active one (requested -> active):
  custom:container-demuxer-ogg: 62fdf1f143b41e24485cea50d1cbac27 -> 
  custom:scripting/monoscript/fileName/GameCustom.cs: 01a349434af836614ef8402de38aed64 -> 
  custom:container-muxer-webm: aa71ff27fc2769a1b78a27578f13a17b -> 
  custom:video-decoder-webm-vp8: 9c59270c3fd7afecdb556c50c9e8de78 -> 
  custom:SearchIndexIgnoredProperties: e643bd26f0fe6173181afceb89e7c659 -> 
  custom:AudioImporter_EditorPlatform: 3918e3fc78b5a79bad01e8451be0beb8 -> 
  custom:audio-decoder-ogg-vorbis: bf7c407c2cedff20999df2af8eb42d56 -> 
  custom:audio-encoder-webm-vorbis: bf7c407c2cedff20999df2af8eb42d56 -> 
  custom:scripting/precompiled-assembly-types:Assembly-CSharp: 86b54c10fa7313a67d3854f26ea0d0b8 -> dd865f2bf1c65a1c7720113f429c2ed7
  custom:video-decoder-ogg-theora: a1e56fd34408186e4bbccfd4996cb3dc -> 
  custom:CustomObjectIndexerAttribute: 9a22284fe3817be447336de3de66b15e -> 
  custom:container-demuxer-webm: 4f35f7cbe854078d1ac9338744f61a02 -> 
  custom:framework-osx-AVFoundation: e770b220cccbd017edd2c1fefb359320 -> 
  custom:video-encoder-webm-vp8: eb34c28f22e8b96e1ab97ce403110664 -> 
========================================================================
Received Prepare
Shader 'TextMeshPro/Distance Field (UIHsvModifier)': fallback shader 'TextMeshPro/Mobile/Distance Field (UIHsv)' not found
Shader 'TextMeshPro/Distance Field (UIHsvModifier)': fallback shader 'TextMeshPro/Mobile/Distance Field (UIHsv)' not found
Refreshing native plugins compatible for Editor in 9.41 ms, found 3 plugins.
Preloading 0 native plugins for Editor in 0.00 ms.
Unloading 32 Unused Serialized files (Serialized files now loaded: 0)
Unloading 32 unused Assets / (1.9 MB). Loaded Objects now: 7793.
Memory consumption went from 1.23 GB to 1.23 GB.
Total: 32.395084 ms (FindLiveObjects: 0.715875 ms CreateObjectMapping: 0.105375 ms MarkObjects: 30.537708 ms  DeleteObjects: 1.035667 ms)

Prepare: number of updated asset objects reloaded= 0
AssetImportParameters requested are different than current active one (requested -> active):
  custom:container-demuxer-ogg: 62fdf1f143b41e24485cea50d1cbac27 -> 
  custom:scripting/monoscript/fileName/GameCustom.cs: 01a349434af836614ef8402de38aed64 -> 
  custom:container-muxer-webm: aa71ff27fc2769a1b78a27578f13a17b -> 
  custom:video-decoder-webm-vp8: 9c59270c3fd7afecdb556c50c9e8de78 -> 
  custom:SearchIndexIgnoredProperties: e643bd26f0fe6173181afceb89e7c659 -> 
  custom:AudioImporter_EditorPlatform: 3918e3fc78b5a79bad01e8451be0beb8 -> 
  custom:audio-decoder-ogg-vorbis: bf7c407c2cedff20999df2af8eb42d56 -> 
  custom:audio-encoder-webm-vorbis: bf7c407c2cedff20999df2af8eb42d56 -> 
  custom:scripting/precompiled-assembly-types:Assembly-CSharp: 86b54c10fa7313a67d3854f26ea0d0b8 -> dd865f2bf1c65a1c7720113f429c2ed7
  custom:video-decoder-ogg-theora: a1e56fd34408186e4bbccfd4996cb3dc -> 
  custom:CustomObjectIndexerAttribute: 9a22284fe3817be447336de3de66b15e -> 
  custom:container-demuxer-webm: 4f35f7cbe854078d1ac9338744f61a02 -> 
  custom:framework-osx-AVFoundation: e770b220cccbd017edd2c1fefb359320 -> 
  custom:video-encoder-webm-vp8: eb34c28f22e8b96e1ab97ce403110664 -> 
========================================================================
Received Prepare
Caller must complete domain reload
Begin MonoManager ReloadAssembly
Thread 0x16b5c3000 may have been prematurely finalized
Symbol file LoadedFromMemory is not a mono symbol file
- Loaded All Assemblies, in  1.109 seconds
Native extension for Android target not found
Native extension for OSXStandalone target not found
Native extension for WebGL target not found
[Package Manager] Server::EnsureServerProcessIsRunning -- launch failed, reason: Unity was launched with the -noUpm command-line argument
[Package Manager] UpmClient::Send -- Unable to send message (not connected to UPM process).
[Package Manager] Cannot connect to Unity Package Manager local server
[Package Manager] Server::EnsureServerProcessIsRunning -- launch failed, reason: Unity was launched with the -noUpm command-line argument
[Package Manager] UpmClient::Send -- Unable to send message (not connected to UPM process).
[Package Manager] Cannot connect to Unity Package Manager local server
Mono: successfully reloaded assembly
- Finished resetting the current domain, in  1.779 seconds
Domain Reload Profiling: 2891ms
	BeginReloadAssembly (232ms)
		ExecutionOrderSort (0ms)
		DisableScriptedObjects (15ms)
		BackupInstance (0ms)
		ReleaseScriptingObjects (0ms)
		CreateAndSetChildDomain (80ms)
	RebuildCommonClasses (23ms)
	RebuildNativeTypeToScriptingClass (8ms)
	initialDomainReloadingComplete (33ms)
	LoadAllAssembliesAndSetupDomain (815ms)
		LoadAssemblies (801ms)
		RebuildTransferFunctionScriptingTraits (0ms)
		AnalyzeDomain (114ms)
			TypeCache.Refresh (82ms)
				TypeCache.ScanAssembly (0ms)
			ScanForSourceGeneratedMonoScriptInfo (0ms)
			ResolveRequiredComponents (31ms)
	FinalizeReload (1779ms)
		ReleaseScriptCaches (0ms)
		RebuildScriptCaches (0ms)
		SetupLoadedEditorAssemblies (535ms)
			LogAssemblyErrors (0ms)
			InitializePlatformSupportModulesInManaged (14ms)
			SetLoadedEditorAssemblies (5ms)
			RefreshPlugins (0ms)
			BeforeProcessingInitializeOnLoad (56ms)
			ProcessInitializeOnLoadAttributes (427ms)
			ProcessInitializeOnLoadMethodAttributes (31ms)
			AfterProcessingInitializeOnLoad (1ms)
			EditorAssembliesLoaded (0ms)
		ExecutionOrderSort2 (0ms)
		AwakeInstancesAfterBackupRestoration (7ms)
Shader 'TextMeshPro/Distance Field (UIHsvModifier)': fallback shader 'TextMeshPro/Mobile/Distance Field (UIHsv)' not found
Shader 'TextMeshPro/Distance Field (UIHsvModifier)': fallback shader 'TextMeshPro/Mobile/Distance Field (UIHsv)' not found
Refreshing native plugins compatible for Editor in 27.78 ms, found 3 plugins.
Preloading 0 native plugins for Editor in 0.00 ms.
Unloading 6644 Unused Serialized files (Serialized files now loaded: 0)
Unloading 70 unused Assets / (1.9 MB). Loaded Objects now: 7797.
Memory consumption went from 1.34 GB to 1.34 GB.
Total: 6.053375 ms (FindLiveObjects: 0.399000 ms CreateObjectMapping: 0.121125 ms MarkObjects: 4.025084 ms  DeleteObjects: 1.507416 ms)

Prepare: number of updated asset objects reloaded= 0
AssetImportParameters requested are different than current active one (requested -> active):
  custom:container-demuxer-ogg: 62fdf1f143b41e24485cea50d1cbac27 -> 
  custom:scripting/monoscript/fileName/GameCustom.cs: 01a349434af836614ef8402de38aed64 -> 
  custom:container-muxer-webm: aa71ff27fc2769a1b78a27578f13a17b -> 
  custom:video-decoder-webm-vp8: 9c59270c3fd7afecdb556c50c9e8de78 -> 
  custom:SearchIndexIgnoredProperties: e643bd26f0fe6173181afceb89e7c659 -> 
  custom:AudioImporter_EditorPlatform: 3918e3fc78b5a79bad01e8451be0beb8 -> 
  custom:audio-decoder-ogg-vorbis: bf7c407c2cedff20999df2af8eb42d56 -> 
  custom:audio-encoder-webm-vorbis: bf7c407c2cedff20999df2af8eb42d56 -> 
  custom:scripting/precompiled-assembly-types:Assembly-CSharp: 86b54c10fa7313a67d3854f26ea0d0b8 -> dd865f2bf1c65a1c7720113f429c2ed7
  custom:video-decoder-ogg-theora: a1e56fd34408186e4bbccfd4996cb3dc -> 
  custom:CustomObjectIndexerAttribute: 9a22284fe3817be447336de3de66b15e -> 
  custom:container-demuxer-webm: 4f35f7cbe854078d1ac9338744f61a02 -> 
  custom:framework-osx-AVFoundation: e770b220cccbd017edd2c1fefb359320 -> 
  custom:video-encoder-webm-vp8: eb34c28f22e8b96e1ab97ce403110664 -> 
========================================================================
Received Prepare
Caller must complete domain reload
Begin MonoManager ReloadAssembly
Thread 0x16b5c3000 may have been prematurely finalized
Symbol file LoadedFromMemory is not a mono symbol file
- Loaded All Assemblies, in  0.513 seconds
Native extension for Android target not found
Native extension for OSXStandalone target not found
Native extension for WebGL target not found
[Package Manager] Server::EnsureServerProcessIsRunning -- launch failed, reason: Unity was launched with the -noUpm command-line argument
[Package Manager] UpmClient::Send -- Unable to send message (not connected to UPM process).
[Package Manager] Cannot connect to Unity Package Manager local server
[Package Manager] Server::EnsureServerProcessIsRunning -- launch failed, reason: Unity was launched with the -noUpm command-line argument
[Package Manager] UpmClient::Send -- Unable to send message (not connected to UPM process).
[Package Manager] Cannot connect to Unity Package Manager local server
Mono: successfully reloaded assembly
- Finished resetting the current domain, in  1.580 seconds
Domain Reload Profiling: 2093ms
	BeginReloadAssembly (145ms)
		ExecutionOrderSort (0ms)
		DisableScriptedObjects (8ms)
		BackupInstance (0ms)
		ReleaseScriptingObjects (0ms)
		CreateAndSetChildDomain (62ms)
	RebuildCommonClasses (21ms)
	RebuildNativeTypeToScriptingClass (8ms)
	initialDomainReloadingComplete (24ms)
	LoadAllAssembliesAndSetupDomain (316ms)
		LoadAssemblies (341ms)
		RebuildTransferFunctionScriptingTraits (0ms)
		AnalyzeDomain (24ms)
			TypeCache.Refresh (16ms)
				TypeCache.ScanAssembly (0ms)
			ScanForSourceGeneratedMonoScriptInfo (0ms)
			ResolveRequiredComponents (8ms)
	FinalizeReload (1580ms)
		ReleaseScriptCaches (0ms)
		RebuildScriptCaches (0ms)
		SetupLoadedEditorAssemblies (637ms)
			LogAssemblyErrors (1ms)
			InitializePlatformSupportModulesInManaged (14ms)
			SetLoadedEditorAssemblies (5ms)
			RefreshPlugins (0ms)
			BeforeProcessingInitializeOnLoad (56ms)
			ProcessInitializeOnLoadAttributes (523ms)
			ProcessInitializeOnLoadMethodAttributes (33ms)
			AfterProcessingInitializeOnLoad (1ms)
			EditorAssembliesLoaded (4ms)
		ExecutionOrderSort2 (0ms)
		AwakeInstancesAfterBackupRestoration (7ms)
Shader 'TextMeshPro/Distance Field (UIHsvModifier)': fallback shader 'TextMeshPro/Mobile/Distance Field (UIHsv)' not found
Shader 'TextMeshPro/Distance Field (UIHsvModifier)': fallback shader 'TextMeshPro/Mobile/Distance Field (UIHsv)' not found
Refreshing native plugins compatible for Editor in 27.63 ms, found 3 plugins.
Preloading 0 native plugins for Editor in 0.00 ms.
Unloading 6644 Unused Serialized files (Serialized files now loaded: 0)
Unloading 70 unused Assets / (1.9 MB). Loaded Objects now: 7801.
Memory consumption went from 1.35 GB to 1.35 GB.
Total: 5.721417 ms (FindLiveObjects: 0.342792 ms CreateObjectMapping: 0.098000 ms MarkObjects: 4.221958 ms  DeleteObjects: 1.058042 ms)

Prepare: number of updated asset objects reloaded= 0
AssetImportParameters requested are different than current active one (requested -> active):
  custom:container-demuxer-ogg: 62fdf1f143b41e24485cea50d1cbac27 -> 
  custom:scripting/monoscript/fileName/GameCustom.cs: 01a349434af836614ef8402de38aed64 -> 
  custom:container-muxer-webm: aa71ff27fc2769a1b78a27578f13a17b -> 
  custom:video-decoder-webm-vp8: 9c59270c3fd7afecdb556c50c9e8de78 -> 
  custom:SearchIndexIgnoredProperties: e643bd26f0fe6173181afceb89e7c659 -> 
  custom:AudioImporter_EditorPlatform: 3918e3fc78b5a79bad01e8451be0beb8 -> 
  custom:audio-decoder-ogg-vorbis: bf7c407c2cedff20999df2af8eb42d56 -> 
  custom:audio-encoder-webm-vorbis: bf7c407c2cedff20999df2af8eb42d56 -> 
  custom:scripting/precompiled-assembly-types:Assembly-CSharp: 86b54c10fa7313a67d3854f26ea0d0b8 -> dd865f2bf1c65a1c7720113f429c2ed7
  custom:video-decoder-ogg-theora: a1e56fd34408186e4bbccfd4996cb3dc -> 
  custom:CustomObjectIndexerAttribute: 9a22284fe3817be447336de3de66b15e -> 
  custom:container-demuxer-webm: 4f35f7cbe854078d1ac9338744f61a02 -> 
  custom:framework-osx-AVFoundation: e770b220cccbd017edd2c1fefb359320 -> 
  custom:video-encoder-webm-vp8: eb34c28f22e8b96e1ab97ce403110664 -> 
========================================================================
Received Prepare
Shader 'TextMeshPro/Distance Field (UIHsvModifier)': fallback shader 'TextMeshPro/Mobile/Distance Field (UIHsv)' not found
Shader 'TextMeshPro/Distance Field (UIHsvModifier)': fallback shader 'TextMeshPro/Mobile/Distance Field (UIHsv)' not found
Refreshing native plugins compatible for Editor in 9.48 ms, found 3 plugins.
Preloading 0 native plugins for Editor in 0.00 ms.
Unloading 32 Unused Serialized files (Serialized files now loaded: 0)
Unloading 32 unused Assets / (1.8 MB). Loaded Objects now: 7801.
Memory consumption went from 1.25 GB to 1.25 GB.
Total: 27.389625 ms (FindLiveObjects: 1.502542 ms CreateObjectMapping: 0.139583 ms MarkObjects: 24.636125 ms  DeleteObjects: 1.110875 ms)

Prepare: number of updated asset objects reloaded= 0
AssetImportParameters requested are different than current active one (requested -> active):
  custom:container-demuxer-ogg: 62fdf1f143b41e24485cea50d1cbac27 -> 
  custom:scripting/monoscript/fileName/GameCustom.cs: 01a349434af836614ef8402de38aed64 -> 
  custom:container-muxer-webm: aa71ff27fc2769a1b78a27578f13a17b -> 
  custom:video-decoder-webm-vp8: 9c59270c3fd7afecdb556c50c9e8de78 -> 
  custom:SearchIndexIgnoredProperties: e643bd26f0fe6173181afceb89e7c659 -> 
  custom:AudioImporter_EditorPlatform: 3918e3fc78b5a79bad01e8451be0beb8 -> 
  custom:audio-decoder-ogg-vorbis: bf7c407c2cedff20999df2af8eb42d56 -> 
  custom:audio-encoder-webm-vorbis: bf7c407c2cedff20999df2af8eb42d56 -> 
  custom:scripting/precompiled-assembly-types:Assembly-CSharp: 86b54c10fa7313a67d3854f26ea0d0b8 -> dd865f2bf1c65a1c7720113f429c2ed7
  custom:video-decoder-ogg-theora: a1e56fd34408186e4bbccfd4996cb3dc -> 
  custom:CustomObjectIndexerAttribute: 9a22284fe3817be447336de3de66b15e -> 
  custom:container-demuxer-webm: 4f35f7cbe854078d1ac9338744f61a02 -> 
  custom:framework-osx-AVFoundation: e770b220cccbd017edd2c1fefb359320 -> 
  custom:video-encoder-webm-vp8: eb34c28f22e8b96e1ab97ce403110664 -> 
========================================================================
Received Prepare
Caller must complete domain reload
Begin MonoManager ReloadAssembly
Thread 0x16b5c3000 may have been prematurely finalized
Symbol file LoadedFromMemory is not a mono symbol file
- Loaded All Assemblies, in  0.585 seconds
Native extension for Android target not found
Native extension for OSXStandalone target not found
Native extension for WebGL target not found
[Package Manager] Server::EnsureServerProcessIsRunning -- launch failed, reason: Unity was launched with the -noUpm command-line argument
[Package Manager] UpmClient::Send -- Unable to send message (not connected to UPM process).
[Package Manager] Cannot connect to Unity Package Manager local server
[Package Manager] Server::EnsureServerProcessIsRunning -- launch failed, reason: Unity was launched with the -noUpm command-line argument
[Package Manager] UpmClient::Send -- Unable to send message (not connected to UPM process).
[Package Manager] Cannot connect to Unity Package Manager local server
Mono: successfully reloaded assembly
- Finished resetting the current domain, in  1.326 seconds
Domain Reload Profiling: 1914ms
	BeginReloadAssembly (139ms)
		ExecutionOrderSort (0ms)
		DisableScriptedObjects (8ms)
		BackupInstance (0ms)
		ReleaseScriptingObjects (0ms)
		CreateAndSetChildDomain (55ms)
	RebuildCommonClasses (22ms)
	RebuildNativeTypeToScriptingClass (9ms)
	initialDomainReloadingComplete (25ms)
	LoadAllAssembliesAndSetupDomain (393ms)
		LoadAssemblies (376ms)
		RebuildTransferFunctionScriptingTraits (0ms)
		AnalyzeDomain (60ms)
			TypeCache.Refresh (37ms)
				TypeCache.ScanAssembly (0ms)
			ScanForSourceGeneratedMonoScriptInfo (0ms)
			ResolveRequiredComponents (21ms)
	FinalizeReload (1326ms)
		ReleaseScriptCaches (0ms)
		RebuildScriptCaches (0ms)
		SetupLoadedEditorAssemblies (497ms)
			LogAssemblyErrors (0ms)
			InitializePlatformSupportModulesInManaged (12ms)
			SetLoadedEditorAssemblies (10ms)
			RefreshPlugins (0ms)
			BeforeProcessingInitializeOnLoad (68ms)
			ProcessInitializeOnLoadAttributes (375ms)
			ProcessInitializeOnLoadMethodAttributes (31ms)
			AfterProcessingInitializeOnLoad (1ms)
			EditorAssembliesLoaded (0ms)
		ExecutionOrderSort2 (0ms)
		AwakeInstancesAfterBackupRestoration (5ms)
Shader 'TextMeshPro/Distance Field (UIHsvModifier)': fallback shader 'TextMeshPro/Mobile/Distance Field (UIHsv)' not found
Shader 'TextMeshPro/Distance Field (UIHsvModifier)': fallback shader 'TextMeshPro/Mobile/Distance Field (UIHsv)' not found
Refreshing native plugins compatible for Editor in 25.57 ms, found 3 plugins.
Preloading 0 native plugins for Editor in 0.00 ms.
Unloading 6644 Unused Serialized files (Serialized files now loaded: 0)
Unloading 70 unused Assets / (1.9 MB). Loaded Objects now: 7805.
Memory consumption went from 1.36 GB to 1.36 GB.
Total: 5.665500 ms (FindLiveObjects: 0.320083 ms CreateObjectMapping: 0.092083 ms MarkObjects: 4.372709 ms  DeleteObjects: 0.879959 ms)

Prepare: number of updated asset objects reloaded= 0
AssetImportParameters requested are different than current active one (requested -> active):
  custom:container-demuxer-ogg: 62fdf1f143b41e24485cea50d1cbac27 -> 
  custom:scripting/monoscript/fileName/GameCustom.cs: 01a349434af836614ef8402de38aed64 -> 
  custom:container-muxer-webm: aa71ff27fc2769a1b78a27578f13a17b -> 
  custom:video-decoder-webm-vp8: 9c59270c3fd7afecdb556c50c9e8de78 -> 
  custom:SearchIndexIgnoredProperties: e643bd26f0fe6173181afceb89e7c659 -> 
  custom:AudioImporter_EditorPlatform: 3918e3fc78b5a79bad01e8451be0beb8 -> 
  custom:audio-decoder-ogg-vorbis: bf7c407c2cedff20999df2af8eb42d56 -> 
  custom:audio-encoder-webm-vorbis: bf7c407c2cedff20999df2af8eb42d56 -> 
  custom:scripting/precompiled-assembly-types:Assembly-CSharp: 86b54c10fa7313a67d3854f26ea0d0b8 -> dd865f2bf1c65a1c7720113f429c2ed7
  custom:video-decoder-ogg-theora: a1e56fd34408186e4bbccfd4996cb3dc -> 
  custom:CustomObjectIndexerAttribute: 9a22284fe3817be447336de3de66b15e -> 
  custom:container-demuxer-webm: 4f35f7cbe854078d1ac9338744f61a02 -> 
  custom:framework-osx-AVFoundation: e770b220cccbd017edd2c1fefb359320 -> 
  custom:video-encoder-webm-vp8: eb34c28f22e8b96e1ab97ce403110664 -> 
========================================================================
Received Prepare
Caller must complete domain reload
Begin MonoManager ReloadAssembly
Thread 0x16b5c3000 may have been prematurely finalized
Symbol file LoadedFromMemory is not a mono symbol file
- Loaded All Assemblies, in  0.621 seconds
Native extension for Android target not found
Native extension for OSXStandalone target not found
Native extension for WebGL target not found
[Package Manager] Server::EnsureServerProcessIsRunning -- launch failed, reason: Unity was launched with the -noUpm command-line argument
[Package Manager] UpmClient::Send -- Unable to send message (not connected to UPM process).
[Package Manager] Cannot connect to Unity Package Manager local server
[Package Manager] Server::EnsureServerProcessIsRunning -- launch failed, reason: Unity was launched with the -noUpm command-line argument
[Package Manager] UpmClient::Send -- Unable to send message (not connected to UPM process).
[Package Manager] Cannot connect to Unity Package Manager local server
Mono: successfully reloaded assembly
- Finished resetting the current domain, in  1.653 seconds
Domain Reload Profiling: 2274ms
	BeginReloadAssembly (136ms)
		ExecutionOrderSort (0ms)
		DisableScriptedObjects (11ms)
		BackupInstance (0ms)
		ReleaseScriptingObjects (0ms)
		CreateAndSetChildDomain (59ms)
	RebuildCommonClasses (22ms)
	RebuildNativeTypeToScriptingClass (9ms)
	initialDomainReloadingComplete (33ms)
	LoadAllAssembliesAndSetupDomain (422ms)
		LoadAssemblies (344ms)
		RebuildTransferFunctionScriptingTraits (0ms)
		AnalyzeDomain (114ms)
			TypeCache.Refresh (69ms)
				TypeCache.ScanAssembly (16ms)
			ScanForSourceGeneratedMonoScriptInfo (37ms)
			ResolveRequiredComponents (8ms)
	FinalizeReload (1653ms)
		ReleaseScriptCaches (0ms)
		RebuildScriptCaches (0ms)
		SetupLoadedEditorAssemblies (491ms)
			LogAssemblyErrors (0ms)
			InitializePlatformSupportModulesInManaged (11ms)
			SetLoadedEditorAssemblies (4ms)
			RefreshPlugins (0ms)
			BeforeProcessingInitializeOnLoad (55ms)
			ProcessInitializeOnLoadAttributes (387ms)
			ProcessInitializeOnLoadMethodAttributes (32ms)
			AfterProcessingInitializeOnLoad (1ms)
			EditorAssembliesLoaded (1ms)
		ExecutionOrderSort2 (0ms)
		AwakeInstancesAfterBackupRestoration (7ms)
Shader 'TextMeshPro/Distance Field (UIHsvModifier)': fallback shader 'TextMeshPro/Mobile/Distance Field (UIHsv)' not found
Shader 'TextMeshPro/Distance Field (UIHsvModifier)': fallback shader 'TextMeshPro/Mobile/Distance Field (UIHsv)' not found
Refreshing native plugins compatible for Editor in 27.44 ms, found 3 plugins.
Preloading 0 native plugins for Editor in 0.00 ms.
Unloading 6644 Unused Serialized files (Serialized files now loaded: 0)
Unloading 70 unused Assets / (1.9 MB). Loaded Objects now: 7809.
Memory consumption went from 1.37 GB to 1.37 GB.
Total: 4.862458 ms (FindLiveObjects: 0.433000 ms CreateObjectMapping: 0.103083 ms MarkObjects: 3.392000 ms  DeleteObjects: 0.933792 ms)

Prepare: number of updated asset objects reloaded= 0
AssetImportParameters requested are different than current active one (requested -> active):
  custom:container-demuxer-ogg: 62fdf1f143b41e24485cea50d1cbac27 -> 
  custom:scripting/monoscript/fileName/GameCustom.cs: 654aa69ef65a773270831a45d6bde7d2 -> 
  custom:container-muxer-webm: aa71ff27fc2769a1b78a27578f13a17b -> 
  custom:video-decoder-webm-vp8: 9c59270c3fd7afecdb556c50c9e8de78 -> 
  custom:SearchIndexIgnoredProperties: e643bd26f0fe6173181afceb89e7c659 -> 
  custom:AudioImporter_EditorPlatform: 3918e3fc78b5a79bad01e8451be0beb8 -> 
  custom:audio-decoder-ogg-vorbis: bf7c407c2cedff20999df2af8eb42d56 -> 
  custom:audio-encoder-webm-vorbis: bf7c407c2cedff20999df2af8eb42d56 -> 
  custom:scripting/precompiled-assembly-types:Assembly-CSharp: 129498cfe83e01885d94db438a61be95 -> dd865f2bf1c65a1c7720113f429c2ed7
  custom:video-decoder-ogg-theora: a1e56fd34408186e4bbccfd4996cb3dc -> 
  custom:CustomObjectIndexerAttribute: 9a22284fe3817be447336de3de66b15e -> 
  custom:container-demuxer-webm: 4f35f7cbe854078d1ac9338744f61a02 -> 
  custom:framework-osx-AVFoundation: e770b220cccbd017edd2c1fefb359320 -> 
  custom:video-encoder-webm-vp8: eb34c28f22e8b96e1ab97ce403110664 -> 
========================================================================
Received Prepare
Caller must complete domain reload
Begin MonoManager ReloadAssembly
Thread 0x16b5c3000 may have been prematurely finalized
Symbol file LoadedFromMemory is not a mono symbol file
- Loaded All Assemblies, in  0.504 seconds
Native extension for Android target not found
Native extension for OSXStandalone target not found
Native extension for WebGL target not found
[Package Manager] Server::EnsureServerProcessIsRunning -- launch failed, reason: Unity was launched with the -noUpm command-line argument
[Package Manager] UpmClient::Send -- Unable to send message (not connected to UPM process).
[Package Manager] Cannot connect to Unity Package Manager local server
[Package Manager] Server::EnsureServerProcessIsRunning -- launch failed, reason: Unity was launched with the -noUpm command-line argument
[Package Manager] UpmClient::Send -- Unable to send message (not connected to UPM process).
[Package Manager] Cannot connect to Unity Package Manager local server
Mono: successfully reloaded assembly
- Finished resetting the current domain, in  1.488 seconds
Domain Reload Profiling: 1993ms
	BeginReloadAssembly (140ms)
		ExecutionOrderSort (0ms)
		DisableScriptedObjects (11ms)
		BackupInstance (0ms)
		ReleaseScriptingObjects (0ms)
		CreateAndSetChildDomain (54ms)
	RebuildCommonClasses (20ms)
	RebuildNativeTypeToScriptingClass (8ms)
	initialDomainReloadingComplete (21ms)
	LoadAllAssembliesAndSetupDomain (315ms)
		LoadAssemblies (336ms)
		RebuildTransferFunctionScriptingTraits (0ms)
		AnalyzeDomain (29ms)
			TypeCache.Refresh (19ms)
				TypeCache.ScanAssembly (0ms)
			ScanForSourceGeneratedMonoScriptInfo (0ms)
			ResolveRequiredComponents (9ms)
	FinalizeReload (1489ms)
		ReleaseScriptCaches (0ms)
		RebuildScriptCaches (0ms)
		SetupLoadedEditorAssemblies (540ms)
			LogAssemblyErrors (1ms)
			InitializePlatformSupportModulesInManaged (15ms)
			SetLoadedEditorAssemblies (5ms)
			RefreshPlugins (0ms)
			BeforeProcessingInitializeOnLoad (55ms)
			ProcessInitializeOnLoadAttributes (426ms)
			ProcessInitializeOnLoadMethodAttributes (36ms)
			AfterProcessingInitializeOnLoad (1ms)
			EditorAssembliesLoaded (0ms)
		ExecutionOrderSort2 (0ms)
		AwakeInstancesAfterBackupRestoration (7ms)
Shader 'TextMeshPro/Distance Field (UIHsvModifier)': fallback shader 'TextMeshPro/Mobile/Distance Field (UIHsv)' not found
Shader 'TextMeshPro/Distance Field (UIHsvModifier)': fallback shader 'TextMeshPro/Mobile/Distance Field (UIHsv)' not found
Refreshing native plugins compatible for Editor in 29.31 ms, found 3 plugins.
Preloading 0 native plugins for Editor in 0.00 ms.
Unloading 6644 Unused Serialized files (Serialized files now loaded: 0)
Unloading 70 unused Assets / (1.9 MB). Loaded Objects now: 7813.
Memory consumption went from 1.38 GB to 1.38 GB.
Total: 8.248417 ms (FindLiveObjects: 0.689750 ms CreateObjectMapping: 0.116292 ms MarkObjects: 5.699333 ms  DeleteObjects: 1.741958 ms)

Prepare: number of updated asset objects reloaded= 0
AssetImportParameters requested are different than current active one (requested -> active):
  custom:container-demuxer-ogg: 62fdf1f143b41e24485cea50d1cbac27 -> 
  custom:scripting/monoscript/fileName/GameCustom.cs: 654aa69ef65a773270831a45d6bde7d2 -> 
  custom:container-muxer-webm: aa71ff27fc2769a1b78a27578f13a17b -> 
  custom:video-decoder-webm-vp8: 9c59270c3fd7afecdb556c50c9e8de78 -> 
  custom:SearchIndexIgnoredProperties: e643bd26f0fe6173181afceb89e7c659 -> 
  custom:AudioImporter_EditorPlatform: 3918e3fc78b5a79bad01e8451be0beb8 -> 
  custom:audio-decoder-ogg-vorbis: bf7c407c2cedff20999df2af8eb42d56 -> 
  custom:audio-encoder-webm-vorbis: bf7c407c2cedff20999df2af8eb42d56 -> 
  custom:scripting/precompiled-assembly-types:Assembly-CSharp: 129498cfe83e01885d94db438a61be95 -> dd865f2bf1c65a1c7720113f429c2ed7
  custom:video-decoder-ogg-theora: a1e56fd34408186e4bbccfd4996cb3dc -> 
  custom:CustomObjectIndexerAttribute: 9a22284fe3817be447336de3de66b15e -> 
  custom:container-demuxer-webm: 4f35f7cbe854078d1ac9338744f61a02 -> 
  custom:framework-osx-AVFoundation: e770b220cccbd017edd2c1fefb359320 -> 
  custom:video-encoder-webm-vp8: eb34c28f22e8b96e1ab97ce403110664 -> 
========================================================================
Received Prepare
Caller must complete domain reload
Begin MonoManager ReloadAssembly
Thread 0x16b5c3000 may have been prematurely finalized
Symbol file LoadedFromMemory is not a mono symbol file
- Loaded All Assemblies, in  0.567 seconds
Native extension for Android target not found
Native extension for OSXStandalone target not found
Native extension for WebGL target not found
[Package Manager] Server::EnsureServerProcessIsRunning -- launch failed, reason: Unity was launched with the -noUpm command-line argument
[Package Manager] UpmClient::Send -- Unable to send message (not connected to UPM process).
[Package Manager] Cannot connect to Unity Package Manager local server
[Package Manager] Server::EnsureServerProcessIsRunning -- launch failed, reason: Unity was launched with the -noUpm command-line argument
[Package Manager] UpmClient::Send -- Unable to send message (not connected to UPM process).
[Package Manager] Cannot connect to Unity Package Manager local server
Mono: successfully reloaded assembly
- Finished resetting the current domain, in  1.595 seconds
Domain Reload Profiling: 2163ms
	BeginReloadAssembly (132ms)
		ExecutionOrderSort (0ms)
		DisableScriptedObjects (15ms)
		BackupInstance (0ms)
		ReleaseScriptingObjects (0ms)
		CreateAndSetChildDomain (51ms)
	RebuildCommonClasses (20ms)
	RebuildNativeTypeToScriptingClass (8ms)
	initialDomainReloadingComplete (21ms)
	LoadAllAssembliesAndSetupDomain (386ms)
		LoadAssemblies (313ms)
		RebuildTransferFunctionScriptingTraits (0ms)
		AnalyzeDomain (112ms)
			TypeCache.Refresh (85ms)
				TypeCache.ScanAssembly (13ms)
			ScanForSourceGeneratedMonoScriptInfo (10ms)
			ResolveRequiredComponents (16ms)
	FinalizeReload (1595ms)
		ReleaseScriptCaches (0ms)
		RebuildScriptCaches (0ms)
		SetupLoadedEditorAssemblies (483ms)
			LogAssemblyErrors (0ms)
			InitializePlatformSupportModulesInManaged (10ms)
			SetLoadedEditorAssemblies (5ms)
			RefreshPlugins (0ms)
			BeforeProcessingInitializeOnLoad (53ms)
			ProcessInitializeOnLoadAttributes (382ms)
			ProcessInitializeOnLoadMethodAttributes (32ms)
			AfterProcessingInitializeOnLoad (1ms)
			EditorAssembliesLoaded (0ms)
		ExecutionOrderSort2 (0ms)
		AwakeInstancesAfterBackupRestoration (7ms)
Callback registration failed. Increase kMaxCallback.
Fatal Error! Callback registration failed. Increase kMaxCallback.
Obtained 31 stack frames.
#0  0x00000186756600 in __pthread_kill
#1  0x0000018669b908 in abort
#2  0x00000107443748 in __cxx_global_var_init.3
#3  0x00000105ff60fc in EditorMonoConsole::LogToConsoleImplementation(CppLogEntry&)
#4  0x00000105ff5d2c in EditorMonoConsole::LogToConsoleImplementation(DebugStringToFileData const&)
#5  0x00000105ff7650 in LogToConsoleImplementation(DebugStringToFileData const&)
#6  0x00000106d84bc8 in DebugStringToFilePostprocessedStacktrace(DebugStringToFileData const&)
#7  0x00000106d854b0 in DebugStringToFile(DebugStringToFileData const&)
#8  0x00000105a5ec50 in CallbackArrayBase<void (*)(BuildTargetPlatform), void (*)(void const*, BuildTargetPlatform)>::Register(void (*)(BuildTargetPlatform), void (*)(void const*, BuildTargetPlatform), void const*)
#9  0x00000106524274 in LoadDomainAndUserAssemblies(AssemblyLoadReason)
#10 0x0000010698f5b4 in WorkerDomainReloadV2()
#11 0x000001069f6110 in AssetImportWorkerClient::ReloadMonoDomain(AssetResolver&)
#12 0x00000106a019ac in invocation function for block in AssetImportWorkerClient::HandleMessage(PrepareMessage const&)::$_4::operator()() const
#13 0x000001865dc658 in _dispatch_client_callout
#14 0x000001865ebdb0 in _dispatch_async_and_wait_invoke
#15 0x000001865dc658 in _dispatch_client_callout
#16 0x000001865eaf68 in _dispatch_main_queue_drain
#17 0x000001865eab84 in _dispatch_main_queue_callback_4CF
#18 0x000001868b4e60 in __CFRUNLOOP_IS_SERVICING_THE_MAIN_DISPATCH_QUEUE__
#19 0x00000186874a4c in __CFRunLoopRun
#20 0x00000186873bc4 in CFRunLoopRunSpecific
#21 0x00000191ce3f64 in RunCurrentEventLoopInMode
#22 0x00000191ce9d54 in ReceiveNextEventCommon
#23 0x00000191ce9eb8 in _BlockUntilNextEventMatchingListInModeWithFilter
#24 0x0000018a39fa08 in _DPSNextEvent
#25 0x0000018acdfe0c in -[NSApplication(NSEventRouting) _nextEventMatchingEventMask:untilDate:inMode:dequeue:]
#26 0x0000018a392ae0 in -[NSApplication run]
#27 0x0000018a369364 in NSApplicationMain
#28 0x000001074669a4 in EditorMain(int, char const**)
#29 0x00000107466cd0 in main
#30 0x0000018640c274 in start
